{
    "best_loss": [
        8.312526609526881e-05,
        48
    ],
    "loss": [
        0.0005621849222346737,
        0.00045812027014704065,
        0.0003554192491847042,
        0.00029711612492349407,
        0.0002573217815842503,
        0.0002286116534903051,
        0.0002088790857526923,
        0.00019403406360714025,
        0.00018602325940259742,
        0.00017499776034515197,
        0.0001659570934958578,
        0.00015784961206076543,
        0.0001510589679549789,
        0.00014529299185834016,
        0.00014057647744438107,
        0.00013648202935503332,
        0.00013280235824295175,
        0.00012900296534539506,
        0.00012656791051536155,
        0.00012317299903943257,
        0.00011894459301822603,
        0.0001225466210456083,
        0.00011509037369216297,
        0.00011217286476958246,
        0.00011031883798365818,
        0.00010894335505177542,
        0.00010586622102001646,
        0.00010595942542442315,
        0.00010396108215957216,
        0.00010224686822153268,
        0.00010114228838842612,
        9.942582832755025e-05,
        9.859684790828544e-05,
        9.810605051140632e-05,
        9.536636744347852e-05,
        9.420004420595743e-05,
        9.342743788622635e-05,
        9.393545371720523e-05,
        9.216920000539001e-05,
        9.076446787667019e-05,
        8.994820331752178e-05,
        8.851216667050778e-05,
        8.845868500254255e-05,
        8.879487392799248e-05,
        8.661936707031733e-05,
        8.621876511984768e-05,
        8.430731144267325e-05,
        8.38751250509225e-05,
        8.312526609526881e-05,
        8.329988275417586e-05
    ],
    "svm_test": [
        0.9517651515151515,
        0.9706287878787879,
        0.9788863636363636,
        0.9879166666666666,
        0.9890833333333333,
        0.9879166666666667,
        0.9852500000000001,
        0.9904166666666666,
        0.9908333333333335,
        0.9874166666666667,
        0.99125,
        0.9874166666666666,
        0.9894999999999999,
        0.9890833333333333,
        0.9915833333333333,
        0.99375,
        0.9920833333333334,
        0.9929166666666666,
        0.9936666666666667,
        0.9925,
        0.9920833333333333,
        0.9929166666666667,
        0.9954166666666666,
        0.9929166666666666,
        0.99375,
        0.9941666666666665,
        0.9941666666666665,
        0.99375,
        0.9933333333333333,
        0.99375,
        0.9941666666666665,
        0.99375,
        0.9941666666666665,
        0.99375,
        0.995,
        0.9954166666666666,
        0.99375,
        0.9945833333333334,
        0.995,
        0.995,
        0.995,
        0.995,
        0.9945833333333334,
        0.9945833333333334,
        0.9954166666666667,
        0.9958333333333332,
        0.995,
        0.99625,
        0.99625,
        0.9954166666666666
    ],
    "svm_train": [
        1.0,
        1.0,
        1.0,
        1.0,
        1.0,
        1.0,
        1.0,
        1.0,
        1.0,
        1.0,
        1.0,
        1.0,
        1.0,
        1.0,
        1.0,
        1.0,
        1.0,
        1.0,
        1.0,
        1.0,
        1.0,
        1.0,
        1.0,
        1.0,
        1.0,
        1.0,
        1.0,
        1.0,
        1.0,
        1.0,
        1.0,
        1.0,
        1.0,
        1.0,
        1.0,
        1.0,
        1.0,
        1.0,
        1.0,
        1.0,
        1.0,
        1.0,
        1.0,
        1.0,
        1.0,
        1.0,
        1.0,
        1.0,
        1.0,
        1.0
    ],
    "val_loss": [
        0.0004975601875583031,
        0.0003958094008359742,
        0.0003160377201111553,
        0.00027007137198041434,
        0.0002465155374318396,
        0.00021534765211204138,
        0.0002051483810448978,
        0.0001874429172187715,
        0.000177157256145787,
        0.00017656636029844068,
        0.0001604071463146417,
        0.00015825168103498246,
        0.00014964625603923031,
        0.00014475296841007346,
        0.0001428163139356112,
        0.00013597815822005395,
        0.00013696789855117324,
        0.00013360742790250469,
        0.00013156072838915996,
        0.0001244472910878067,
        0.000119867507859117,
        0.00012205834243272015,
        0.0001157601737690595,
        0.00011596313149687432,
        0.0001158138090737999,
        0.00011381373743299928,
        0.00010913775990421088,
        0.00010908917092349487,
        0.00011015224940824046,
        0.00010730070956202423,
        0.0001050849000263155,
        0.00010376149730044366,
        0.00010433909957209465,
        0.00010240557697465156,
        0.00010167667384892725,
        9.901573148924751e-05,
        9.912397419505352e-05,
        9.703730735900173e-05,
        0.00010026702800639443,
        9.712148684375557e-05,
        9.786294657521565e-05,
        9.766550051180513e-05,
        9.585942912358431e-05,
        9.328306379118395e-05,
        9.863762202207789e-05,
        9.464282332939286e-05,
        9.069945731344835e-05,
        9.066562234555183e-05,
        9.291503212392564e-05,
        8.974542278468418e-05
    ]
}