{
    "best_loss": [
        8.017088749431407e-05,
        49
    ],
    "loss": [
        0.0005645744630317318,
        0.00045863401572751367,
        0.00036616233656600646,
        0.00029797576608463195,
        0.00025435775980560264,
        0.0002297291666845083,
        0.00021295824612457254,
        0.00019470803545909408,
        0.00018486940079247174,
        0.00017500234282195808,
        0.00017090317018096527,
        0.00015981072992467138,
        0.0001525687388509111,
        0.00014417710078757726,
        0.00014098500637552372,
        0.00013614937904797501,
        0.00013202236481860263,
        0.00012839029367861545,
        0.00012426805437551385,
        0.00012283548826306332,
        0.00011863456450903705,
        0.00011706960984634844,
        0.00011404335520352204,
        0.00011227481303560525,
        0.00011019272691515163,
        0.00010857484089071129,
        0.00010570022254386742,
        0.00010312517624466175,
        0.00010392070526747508,
        0.00010120434423619466,
        0.00010002908761649366,
        9.926580690938292e-05,
        9.838717208233537e-05,
        9.594779446468494e-05,
        9.395226859104892e-05,
        9.343816994685454e-05,
        9.337362827086764e-05,
        9.091756704598192e-05,
        9.060544259651156e-05,
        8.766801744128636e-05,
        8.85752668535245e-05,
        8.692947013993982e-05,
        8.615070003476675e-05,
        8.560264302576395e-05,
        8.368560457814481e-05,
        8.38164617221685e-05,
        8.230709302697621e-05,
        8.20584978182649e-05,
        8.117439375495516e-05,
        8.017088749431407e-05
    ],
    "svm_test": [
        0.9516363636363636,
        0.9681186868686867,
        0.979719696969697,
        0.980840909090909,
        0.9851944444444445,
        0.9874898989898989,
        0.9861666666666667,
        0.9894166666666666,
        0.9884999999999999,
        0.9922500000000001,
        0.9890000000000001,
        0.9926666666666668,
        0.9906287878787878,
        0.9901666666666666,
        0.991,
        0.9901666666666666,
        0.9909621212121212,
        0.9940000000000001,
        0.9931666666666666,
        0.9906287878787878,
        0.9923333333333333,
        0.99275,
        0.9939999999999999,
        0.9928333333333333,
        0.9932499999999999,
        0.9936666666666667,
        0.9940833333333333,
        0.9940833333333333,
        0.9927499999999999,
        0.9953333333333333,
        0.9953333333333333,
        0.9940833333333333,
        0.9940833333333333,
        0.9936666666666666,
        0.9952500000000001,
        0.9949166666666666,
        0.9936666666666666,
        0.9935833333333334,
        0.9932500000000001,
        0.9953333333333333,
        0.9940833333333333,
        0.9931666666666666,
        0.9957499999999999,
        0.9949166666666666,
        0.9940833333333333,
        0.9940833333333333,
        0.99375,
        0.9928333333333333,
        0.9931666666666666,
        0.9932499999999999
    ],
    "svm_train": [
        1.0,
        1.0,
        1.0,
        1.0,
        1.0,
        1.0,
        1.0,
        1.0,
        1.0,
        1.0,
        1.0,
        1.0,
        1.0,
        1.0,
        1.0,
        1.0,
        1.0,
        1.0,
        1.0,
        1.0,
        1.0,
        1.0,
        1.0,
        1.0,
        1.0,
        1.0,
        1.0,
        1.0,
        1.0,
        1.0,
        1.0,
        1.0,
        1.0,
        1.0,
        1.0,
        1.0,
        1.0,
        1.0,
        1.0,
        1.0,
        1.0,
        1.0,
        1.0,
        1.0,
        1.0,
        1.0,
        1.0,
        1.0,
        1.0,
        1.0
    ],
    "val_loss": [
        0.0005039342757483488,
        0.00040573502185361885,
        0.00032774137630837513,
        0.0002738629710736927,
        0.00023892376988283355,
        0.00023667539469749636,
        0.00020405763738831715,
        0.00019787584729024634,
        0.00018476207224536447,
        0.00017148396069384587,
        0.00017080017687360645,
        0.00015757770751367154,
        0.00015075385872524648,
        0.00014565291585822522,
        0.00014133940111820848,
        0.00013581377419444042,
        0.0001354326653849978,
        0.0001304288702524023,
        0.00012623274307247754,
        0.00012576325287881677,
        0.00012270889025250848,
        0.00012262555945668002,
        0.00011714584986715593,
        0.00011702146750133867,
        0.00011429858681524845,
        0.00011129885280074906,
        0.00011029821230136916,
        0.00010961830210469133,
        0.00010866870541019686,
        0.00011118190348904898,
        0.00010934720686669449,
        0.00010626388736082236,
        0.00010498965282879448,
        0.00010160827638525705,
        0.00010175826120435397,
        0.00010193421581693498,
        9.752147266546665e-05,
        0.00010116315360815542,
        9.760586383800513e-05,
        9.581939088034723e-05,
        9.633642879668805e-05,
        9.493690351497436e-05,
        9.433187719635339e-05,
        9.440795415249141e-05,
        9.106236256560685e-05,
        9.206100946494304e-05,
        8.998108262181768e-05,
        8.936263569755096e-05,
        9.023594304459506e-05,
        8.779823604992498e-05
    ]
}