{
    "best_loss": [
        8.144269129087307e-05,
        49
    ],
    "loss": [
        0.0005480939245050474,
        0.00042851884705671293,
        0.00033677596635158516,
        0.00028602319659318574,
        0.0002533981637886754,
        0.00023262239433380588,
        0.00021452141756501467,
        0.00019928623820259506,
        0.00018725712459079116,
        0.00018025538472699206,
        0.00017022685897052643,
        0.000163848808443634,
        0.0001569259632064014,
        0.00015141408431737795,
        0.00014797532028226775,
        0.0001445940433120432,
        0.00013839188709912855,
        0.00013593845147491865,
        0.0001313819921136491,
        0.00012521243962883448,
        0.00012221368250569422,
        0.00011927705420593979,
        0.00011533795589313735,
        0.00011443602744965693,
        0.00011213074244238082,
        0.00011079212553931987,
        0.00010835788615664205,
        0.00010598120166188549,
        0.00010450326380888267,
        0.00010566882295820423,
        0.0001013893725311982,
        9.869529137098747e-05,
        9.749437826491788e-05,
        9.607908686837537e-05,
        9.697855430368031e-05,
        9.326956884909327e-05,
        9.311041198752342e-05,
        9.136135326471271e-05,
        9.044387584210453e-05,
        9.013969617201241e-05,
        8.822782701219621e-05,
        8.776070407682127e-05,
        8.616066843001883e-05,
        8.5876312483747e-05,
        8.484987206521275e-05,
        8.419085148211335e-05,
        8.358217769865122e-05,
        8.325838878885858e-05,
        8.278517635070796e-05,
        8.144269129087307e-05
    ],
    "svm_test": [
        0.9578181818181818,
        0.9696893939393939,
        0.9815530303030303,
        0.9838560606060607,
        0.9902196969696969,
        0.9902272727272728,
        0.9936363636363638,
        0.9936742424242425,
        0.9919696969696971,
        0.9915530303030303,
        0.9911363636363636,
        0.9924242424242423,
        0.9916666666666667,
        0.9924621212121213,
        0.9924621212121213,
        0.9920075757575756,
        0.992340909090909,
        0.9932954545454545,
        0.9932954545454544,
        0.9920075757575756,
        0.9933333333333333,
        0.9954166666666666,
        0.9932954545454544,
        0.9945075757575756,
        0.9937121212121213,
        0.9954166666666666,
        0.9953787878787879,
        0.9953787878787879,
        0.9958333333333335,
        0.9949621212121212,
        0.9962121212121211,
        0.9962121212121212,
        0.9958333333333335,
        0.9949621212121212,
        0.9949621212121212,
        0.9957954545454545,
        0.9957575757575757,
        0.9957954545454545,
        0.9966287878787878,
        0.9948863636363636,
        0.9953030303030304,
        0.9966287878787878,
        0.9966287878787878,
        0.9957954545454545,
        0.9962121212121212,
        0.9949621212121212,
        0.9961742424242425,
        0.9949242424242424,
        0.9957575757575756,
        0.9957954545454544
    ],
    "svm_train": [
        1.0,
        1.0,
        1.0,
        1.0,
        1.0,
        1.0,
        1.0,
        1.0,
        1.0,
        1.0,
        1.0,
        1.0,
        1.0,
        1.0,
        1.0,
        1.0,
        1.0,
        1.0,
        1.0,
        1.0,
        1.0,
        1.0,
        1.0,
        1.0,
        1.0,
        1.0,
        1.0,
        1.0,
        1.0,
        1.0,
        1.0,
        1.0,
        1.0,
        1.0,
        1.0,
        1.0,
        1.0,
        1.0,
        1.0,
        1.0,
        1.0,
        1.0,
        1.0,
        1.0,
        1.0,
        1.0,
        1.0,
        1.0,
        1.0,
        1.0
    ],
    "val_loss": [
        0.00046956900130417056,
        0.000369695640329834,
        0.00030469915258285034,
        0.00026697436734864945,
        0.00024070890358292939,
        0.00022175116263311418,
        0.0002125382357219904,
        0.00019240355279019768,
        0.00018357497474217772,
        0.00017821062675659862,
        0.00016859939741128716,
        0.00016521144061390014,
        0.0001545091720686576,
        0.00015002494463930104,
        0.0001562641743064816,
        0.0001436786899678654,
        0.00013880758223459963,
        0.00013939914935846292,
        0.00013078677499006431,
        0.0001288463040012108,
        0.00012486343071413874,
        0.00012195596247015875,
        0.000121334887228087,
        0.00012022583016515904,
        0.00011624441103283213,
        0.00011949921048055162,
        0.00011475033712575522,
        0.00011293548486626804,
        0.00010961529866467799,
        0.00011079134518548015,
        0.00010746584749780398,
        0.00010551350353466563,
        0.00010488554321250588,
        0.00010464638758321791,
        0.00010157063917100487,
        9.959567398410701e-05,
        9.914028098609454e-05,
        9.743379666034544e-05,
        0.00010199114346472496,
        9.720444127694531e-05,
        9.477176670237042e-05,
        9.462037432181078e-05,
        9.536886122127074e-05,
        9.353201766685994e-05,
        9.273888807725225e-05,
        9.16356565137994e-05,
        9.123079555980628e-05,
        9.206026020793377e-05,
        8.942611934725776e-05,
        8.95167943675733e-05
    ]
}