{
    "best_loss": [
        7.899382374473786e-05,
        48
    ],
    "loss": [
        0.0005563068499918698,
        0.0004424431831609999,
        0.0003469889935047973,
        0.0003025969087997754,
        0.0002639209235600247,
        0.00023768217332120046,
        0.00021719778163741774,
        0.00019959792692467596,
        0.00018540773767035965,
        0.00017536011024854418,
        0.00016508179292549238,
        0.0001590731785628942,
        0.0001510073304872872,
        0.00014638431187932754,
        0.00013967453585476944,
        0.00013758246264251685,
        0.00013155542564318985,
        0.00012832984138778748,
        0.0001244083176653709,
        0.00012130709035042382,
        0.00011848436759384826,
        0.0001153845717246177,
        0.00011236168206311294,
        0.00010995159818644183,
        0.0001093272332070966,
        0.00010698162890769156,
        0.00010439814644976021,
        0.00010268343382877998,
        0.00010215588621857144,
        0.00010031794016189116,
        9.837969153386115e-05,
        9.734242930983898e-05,
        9.439099679797486e-05,
        9.319344288700016e-05,
        9.227674656257944e-05,
        9.144985968667094e-05,
        9.075550527749502e-05,
        8.92968819537001e-05,
        8.841447936149617e-05,
        8.64475956718736e-05,
        8.5639006628149e-05,
        8.519585795142408e-05,
        8.469740986519413e-05,
        8.391626709219073e-05,
        8.258312549814344e-05,
        8.172801785741839e-05,
        8.135346057280177e-05,
        7.924526459299703e-05,
        7.899382374473786e-05,
        7.926238244939721e-05
    ],
    "svm_test": [
        0.968459595959596,
        0.9769696969696969,
        0.9873409090909091,
        0.9835454545454546,
        0.9891287878787878,
        0.9895454545454547,
        0.9886742424242425,
        0.9907954545454547,
        0.9924621212121213,
        0.9932954545454545,
        0.9903787878787879,
        0.9924621212121211,
        0.9924621212121213,
        0.9920454545454546,
        0.9929166666666666,
        0.99375,
        0.99375,
        0.9945833333333333,
        0.9933333333333333,
        0.9933333333333334,
        0.9933333333333334,
        0.99375,
        0.9945833333333333,
        0.9933333333333333,
        0.9929166666666666,
        0.99375,
        0.9929166666666666,
        0.9925,
        0.9924621212121213,
        0.9933333333333334,
        0.9928787878787879,
        0.9933333333333334,
        0.99375,
        0.9937121212121213,
        0.9941666666666668,
        0.9933333333333334,
        0.99375,
        0.99375,
        0.9933333333333334,
        0.99375,
        0.9933333333333333,
        0.99375,
        0.99375,
        0.99375,
        0.9945833333333334,
        0.9941666666666665,
        0.9945833333333333,
        0.9954166666666667,
        0.995,
        0.995
    ],
    "svm_train": [
        1.0,
        1.0,
        1.0,
        1.0,
        1.0,
        1.0,
        1.0,
        1.0,
        1.0,
        1.0,
        1.0,
        1.0,
        1.0,
        1.0,
        1.0,
        1.0,
        1.0,
        1.0,
        1.0,
        1.0,
        1.0,
        1.0,
        1.0,
        1.0,
        1.0,
        1.0,
        1.0,
        1.0,
        1.0,
        1.0,
        1.0,
        1.0,
        1.0,
        1.0,
        1.0,
        1.0,
        1.0,
        1.0,
        1.0,
        1.0,
        1.0,
        1.0,
        1.0,
        1.0,
        1.0,
        1.0,
        1.0,
        1.0,
        1.0,
        1.0
    ],
    "val_loss": [
        0.00048500157016600923,
        0.0003799584743202896,
        0.00031871491997499977,
        0.0002748781027157558,
        0.0002462208369018974,
        0.00022224740579737746,
        0.00020763005314988121,
        0.00019063038382678037,
        0.000191471463140542,
        0.00016864975031859829,
        0.0001610658416478299,
        0.00015669180921848474,
        0.00014711604425099814,
        0.00014469485642164425,
        0.00013919116412886088,
        0.00013590862871765873,
        0.0001318206554979594,
        0.00012960443740181536,
        0.00012760066244443805,
        0.00012680055626135004,
        0.00011907858768089623,
        0.00011884198610937182,
        0.00011394660061100927,
        0.00011204296860032002,
        0.00011033549954634441,
        0.00010781912741722088,
        0.0001099648663279133,
        0.00011632786007793335,
        0.00010355733502442357,
        0.0001015673316890705,
        0.00010167611338609911,
        0.00010052775996072375,
        9.735208801456657e-05,
        9.789849845982442e-05,
        9.739124097661907e-05,
        9.521143016715878e-05,
        9.344148067471512e-05,
        9.368141211278296e-05,
        9.512867368455943e-05,
        9.14938484077673e-05,
        9.024765150070129e-05,
        9.098800986903586e-05,
        8.96598944955833e-05,
        8.951591309548704e-05,
        8.933749824604687e-05,
        9.036119763492352e-05,
        9.098443998849987e-05,
        8.560265772997713e-05,
        8.785550043457668e-05,
        8.634681399692542e-05
    ]
}