{
    "best_loss": [
        8.208476780012197e-05,
        49
    ],
    "loss": [
        0.0005625342068339621,
        0.0004595440569993242,
        0.000352645121365831,
        0.0002952377423005146,
        0.00025319667384567616,
        0.0002282492175765851,
        0.00021291632653109262,
        0.0001966863318731126,
        0.00018271678360555556,
        0.00017436213967073465,
        0.00016395337571615718,
        0.00015737772483158483,
        0.00015061815054377928,
        0.00014586288957079818,
        0.00014228220442208015,
        0.0001367565213317292,
        0.0001361216877391316,
        0.00012916230240869278,
        0.00012597438888649245,
        0.00012277129252764193,
        0.00012043511681158693,
        0.00011682724409329146,
        0.0001155239118491685,
        0.00011254207478380467,
        0.00011090630795239198,
        0.00010917743003176342,
        0.00010791310059121977,
        0.00010640755552096167,
        0.00010291317371491948,
        0.00010370866509448767,
        0.00010046341749612727,
        9.953153754658974e-05,
        9.89603543189682e-05,
        9.662909912682739e-05,
        9.593004268771245e-05,
        9.379795218073602e-05,
        9.463253264234475e-05,
        9.189664083450902e-05,
        9.081780352637152e-05,
        8.950567831871732e-05,
        8.901750879828232e-05,
        8.768070985630571e-05,
        8.676045338599699e-05,
        8.624560396279241e-05,
        8.553244506219559e-05,
        8.479985866196751e-05,
        8.405161120542657e-05,
        8.33797802895244e-05,
        8.26632304694235e-05,
        8.208476780012197e-05
    ],
    "svm_test": [
        0.9600606060606061,
        0.976310606060606,
        0.9815454545454546,
        0.9883333333333334,
        0.9879166666666667,
        0.98875,
        0.9870833333333334,
        0.99125,
        0.9911666666666666,
        0.9920833333333334,
        0.9933333333333334,
        0.99375,
        0.9954166666666666,
        0.9941666666666665,
        0.9920454545454547,
        0.99375,
        0.9941666666666668,
        0.9958333333333332,
        0.9929166666666666,
        0.9945833333333333,
        0.9954166666666666,
        0.995,
        0.9933333333333333,
        0.9945833333333334,
        0.9945833333333333,
        0.99375,
        0.99375,
        0.9933333333333333,
        0.9945833333333334,
        0.99375,
        0.9941666666666665,
        0.9958333333333332,
        0.995,
        0.9945833333333333,
        0.9958333333333332,
        0.9954166666666666,
        0.9941666666666665,
        0.9958333333333332,
        0.9954166666666667,
        0.9966666666666666,
        0.9958333333333332,
        0.99625,
        0.9945833333333334,
        0.99625,
        0.9966666666666666,
        0.9954166666666666,
        0.9954166666666667,
        0.9954166666666667,
        0.9958333333333332,
        0.99625
    ],
    "svm_train": [
        1.0,
        1.0,
        1.0,
        1.0,
        1.0,
        1.0,
        1.0,
        1.0,
        1.0,
        1.0,
        1.0,
        1.0,
        1.0,
        1.0,
        1.0,
        1.0,
        1.0,
        1.0,
        1.0,
        1.0,
        1.0,
        1.0,
        1.0,
        1.0,
        1.0,
        1.0,
        1.0,
        1.0,
        1.0,
        1.0,
        1.0,
        1.0,
        1.0,
        1.0,
        1.0,
        1.0,
        1.0,
        1.0,
        1.0,
        1.0,
        1.0,
        1.0,
        1.0,
        1.0,
        1.0,
        1.0,
        1.0,
        1.0,
        1.0,
        1.0
    ],
    "val_loss": [
        0.0004984107539165404,
        0.00039266473018267147,
        0.00031643763105916454,
        0.00026992240307568526,
        0.00023554347720831684,
        0.00021721206805691491,
        0.00020373608464400623,
        0.00018601090826249634,
        0.00017603624134207335,
        0.00016715975725766679,
        0.00015911928081426037,
        0.00015847728601812931,
        0.0001496108296294892,
        0.00014352330069904607,
        0.00014280724564979527,
        0.0001382144364423846,
        0.00013422401069915755,
        0.00013204927776106837,
        0.00013119407186535964,
        0.00012303237664070942,
        0.00012245209947436665,
        0.00012014469361657476,
        0.00011837010406969529,
        0.00011790066715616849,
        0.000120862297969406,
        0.0001112408713484983,
        0.00011092466791745692,
        0.0001094420112691052,
        0.00010677417577728377,
        0.00010941601035828825,
        0.00010688631604338186,
        0.00010463553541061368,
        0.0001040675373874189,
        0.00010103512971655465,
        9.958981874350582e-05,
        9.814209877405183e-05,
        9.804304850517997e-05,
        9.710147254119892e-05,
        9.79058652727566e-05,
        9.595869357670402e-05,
        9.796465754775785e-05,
        9.398199255330473e-05,
        9.613938714061675e-05,
        9.34685692532171e-05,
        9.43835658168161e-05,
        9.247558300882142e-05,
        9.224580097906006e-05,
        9.465183233426873e-05,
        9.186076711555374e-05,
        9.039104089344779e-05
    ]
}