{
    "best_loss": [
        9.32047651676473e-05,
        48
    ],
    "loss": [
        0.0008498609693639952,
        0.000613854752721666,
        0.0004517444374184455,
        0.00036444420160129193,
        0.00031684580649627515,
        0.0002896104841199254,
        0.0002653084238010932,
        0.00023868996557391476,
        0.00022573408729733538,
        0.00021399241187096171,
        0.00020141476537012084,
        0.00018878812062633564,
        0.00018065203874594653,
        0.00017515682181220478,
        0.0001688270932731336,
        0.00016389827803283443,
        0.00015906429224156736,
        0.00015532893316278556,
        0.00015164190192962676,
        0.0001478659138418013,
        0.00014500119337900458,
        0.0001426256198435034,
        0.00014016018167924737,
        0.00013620094358212436,
        0.0001337710377320248,
        0.0001314462171782308,
        0.00012928462306875538,
        0.00012560821982611205,
        0.00012368574575360563,
        0.00012123357164464873,
        0.000118307984668442,
        0.0001176074513012972,
        0.00011622768190757531,
        0.00011496573397660113,
        0.00011291196189567936,
        0.00011150254910253284,
        0.00010986717962475952,
        0.00010954772392502657,
        0.00010736942431563067,
        0.00010610839926002178,
        0.00010524681070387415,
        0.0001056499798575511,
        0.00010415609227061323,
        0.00010252043481769035,
        0.00010025144441654236,
        9.82901813822363e-05,
        9.504039199963066e-05,
        9.526989654766757e-05,
        9.32047651676473e-05,
        9.350927821393861e-05
    ],
    "svm_test": [
        0.9852272727272726,
        0.9898030303030303,
        0.9928787878787878,
        0.992840909090909,
        0.9945833333333333,
        0.9958333333333332,
        0.9948863636363636,
        0.9957196969696969,
        0.992348484848485,
        0.9948484848484849,
        0.9940530303030303,
        0.9935606060606061,
        0.992348484848485,
        0.9940151515151515,
        0.9949621212121212,
        0.9940530303030303,
        0.9944318181818181,
        0.9953030303030304,
        0.9944318181818183,
        0.9948863636363637,
        0.9945075757575758,
        0.9945075757575758,
        0.9957196969696969,
        0.9965909090909091,
        0.9957954545454545,
        0.9966287878787878,
        0.9962121212121212,
        0.9970454545454546,
        0.9957575757575757,
        0.995757575757576,
        0.9979166666666667,
        0.9970454545454546,
        0.9979166666666667,
        0.9979166666666667,
        0.9979166666666667,
        0.9983333333333333,
        0.9979166666666666,
        0.9975,
        0.9979166666666666,
        0.9979166666666667,
        0.9974621212121213,
        0.9975,
        0.9983333333333333,
        0.9970454545454546,
        0.9979166666666667,
        0.9975,
        0.9975,
        0.9970833333333333,
        0.9979166666666667,
        0.9983333333333333
    ],
    "svm_train": [
        1.0,
        1.0,
        1.0,
        1.0,
        1.0,
        1.0,
        1.0,
        1.0,
        1.0,
        1.0,
        1.0,
        1.0,
        1.0,
        1.0,
        1.0,
        1.0,
        1.0,
        1.0,
        1.0,
        1.0,
        1.0,
        1.0,
        1.0,
        1.0,
        1.0,
        1.0,
        1.0,
        1.0,
        1.0,
        1.0,
        1.0,
        1.0,
        1.0,
        1.0,
        1.0,
        1.0,
        1.0,
        1.0,
        1.0,
        1.0,
        1.0,
        1.0,
        1.0,
        1.0,
        1.0,
        1.0,
        1.0,
        1.0,
        1.0,
        1.0
    ],
    "val_loss": [
        0.0007180462084711388,
        0.0005159174509589782,
        0.00040154984966157424,
        0.0003337017917611413,
        0.0002984324851745947,
        0.00029998126575419957,
        0.0002491916172886528,
        0.00023108750950883556,
        0.00022258833484693356,
        0.00021059800445094652,
        0.00019713490662029513,
        0.0001860650065854631,
        0.00017678462690644145,
        0.00017592981961041143,
        0.00016727312388506018,
        0.00017291734472145835,
        0.00015710853210546113,
        0.00015835200748039036,
        0.00015193358354193044,
        0.00015460440931805,
        0.00014644694085346661,
        0.0001476098037155209,
        0.00014096542594395893,
        0.0001406227685524936,
        0.0001347362988112428,
        0.0001347078204045761,
        0.00013793413781073573,
        0.00014210963748419932,
        0.00012483854324249211,
        0.0001229734668002422,
        0.00012065046266073036,
        0.00012048113395233241,
        0.00011960784585973085,
        0.00011951133751473726,
        0.00011567262882991608,
        0.00011453350870735766,
        0.00011233814112576274,
        0.00011089091972022162,
        0.00011353694930432903,
        0.00010892918621092336,
        0.00010922384323985526,
        0.00012117989107621226,
        0.00010903291855122146,
        0.000105591923361498,
        0.0001104604291715904,
        0.00010032643608923092,
        0.00010743399998951194,
        0.00010728140682292283,
        0.00010162127659606934,
        0.00010160972744201177
    ]
}