{
    "best_loss": [
        0.00010076382906887975,
        49
    ],
    "loss": [
        0.0008669293653229814,
        0.0005775363510548634,
        0.00042763403816220737,
        0.000353354316772419,
        0.00030764658708956925,
        0.00027646712884988364,
        0.00025553498590589243,
        0.00024277011317364904,
        0.00022423305286515272,
        0.0002118344074365765,
        0.00020377629390628347,
        0.00019443425918264613,
        0.00018566513861443607,
        0.0001774872659451515,
        0.00017014997033241836,
        0.0001674281373504729,
        0.00016091319895077848,
        0.00015659793478205666,
        0.00015391081974094523,
        0.0001478306120960289,
        0.00014599616630550983,
        0.00014193445522313957,
        0.00013890073809739152,
        0.00013531820630938138,
        0.00013334102332241408,
        0.00013086509512844055,
        0.00013234314299423114,
        0.00012714488504092533,
        0.00012464394685757975,
        0.00012327892585000278,
        0.00012334508005565936,
        0.00011917834038007214,
        0.00012115616286275928,
        0.00011680747744304346,
        0.00011607117606238052,
        0.00011366157097504193,
        0.000113678904052926,
        0.00011166751408715676,
        0.00011032678123377362,
        0.00010862526176623262,
        0.00010875308831110755,
        0.00010791476243275563,
        0.00010682803443710795,
        0.0001048106032892546,
        0.00010512330471521959,
        0.0001030901513695233,
        0.00010216228377296464,
        0.00010230008908152415,
        0.00010115885093854098,
        0.00010076382906887975
    ],
    "svm_test": [
        0.9873787878787879,
        0.9915833333333333,
        0.9922121212121212,
        0.9935075757575759,
        0.9952500000000001,
        0.9952500000000001,
        0.9953333333333333,
        0.9931666666666666,
        0.9940833333333333,
        0.9936666666666666,
        0.9945,
        0.9949166666666668,
        0.9961666666666668,
        0.99575,
        0.9961666666666668,
        0.9940454545454546,
        0.9965833333333333,
        0.9957121212121213,
        0.997,
        0.9974166666666667,
        0.9965454545454545,
        0.997,
        0.9965833333333333,
        0.9974166666666667,
        0.9965454545454545,
        0.997,
        0.9970454545454547,
        0.9969621212121211,
        0.997,
        0.997,
        0.9975,
        0.9978333333333333,
        0.9965833333333333,
        0.997,
        0.9974166666666666,
        0.997,
        0.997,
        0.9965833333333333,
        0.9970833333333333,
        0.9978333333333333,
        0.9978333333333333,
        0.9978333333333333,
        0.9974166666666667,
        0.9975,
        0.997,
        0.997,
        0.9974166666666667,
        0.9974166666666667,
        0.9965833333333333,
        0.9969999999999999
    ],
    "svm_train": [
        1.0,
        1.0,
        1.0,
        1.0,
        1.0,
        1.0,
        1.0,
        1.0,
        1.0,
        1.0,
        1.0,
        1.0,
        1.0,
        1.0,
        1.0,
        1.0,
        1.0,
        1.0,
        1.0,
        1.0,
        1.0,
        1.0,
        1.0,
        1.0,
        1.0,
        1.0,
        1.0,
        1.0,
        1.0,
        1.0,
        1.0,
        1.0,
        1.0,
        1.0,
        1.0,
        1.0,
        1.0,
        1.0,
        1.0,
        1.0,
        1.0,
        1.0,
        1.0,
        1.0,
        1.0,
        1.0,
        1.0,
        1.0,
        1.0,
        1.0
    ],
    "val_loss": [
        0.0007086372344799662,
        0.000471287968322047,
        0.0003877331562621868,
        0.0003243100845615954,
        0.0002890511908022603,
        0.00026476001904616206,
        0.0002533452875094221,
        0.00023479268465414674,
        0.00022033716039890084,
        0.00020742261673624377,
        0.00020076462824610114,
        0.00019320268776637847,
        0.00018502453264963606,
        0.00018297498573748944,
        0.00017357609165681128,
        0.00017180430222343357,
        0.00016290690751414132,
        0.0001565213051551133,
        0.0001529232203433933,
        0.00014874158420503627,
        0.00014679693947016934,
        0.0001445088233993064,
        0.00014265859463780193,
        0.00014038260327454616,
        0.00013469722577099364,
        0.00014804353332423476,
        0.0001335858475850173,
        0.00012879193165245528,
        0.0001330677086231279,
        0.0001343759694085334,
        0.00012504590344305234,
        0.00012224192265618633,
        0.0001217698345198379,
        0.0001263589546226788,
        0.00011918618695978692,
        0.00012196272683353183,
        0.00011560719807470728,
        0.00011568047675555706,
        0.00011691962043015979,
        0.00011334303241361136,
        0.00011523071036850236,
        0.00011239083137679561,
        0.00010887146645264686,
        0.00011261342397050306,
        0.00011317003434536777,
        0.00011469042476166302,
        0.0001115251386125313,
        0.00010904215081573951,
        0.00010732089255622843,
        0.00011005926715029188
    ]
}