{
    "best_loss": [
        8.259199462223143e-05,
        49
    ],
    "loss": [
        0.0008736558024591766,
        0.0006040868790097306,
        0.0004415746160495477,
        0.00035292398144909766,
        0.00030725532227288637,
        0.00027514057984394895,
        0.0002521953157932929,
        0.0002271377617502654,
        0.00020995415317058596,
        0.00019745770145258507,
        0.00018648246088023726,
        0.00017459114558806136,
        0.00016623234417606025,
        0.00016114757225484797,
        0.00015304963822485948,
        0.00014783743312342875,
        0.00014461172901230745,
        0.000141200786739171,
        0.00013626528937667846,
        0.00013179954544511205,
        0.00012835184151263788,
        0.00012519018710857555,
        0.00012449913035756253,
        0.00011974866808919741,
        0.0001177199056982764,
        0.00011597986101352611,
        0.00011369523074319151,
        0.00011053356748452798,
        0.00011038083150355226,
        0.0001068567045124703,
        0.0001061908241580754,
        0.00010556073324076589,
        0.00010358471577733504,
        9.960220577591567e-05,
        9.710263045581724e-05,
        9.624355493364253e-05,
        9.642569666413822e-05,
        9.35240920852452e-05,
        9.292664470316246e-05,
        9.01409367266435e-05,
        8.98505494574802e-05,
        9.038373398783934e-05,
        8.871142756110422e-05,
        8.740728310976485e-05,
        8.576882380824526e-05,
        8.504725029444656e-05,
        8.437489110333025e-05,
        8.300694957574778e-05,
        8.343292970836463e-05,
        8.259199462223143e-05
    ],
    "svm_test": [
        0.9849166666666668,
        0.99125,
        0.9929166666666667,
        0.9954166666666667,
        0.9945833333333333,
        0.9970833333333334,
        0.9966666666666667,
        0.99625,
        0.9970833333333334,
        0.9970833333333333,
        0.9975,
        0.9975,
        0.9970833333333333,
        0.9979166666666666,
        0.9970833333333333,
        0.9975,
        0.9975,
        0.99625,
        0.9975,
        0.99625,
        0.9966666666666666,
        0.9966666666666666,
        0.995,
        0.99625,
        0.99625,
        0.9970833333333333,
        0.99625,
        0.9979166666666667,
        0.9975,
        0.9975,
        0.9958333333333335,
        0.9958333333333332,
        0.9958333333333332,
        0.9966666666666666,
        0.9958333333333335,
        0.9975,
        0.9966666666666666,
        0.9979166666666667,
        0.9979166666666667,
        0.9979166666666667,
        0.9979166666666667,
        0.9979166666666667,
        0.9975,
        0.9958333333333332,
        0.99625,
        0.9979166666666667,
        0.9975,
        0.99625,
        0.9954166666666666,
        0.9966666666666666
    ],
    "svm_train": [
        1.0,
        1.0,
        1.0,
        1.0,
        1.0,
        1.0,
        1.0,
        1.0,
        1.0,
        1.0,
        1.0,
        1.0,
        1.0,
        1.0,
        1.0,
        1.0,
        1.0,
        1.0,
        1.0,
        1.0,
        1.0,
        1.0,
        1.0,
        1.0,
        1.0,
        1.0,
        1.0,
        1.0,
        1.0,
        1.0,
        1.0,
        1.0,
        1.0,
        1.0,
        1.0,
        1.0,
        1.0,
        1.0,
        1.0,
        1.0,
        1.0,
        1.0,
        1.0,
        1.0,
        1.0,
        1.0,
        1.0,
        1.0,
        1.0,
        1.0
    ],
    "val_loss": [
        0.0007109831669762813,
        0.0004989922910050329,
        0.0003872461996601691,
        0.00032982477539399065,
        0.0002906598627944086,
        0.0002606269553741338,
        0.00023698793896778064,
        0.00021714524017801734,
        0.00020676164912185107,
        0.00019551063399995733,
        0.0001798750074668981,
        0.0001782331082066821,
        0.00016770167783790595,
        0.00016376973981497078,
        0.00015852301149191437,
        0.00014789165616988507,
        0.00014426683280020604,
        0.00013965371283700579,
        0.00013947551257632266,
        0.0001344852492067508,
        0.00013020329236229083,
        0.0001251582030907583,
        0.00012590443083314987,
        0.00012333073385792094,
        0.000125539962120257,
        0.00012462459413466645,
        0.00011793724272456028,
        0.00012065745505347905,
        0.00011245927957468765,
        0.00011025304281707905,
        0.00011070688177175437,
        0.00010936214182190352,
        0.00010536734853527351,
        0.00010536082920936695,
        0.00010876574857818852,
        9.806410738218028e-05,
        0.00010125121780011789,
        9.773336837956472e-05,
        9.642558317271869e-05,
        0.00010182905111890807,
        9.282409438538145e-05,
        9.412819967946619e-05,
        9.399216240209719e-05,
        9.213210524742525e-05,
        8.854906685685697e-05,
        9.035128345631065e-05,
        8.92245870282928e-05,
        8.884836402130245e-05,
        9.374155236665432e-05,
        8.69644264146714e-05
    ]
}