{
    "best_loss": [
        0.00011216001783770135,
        49
    ],
    "loss": [
        0.0009108398453340976,
        0.0006226522699710448,
        0.00045851741580331786,
        0.0003711751003197106,
        0.00032309465384311865,
        0.00028730622759877303,
        0.0002641320744329494,
        0.00024301981504775672,
        0.00023050060658710728,
        0.00021800054315908017,
        0.00020736646026843904,
        0.0001995533055496319,
        0.00019472234991886218,
        0.0001874361101213496,
        0.00018228086567073876,
        0.0001779368917300424,
        0.00017297957191336494,
        0.00016807648633022272,
        0.00016496478585406759,
        0.00016012626896729268,
        0.00015488503755973793,
        0.00015292695644337283,
        0.00015071962532891403,
        0.00014937544699129788,
        0.00014476914627654488,
        0.00014337896938889643,
        0.00014070063684004682,
        0.00013887861706920335,
        0.00013627312768630105,
        0.0001348974191333334,
        0.0001335147559020684,
        0.00013045266602021855,
        0.00012958117868369022,
        0.00012799733021894155,
        0.00012793537216949474,
        0.00012582686203280354,
        0.00012572980454780765,
        0.00012218913651636988,
        0.0001226641181827139,
        0.00011949234553502414,
        0.00011983537945361082,
        0.00011766755415743185,
        0.00011712691836935412,
        0.00011602101040534598,
        0.0001163469914951982,
        0.00011384307442272788,
        0.00011467143799400467,
        0.00011217751156354504,
        0.00011548510760725169,
        0.00011216001783770135
    ],
    "svm_test": [
        0.9838749999999998,
        0.9894242424242424,
        0.9918611111111111,
        0.99375,
        0.9945454545454545,
        0.99625,
        0.9940833333333333,
        0.9941666666666665,
        0.99625,
        0.9933333333333333,
        0.9958333333333332,
        0.9966666666666666,
        0.99625,
        0.9966666666666666,
        0.9958333333333332,
        0.99625,
        0.99625,
        0.9954166666666666,
        0.9966666666666666,
        0.99625,
        0.9954166666666667,
        0.9958333333333335,
        0.9958333333333335,
        0.9954166666666666,
        0.995,
        0.99625,
        0.9945833333333333,
        0.9970833333333333,
        0.9945833333333333,
        0.99375,
        0.9958333333333332,
        0.9958333333333332,
        0.9945833333333333,
        0.9958333333333332,
        0.9954166666666666,
        0.9954166666666666,
        0.9958333333333335,
        0.9966666666666666,
        0.9975,
        0.9975,
        0.9958333333333332,
        0.9958333333333332,
        0.9966666666666666,
        0.9970833333333333,
        0.9970833333333333,
        0.9966666666666666,
        0.9979166666666666,
        0.9970833333333333,
        0.99625,
        0.9966666666666666
    ],
    "svm_train": [
        1.0,
        1.0,
        1.0,
        1.0,
        1.0,
        1.0,
        1.0,
        1.0,
        0.9998958333333333,
        1.0,
        1.0,
        1.0,
        1.0,
        1.0,
        1.0,
        1.0,
        1.0,
        1.0,
        1.0,
        1.0,
        1.0,
        1.0,
        1.0,
        1.0,
        1.0,
        1.0,
        1.0,
        1.0,
        1.0,
        1.0,
        1.0,
        1.0,
        1.0,
        1.0,
        1.0,
        1.0,
        1.0,
        1.0,
        1.0,
        1.0,
        1.0,
        1.0,
        1.0,
        1.0,
        1.0,
        1.0,
        1.0,
        1.0,
        1.0,
        1.0
    ],
    "val_loss": [
        0.000773705230477769,
        0.0005051245151838784,
        0.00041185251599526224,
        0.000341157824705198,
        0.0003029980176301514,
        0.00027312862318699434,
        0.00024998748716378665,
        0.0002349747864781485,
        0.00022167592640905129,
        0.00021035656157185987,
        0.00020698748107427216,
        0.00020360693843992,
        0.0001902507779727412,
        0.00018769613899256778,
        0.00018032810219925484,
        0.00017541115866204676,
        0.00017370325422674492,
        0.00017171666953881817,
        0.00016473956523124504,
        0.00015977433446330864,
        0.00015751093219877583,
        0.00015506702777401117,
        0.0001482398651044292,
        0.00014849062138625274,
        0.00014545600931940535,
        0.0001452484772019847,
        0.00014372645825267945,
        0.00014250344729739903,
        0.00014755063871190222,
        0.00014029792903251368,
        0.00014160951685987603,
        0.00013300079541202038,
        0.0001323726181502248,
        0.00013151458734313542,
        0.00013106320212675376,
        0.00013026858113283717,
        0.00012643784457584743,
        0.00012569050031272484,
        0.00012839055922729748,
        0.00012353106771332423,
        0.00012244378049263934,
        0.00012481609302595923,
        0.00012138147483561836,
        0.00012107539090953113,
        0.00011958040438080642,
        0.0001298590330431719,
        0.00011775671084994556,
        0.00012129275907208079,
        0.00012606284571493477,
        0.00011754492698949523
    ]
}