{
    "best_loss": [
        8.294402584426395e-05,
        49
    ],
    "loss": [
        0.0008888358621243926,
        0.0006142980430764316,
        0.00045324094091152886,
        0.0003555068315802036,
        0.0003016652222189759,
        0.00026988335791725915,
        0.0002466755588996163,
        0.00022835714170543498,
        0.00021379153847128998,
        0.0002028747292001404,
        0.0001927847929774167,
        0.0001859136025218437,
        0.0001764967804891909,
        0.0001656056258279823,
        0.00016129183292978657,
        0.00015439291637884953,
        0.00014760226849970192,
        0.00014288691447160676,
        0.00014108507515206976,
        0.00013420799284959967,
        0.00013302789508655078,
        0.00012973526229925593,
        0.0001254656901887723,
        0.00012295121186747983,
        0.000120283815865219,
        0.00011912756862719543,
        0.00011530921932537561,
        0.00011363573697709132,
        0.00011301128418709827,
        0.00011009027396228935,
        0.00010903606452779942,
        0.000106293701203518,
        0.00010428562410085666,
        0.00010309402230972873,
        0.00010084076869214869,
        9.80057251324549e-05,
        9.65395533633086e-05,
        9.574600736542305e-05,
        9.489008882766974e-05,
        9.367747195474469e-05,
        9.362470506375895e-05,
        9.029186935185612e-05,
        8.97626565518388e-05,
        9.033419827717894e-05,
        8.974533779923601e-05,
        8.58151039956339e-05,
        8.579698658883728e-05,
        8.552187053442292e-05,
        8.326887952637402e-05,
        8.294402584426395e-05
    ],
    "svm_test": [
        0.9860833333333333,
        0.9895454545454547,
        0.9933333333333334,
        0.9945833333333334,
        0.9958333333333335,
        0.9941666666666668,
        0.9945833333333333,
        0.99375,
        0.9970833333333334,
        0.9954166666666666,
        0.9954166666666667,
        0.9954166666666666,
        0.9966666666666667,
        0.9945833333333334,
        0.9941666666666665,
        0.9966666666666666,
        0.9966666666666666,
        0.99625,
        0.9970833333333333,
        0.9979166666666666,
        0.9970833333333333,
        0.9954166666666667,
        0.99625,
        0.9970833333333333,
        0.9966666666666667,
        0.9975,
        0.9975,
        0.9979166666666666,
        0.9970833333333333,
        0.9979166666666666,
        0.9979166666666666,
        0.9975,
        0.9979166666666666,
        0.9983333333333333,
        0.9975,
        0.9979166666666666,
        0.9983333333333333,
        0.9979166666666666,
        0.99625,
        0.9975,
        0.9975,
        0.9983333333333333,
        0.9979166666666667,
        0.9983333333333334,
        0.9970833333333334,
        0.9983333333333334,
        0.9975,
        0.9966666666666667,
        0.9979166666666666,
        0.9970833333333334
    ],
    "svm_train": [
        1.0,
        1.0,
        1.0,
        1.0,
        1.0,
        1.0,
        1.0,
        1.0,
        1.0,
        1.0,
        1.0,
        1.0,
        1.0,
        1.0,
        1.0,
        1.0,
        1.0,
        1.0,
        1.0,
        1.0,
        1.0,
        1.0,
        1.0,
        1.0,
        1.0,
        1.0,
        1.0,
        1.0,
        1.0,
        1.0,
        1.0,
        1.0,
        1.0,
        1.0,
        1.0,
        1.0,
        1.0,
        1.0,
        1.0,
        1.0,
        1.0,
        1.0,
        1.0,
        1.0,
        1.0,
        1.0,
        1.0,
        1.0,
        1.0,
        1.0
    ],
    "val_loss": [
        0.0007493791289599498,
        0.0005052601256240657,
        0.00039989101914052785,
        0.00033286383238859715,
        0.0002831110513099739,
        0.00025400828061792106,
        0.0002363750282589087,
        0.00022050942063938525,
        0.00021345035425907117,
        0.00019717122421624225,
        0.0001887205972326453,
        0.0001836161209104107,
        0.00017109866278776706,
        0.00016219848658015107,
        0.00016048979435960052,
        0.00015331833636388973,
        0.000149616150592549,
        0.00015829700320471303,
        0.00013889019305245436,
        0.0001381466970362139,
        0.00013451918314912823,
        0.00013394531341270403,
        0.00012958893901940141,
        0.00012561970647683468,
        0.0001210849270660499,
        0.0001217884159685009,
        0.00011972205613781376,
        0.0001204505093694478,
        0.00011955351183024691,
        0.00011390685795373779,
        0.00011363767608871295,
        0.00010844943196590106,
        0.0001106645473917491,
        0.00010545944946853714,
        0.00010270554909118486,
        0.00010047744456221265,
        0.00010088461362673812,
        0.00010154195644269533,
        9.946720138861725e-05,
        9.881211337556381e-05,
        9.970869763605048e-05,
        9.677369678755045e-05,
        9.42200055587367e-05,
        9.251064836443412e-05,
        9.237401634522393e-05,
        9.594723367489642e-05,
        9.073598775580485e-05,
        9.665484703279278e-05,
        8.749105128003059e-05,
        8.9570342506268e-05
    ]
}