{
    "best_loss": [
        0.00011824529065052047,
        49
    ],
    "loss": [
        0.001023640506900847,
        0.0005123416776768863,
        0.0003974887658841908,
        0.00034352080547250807,
        0.00030838974635116756,
        0.00028272951021790504,
        0.00026265427004545927,
        0.00024329125881195068,
        0.0002310279232915491,
        0.00021958202705718577,
        0.00020969202159903944,
        0.0002026447036769241,
        0.00019204845011699945,
        0.00018504147010389715,
        0.00017970899352803826,
        0.0001752238895278424,
        0.0001690048520686105,
        0.00016609916929155588,
        0.00016216853691730648,
        0.00015964277554303408,
        0.00015603845531586558,
        0.0001536183845018968,
        0.00015153479762375355,
        0.00014908751472830772,
        0.00014682117034681141,
        0.00014509138418361545,
        0.0001433660218026489,
        0.0001416006125509739,
        0.0001399124157615006,
        0.0001384673814754933,
        0.00013732013758271933,
        0.00013578229118138552,
        0.00013426286750473082,
        0.000133363384520635,
        0.00013151654275134206,
        0.0001296358968829736,
        0.00012933893594890833,
        0.00012802169658243656,
        0.00012707101996056736,
        0.00012627700925804675,
        0.00012459953723009676,
        0.0001242382131749764,
        0.00012372083438094705,
        0.00012221028737258166,
        0.00012211462308187038,
        0.00012115478602936491,
        0.00012065906776115298,
        0.00011962067219428718,
        0.00011873035691678524,
        0.00011824529065052047
    ],
    "svm_test": [
        0.9946053131822674,
        0.9983997469619992,
        0.9987063724631949,
        0.9994335664335665,
        0.9998181818181818,
        0.9998181818181818,
        0.9998181818181818,
        0.9998181818181818,
        0.9998181818181818,
        0.9998181818181818,
        0.9995828877005348,
        0.9998181818181818,
        0.9997647058823529,
        1.0,
        1.0,
        1.0,
        1.0,
        1.0,
        1.0,
        1.0,
        1.0,
        1.0,
        1.0,
        1.0,
        1.0,
        1.0,
        1.0,
        1.0,
        1.0,
        1.0,
        1.0,
        1.0,
        1.0,
        1.0,
        1.0,
        1.0,
        1.0,
        1.0,
        1.0,
        1.0,
        1.0,
        1.0,
        1.0,
        1.0,
        1.0,
        1.0,
        1.0,
        1.0,
        1.0,
        1.0
    ],
    "svm_train": [
        0.9991905274848234,
        0.9998337515822482,
        1.0,
        1.0,
        1.0,
        1.0,
        1.0,
        1.0,
        1.0,
        1.0,
        1.0,
        1.0,
        1.0,
        1.0,
        1.0,
        1.0,
        1.0,
        1.0,
        1.0,
        1.0,
        1.0,
        1.0,
        1.0,
        1.0,
        1.0,
        1.0,
        1.0,
        1.0,
        1.0,
        1.0,
        1.0,
        1.0,
        1.0,
        1.0,
        1.0,
        1.0,
        1.0,
        1.0,
        1.0,
        1.0,
        1.0,
        1.0,
        1.0,
        1.0,
        1.0,
        1.0,
        1.0,
        1.0,
        1.0,
        1.0
    ],
    "val_loss": [
        0.0006508667720481753,
        0.0004381042090244591,
        0.00036959824501536787,
        0.00032687155180610716,
        0.0002982899604830891,
        0.0002779838105197996,
        0.0002604140026960522,
        0.0002486373414285481,
        0.00023174579837359488,
        0.0002216089196735993,
        0.00021529837977141142,
        0.00020826463878620416,
        0.00019715492089744657,
        0.0001885245874291286,
        0.00018500251462683082,
        0.0001800196332624182,
        0.00017724544159136713,
        0.00017638353165239096,
        0.00017543336434755474,
        0.00016951042925938964,
        0.0001654815423535183,
        0.00016202087863348424,
        0.00016146336565725505,
        0.00015846749010961503,
        0.000155104513396509,
        0.00015805366274435073,
        0.0001521220983704552,
        0.00015068058564793319,
        0.00015481717127840966,
        0.00014937705418560654,
        0.00015094818081706762,
        0.00015202994109131396,
        0.00014492093760054559,
        0.0001461380161345005,
        0.00014355134044308215,
        0.00014180928701534867,
        0.00014091329649090767,
        0.00014180313155520707,
        0.0001412534184055403,
        0.0001382074988214299,
        0.00014002212265040725,
        0.00013838849554304034,
        0.00013662438141182065,
        0.0001373476261505857,
        0.00013746514741797,
        0.00013538812345359474,
        0.00013585653505288064,
        0.00013384295743890107,
        0.00013792164099868387,
        0.00013460227637551725
    ]
}