{
    "best_loss": [
        0.00012175424490123987,
        49
    ],
    "loss": [
        0.0010347040370106697,
        0.00053912412840873,
        0.00040846626507118344,
        0.0003446185728535056,
        0.0003058198490180075,
        0.00027658880571834743,
        0.00025542904040776193,
        0.00023900716041680425,
        0.0002281539491377771,
        0.0002170168299926445,
        0.00020759398466907442,
        0.00019996718037873507,
        0.00019325257744640112,
        0.00018713278404902667,
        0.0001822688354877755,
        0.00017786752141546458,
        0.00017391369328834116,
        0.00016946607502177358,
        0.00016676542873028666,
        0.00016351780504919589,
        0.0001608365710126236,
        0.00015879038255661726,
        0.0001562004763400182,
        0.00015370886831078678,
        0.00015223298396449536,
        0.00014953302161302418,
        0.00014725122309755534,
        0.000145640253322199,
        0.0001441946515114978,
        0.00014238106086850166,
        0.0001404442300554365,
        0.0001400935580022633,
        0.0001378752785967663,
        0.00013746060722041875,
        0.0001355835556751117,
        0.00013440595648717135,
        0.00013435943401418626,
        0.00013239003601484,
        0.000131354303448461,
        0.00013030982518102974,
        0.00012948930088896304,
        0.00012851475912611932,
        0.0001280896394746378,
        0.0001264084712602198,
        0.00012479753058869392,
        0.00012405663437675685,
        0.00012407463509589434,
        0.00012269962462596595,
        0.00012255983892828226,
        0.00012175424490123987
    ],
    "svm_test": [
        0.9945147662296805,
        0.9978097835602457,
        0.9997360248447206,
        0.9990045337176485,
        0.9993054647876953,
        0.998888287219049,
        0.9990894163651324,
        0.9992533507913619,
        0.9992533507913619,
        0.9992533507913619,
        0.9992533507913619,
        0.9992533507913619,
        0.9992533507913619,
        0.999436837029894,
        0.999436837029894,
        0.999436837029894,
        0.999436837029894,
        0.999436837029894,
        0.9997647058823529,
        0.9997647058823529,
        0.9997647058823529,
        0.9997647058823529,
        0.9997647058823529,
        0.9997647058823529,
        0.9997647058823529,
        0.9997647058823529,
        0.9997647058823529,
        0.9997647058823529,
        0.9997647058823529,
        0.9997647058823529,
        0.9997647058823529,
        0.9997647058823529,
        0.9997647058823529,
        0.9997647058823529,
        0.9997647058823529,
        0.9997647058823529,
        0.9997647058823529,
        0.9997647058823529,
        0.9997647058823529,
        0.9997647058823529,
        0.9997647058823529,
        0.9997647058823529,
        0.9997647058823529,
        0.9997647058823529,
        0.9997647058823529,
        0.9997647058823529,
        0.9997647058823529,
        0.9997647058823529,
        0.9997647058823529,
        0.9997647058823529
    ],
    "svm_train": [
        0.9989137849500179,
        0.9998086124401914,
        1.0,
        1.0,
        1.0,
        1.0,
        1.0,
        1.0,
        1.0,
        1.0,
        1.0,
        1.0,
        1.0,
        1.0,
        1.0,
        1.0,
        1.0,
        1.0,
        1.0,
        1.0,
        1.0,
        1.0,
        1.0,
        1.0,
        1.0,
        1.0,
        1.0,
        1.0,
        1.0,
        1.0,
        1.0,
        1.0,
        1.0,
        1.0,
        1.0,
        1.0,
        1.0,
        1.0,
        1.0,
        1.0,
        1.0,
        1.0,
        1.0,
        1.0,
        1.0,
        1.0,
        1.0,
        1.0,
        1.0,
        1.0
    ],
    "val_loss": [
        0.0006660355138592422,
        0.0004604795831255615,
        0.00037122954381629825,
        0.00032579308026470244,
        0.00029213022207841277,
        0.00027131475508213043,
        0.0002529515768401325,
        0.0002479881513863802,
        0.00023034069454297423,
        0.00021940904844086617,
        0.00021099815785419196,
        0.0002073233772534877,
        0.00019696209346875548,
        0.0001987038558581844,
        0.0001874256122391671,
        0.00018520664889365435,
        0.00018046548939310014,
        0.00017930121975950897,
        0.00017414489411748946,
        0.000173837281181477,
        0.00017034602933563292,
        0.0001672137586865574,
        0.00016516631876584142,
        0.0001664529409026727,
        0.00016375764971598983,
        0.00015972144319675863,
        0.00015825859736651182,
        0.00015609881666023284,
        0.0001545522827655077,
        0.0001534987095510587,
        0.00015140746836550534,
        0.00015019385318737477,
        0.00015277731290552765,
        0.0001492441660957411,
        0.00014860239753033966,
        0.00014871700841467828,
        0.00014568783808499575,
        0.00014587347686756402,
        0.00014377488696482033,
        0.00014383158122655004,
        0.00014370224380400032,
        0.00014311124687083066,
        0.00014114762598183006,
        0.00014088563330005854,
        0.00013920232595410198,
        0.00013940570352133363,
        0.00013753806706517935,
        0.00013779116852674633,
        0.0001410909026162699,
        0.0001388403179589659
    ]
}