{
    "best_loss": [
        0.00011690022074617445,
        49
    ],
    "loss": [
        0.001044625649228692,
        0.0005134593229740858,
        0.0003950326354242861,
        0.0003378593537490815,
        0.00029948417795822024,
        0.0002713351568672806,
        0.00025227919104509056,
        0.00023637295817025006,
        0.00022344708850141615,
        0.00021147323423065245,
        0.0002030022005783394,
        0.00019601813983172178,
        0.00018903508316725492,
        0.00018312515749130398,
        0.00017910795577336103,
        0.0001745212503010407,
        0.0001710732321953401,
        0.00016692322969902307,
        0.00016329453501384705,
        0.00016064041119534522,
        0.0001577111688675359,
        0.00015525915659964085,
        0.00015254502068273723,
        0.0001502347004134208,
        0.00014731675037182868,
        0.00014603257295675576,
        0.0001437616883777082,
        0.00014177065168041736,
        0.00014046017895452678,
        0.00013897090684622526,
        0.00013718650734517723,
        0.00013554735051002353,
        0.00013377655704971403,
        0.0001322529133176431,
        0.00013099929492454976,
        0.00012982591579202563,
        0.00012854818487539887,
        0.00012768943270202726,
        0.0001269880885956809,
        0.00012535983114503324,
        0.00012469039938878268,
        0.00012339551176410168,
        0.000122246376122348,
        0.00012168809917056933,
        0.00012144485663156956,
        0.00012032459198962897,
        0.00011889448796864599,
        0.0001188461174024269,
        0.00011734843428712338,
        0.00011690022074617445
    ],
    "svm_test": [
        0.9975164489863702,
        0.9989276030493542,
        0.9991739049307273,
        0.9992788000356224,
        0.9994186601754825,
        0.9995585203153426,
        0.9995585203153426,
        0.9995585203153426,
        0.9995585203153426,
        0.9995585203153426,
        0.9995585203153426,
        0.9995585203153426,
        0.9995585203153426,
        0.9995585203153426,
        0.9995585203153426,
        0.9995585203153426,
        0.9995585203153426,
        0.9995585203153426,
        0.9995585203153426,
        0.9995585203153426,
        0.9995585203153426,
        0.9995585203153426,
        0.9995585203153426,
        0.9995585203153426,
        0.9995585203153426,
        0.9995585203153426,
        0.9995585203153426,
        0.9995585203153426,
        0.9995585203153426,
        0.9995585203153426,
        0.9997938144329896,
        0.9995585203153426,
        0.9995585203153426,
        0.9997938144329896,
        0.9997938144329896,
        0.9997938144329896,
        0.9997938144329896,
        0.9997938144329896,
        0.9997938144329896,
        0.9997938144329896,
        0.9997938144329896,
        0.9997938144329896,
        0.9997938144329896,
        0.9997938144329896,
        0.9997938144329896,
        0.9997938144329896,
        0.9997938144329896,
        0.9997938144329896,
        0.9997938144329896,
        0.9997938144329896
    ],
    "svm_train": [
        0.9987484217971716,
        0.9999043062200957,
        0.9997737084262297,
        1.0,
        1.0,
        1.0,
        1.0,
        1.0,
        1.0,
        1.0,
        1.0,
        1.0,
        1.0,
        1.0,
        1.0,
        1.0,
        1.0,
        1.0,
        1.0,
        1.0,
        1.0,
        1.0,
        1.0,
        1.0,
        1.0,
        1.0,
        1.0,
        1.0,
        1.0,
        1.0,
        1.0,
        1.0,
        1.0,
        1.0,
        1.0,
        1.0,
        1.0,
        1.0,
        1.0,
        1.0,
        1.0,
        1.0,
        1.0,
        1.0,
        1.0,
        1.0,
        1.0,
        1.0,
        1.0,
        1.0
    ],
    "val_loss": [
        0.0006410061032511294,
        0.0004315433034207672,
        0.00036510115023702383,
        0.00031569067505188286,
        0.0002853412297554314,
        0.00026372456341050565,
        0.0002464950957801193,
        0.00023237397545017302,
        0.0002227078512078151,
        0.00021306703274603933,
        0.00021026894683018327,
        0.00020080336253158748,
        0.0001946099946508184,
        0.00018708485004026443,
        0.00018744406406767666,
        0.0001781002210918814,
        0.00017977711104322225,
        0.0001732613891363144,
        0.00016974694153759629,
        0.000166624115081504,
        0.0001634067011764273,
        0.00016342259186785668,
        0.00016038768808357418,
        0.0001637303939787671,
        0.00015553303819615394,
        0.00015348677698057145,
        0.00015506228373851627,
        0.00015051384980324656,
        0.00014897440269123763,
        0.0001498233323218301,
        0.00014649418881163,
        0.00014685590576846153,
        0.00014367410039994866,
        0.00014080210530664772,
        0.00014511457993648946,
        0.00014281325275078416,
        0.00014279165770858526,
        0.00014465714048128575,
        0.0001380845787934959,
        0.0001405946386512369,
        0.00014001353702042252,
        0.0001354251435259357,
        0.00013600838428828865,
        0.0001352577965008095,
        0.0001339868613285944,
        0.00013142595707904547,
        0.0001330228114966303,
        0.00013241186388768256,
        0.00013144560216460377,
        0.0001311217638431117
    ]
}