{
    "best_loss": [
        0.0001285672333324328,
        49
    ],
    "loss": [
        0.000991596607491374,
        0.0005214433185756207,
        0.00041675023385323584,
        0.0003593615838326514,
        0.00032225059112533927,
        0.0002955902018584311,
        0.000275845464784652,
        0.000260600121691823,
        0.00024364472483284771,
        0.0002267581148771569,
        0.00021771457977592945,
        0.0002104809827869758,
        0.00020369372214190662,
        0.0001970551529666409,
        0.00019141622760798782,
        0.00018727673159446567,
        0.00018218001059722155,
        0.00017885674606077373,
        0.00017499570094514638,
        0.00017221974849235266,
        0.00016819963639136404,
        0.0001650693448027596,
        0.00016334158135578036,
        0.000160270938067697,
        0.00015786863514222205,
        0.00015555629215668887,
        0.00015432936197612435,
        0.00015232473379001021,
        0.00015082779282238334,
        0.00014932540943846107,
        0.00014735886361449957,
        0.00014584662858396769,
        0.00014461390674114227,
        0.00014345310046337545,
        0.00014217948773875833,
        0.00014081542030908167,
        0.0001395886210957542,
        0.0001388346718158573,
        0.00013772377860732377,
        0.00013657253293786198,
        0.00013579016376752406,
        0.00013502981164492667,
        0.00013390496314968914,
        0.00013327988563105464,
        0.0001323785982094705,
        0.00013165226846467704,
        0.00013022620987612754,
        0.00012991222320124507,
        0.00012925613555125892,
        0.0001285672333324328
    ],
    "svm_test": [
        0.9946687645328932,
        0.9988083330057544,
        0.9988757982627711,
        0.9983215618015577,
        0.9988494256902465,
        0.9995241246356332,
        0.999382280664002,
        0.999382280664002,
        0.999382280664002,
        0.9995241246356332,
        0.9990710005065435,
        0.9992528186883615,
        0.9992528186883615,
        0.9996099615455044,
        0.9994681175738732,
        0.9993106372589127,
        0.9993106372589127,
        0.9993106372589127,
        0.9994524812305439,
        0.9993106372589127,
        0.9993106372589127,
        0.9993106372589127,
        0.9993106372589127,
        0.9993106372589127,
        0.9994524812305439,
        0.9993106372589127,
        0.9993106372589127,
        0.9993106372589127,
        0.9994524812305439,
        0.9994524812305439,
        0.9994524812305439,
        0.9994524812305439,
        0.9994524812305439,
        0.9994524812305439,
        0.9994524812305439,
        0.9994524812305439,
        0.9994524812305439,
        0.9994524812305439,
        0.9994524812305439,
        0.9994524812305439,
        0.9994524812305439,
        0.9994524812305439,
        0.9994524812305439,
        0.9994524812305439,
        0.9994524812305439,
        0.9994524812305439,
        0.9994524812305439,
        0.9993106372589127,
        0.9993425911206537,
        0.9994524812305439
    ],
    "svm_train": [
        0.9991856864775712,
        0.9996766344475769,
        0.9999038461538461,
        1.0,
        1.0,
        1.0,
        1.0,
        1.0,
        1.0,
        1.0,
        1.0,
        1.0,
        1.0,
        1.0,
        1.0,
        1.0,
        1.0,
        1.0,
        1.0,
        1.0,
        1.0,
        1.0,
        1.0,
        1.0,
        1.0,
        1.0,
        1.0,
        1.0,
        1.0,
        1.0,
        1.0,
        1.0,
        1.0,
        1.0,
        1.0,
        1.0,
        1.0,
        1.0,
        1.0,
        1.0,
        1.0,
        1.0,
        1.0,
        1.0,
        1.0,
        1.0,
        1.0,
        1.0,
        1.0,
        1.0
    ],
    "val_loss": [
        0.0006295376806519926,
        0.0004545473784673959,
        0.00038459303323179483,
        0.00033877656096592546,
        0.0003114405262749642,
        0.00028997129993513227,
        0.00027535436674952507,
        0.0002582133747637272,
        0.0002343092201044783,
        0.00023264078481588513,
        0.00021944854233879596,
        0.00021315875346772373,
        0.00020838032651226968,
        0.00019783905008807778,
        0.00019356576376594603,
        0.00019131472799926996,
        0.0001859041367424652,
        0.00018495814583729953,
        0.00018074948457069695,
        0.00017970729095395654,
        0.0001782252365956083,
        0.00017005526751745492,
        0.0001711562363198027,
        0.00016666471492499113,
        0.00016590909217484295,
        0.0001621521369088441,
        0.0001636123633943498,
        0.00016264630539808422,
        0.00016056100139394403,
        0.00015872527728788555,
        0.00015623348008375615,
        0.00015363671991508454,
        0.00015594001160934567,
        0.00015445766621269286,
        0.0001511431037215516,
        0.0001504063548054546,
        0.0001488688722020015,
        0.0001513366587460041,
        0.00014832762826699764,
        0.00014921216643415391,
        0.00014705203648190945,
        0.0001493335294071585,
        0.00014664360787719488,
        0.00014631026715505868,
        0.00014480305253528059,
        0.00014463537081610411,
        0.00014171353541314602,
        0.00014474020281340927,
        0.00014186261978466064,
        0.00014316542365122586
    ]
}