{
    "best_loss": [
        0.000117801311716903,
        49
    ],
    "loss": [
        0.0010156811913475394,
        0.0005126494797877967,
        0.0004013070138171315,
        0.0003436221450101584,
        0.00030596210854128003,
        0.0002794865285977721,
        0.00025667448062449694,
        0.00023962362320162356,
        0.00022536321193911135,
        0.00021483453747350723,
        0.00020508277521003038,
        0.00019729630730580539,
        0.0001900636707432568,
        0.00018452631775289774,
        0.0001785280619515106,
        0.00017390624270774424,
        0.00017058162484318018,
        0.00016620117821730673,
        0.00016274974041152745,
        0.00015954181435517967,
        0.0001568949082866311,
        0.00015426786558236927,
        0.0001508299756096676,
        0.00014965269656386226,
        0.00014741816266905516,
        0.0001447970571462065,
        0.0001432029384886846,
        0.00014151513460092247,
        0.00013942120131105185,
        0.00013762358867097646,
        0.0001362321781925857,
        0.00013451205450110137,
        0.00013317428238224238,
        0.00013128150021657348,
        0.00013126598787494004,
        0.00012933931429870427,
        0.00012820477422792464,
        0.00012681308726314455,
        0.00012620205234270543,
        0.0001254108065040782,
        0.00012441127910278738,
        0.00012336508370935917,
        0.0001225009618792683,
        0.00012165332736913115,
        0.00012115460413042456,
        0.00011988147889496759,
        0.00011936069495277479,
        0.00011854311742354184,
        0.00011813145101768896,
        0.000117801311716903
    ],
    "svm_test": [
        0.9945181048080637,
        0.9985082994138608,
        0.9983749660805273,
        0.9987884204569107,
        0.9990433454803193,
        0.9994730502298725,
        0.9995585203153426,
        0.9997647058823529,
        0.9997647058823529,
        0.9997647058823529,
        0.9997647058823529,
        0.9995585203153426,
        0.9997647058823529,
        0.9997647058823529,
        0.9997647058823529,
        0.9997647058823529,
        0.9994010695187165,
        0.9994010695187165,
        0.9994010695187165,
        0.9994010695187165,
        0.9994010695187165,
        0.9994010695187165,
        0.9994010695187165,
        0.9996363636363637,
        0.9996363636363637,
        0.9996363636363637,
        0.9996363636363637,
        0.9996363636363637,
        0.9996363636363637,
        0.9996363636363637,
        0.9996363636363637,
        0.9996363636363637,
        0.9996363636363637,
        0.9996363636363637,
        0.9996363636363637,
        0.9996363636363637,
        1.0,
        1.0,
        1.0,
        0.9996363636363637,
        1.0,
        1.0,
        0.9996363636363637,
        1.0,
        0.9996363636363637,
        1.0,
        0.9996363636363637,
        1.0,
        0.9997647058823529,
        1.0
    ],
    "svm_train": [
        0.999353239162011,
        0.9995215311004785,
        0.9999043062200957,
        1.0,
        1.0,
        1.0,
        1.0,
        1.0,
        1.0,
        1.0,
        1.0,
        1.0,
        1.0,
        1.0,
        1.0,
        1.0,
        1.0,
        1.0,
        1.0,
        1.0,
        1.0,
        1.0,
        1.0,
        1.0,
        1.0,
        1.0,
        1.0,
        1.0,
        1.0,
        1.0,
        1.0,
        1.0,
        1.0,
        1.0,
        1.0,
        1.0,
        1.0,
        1.0,
        1.0,
        1.0,
        1.0,
        1.0,
        1.0,
        1.0,
        1.0,
        1.0,
        1.0,
        1.0,
        1.0,
        1.0
    ],
    "val_loss": [
        0.0006248739082366228,
        0.00044193616486154497,
        0.0003695300256367773,
        0.0003327045706100762,
        0.00029472075402736664,
        0.00027167174266651273,
        0.00025433715200051665,
        0.00024043626035563648,
        0.00022362382151186466,
        0.00021332348114810884,
        0.00021248690609354526,
        0.00020166549074929208,
        0.0001912173320306465,
        0.00018784422718454152,
        0.0001805927458917722,
        0.00017814440070651472,
        0.00017765241500455886,
        0.00017207123164553195,
        0.0001702086447039619,
        0.00016637063527014107,
        0.00016600733215454966,
        0.0001599979295860976,
        0.00016207121370825917,
        0.0001602912088856101,
        0.00015652029833290726,
        0.00015221009380184114,
        0.0001540764787932858,
        0.00015201276983134449,
        0.0001501105580246076,
        0.00014824364916421473,
        0.00014519368414767087,
        0.0001452738360967487,
        0.00014529038162436336,
        0.00014431291492655873,
        0.00014145168825052679,
        0.00014135552919469774,
        0.0001400885230395943,
        0.00014099260442890227,
        0.0001369511301163584,
        0.00013893275172449648,
        0.0001378521992592141,
        0.00013482737995218486,
        0.00013204076094552875,
        0.0001335667766397819,
        0.00013327470514923334,
        0.00013435896835289896,
        0.00013662759738508612,
        0.00013485614908859134,
        0.00013368403597269207,
        0.00013213392230682075
    ]
}