{
    "best_loss": [
        7.80482040570271e-05,
        49
    ],
    "loss": [
        0.0005085552357097839,
        0.00028654641785599757,
        0.0002272632129942063,
        0.00018837206974039712,
        0.00016803765442120267,
        0.00015469125847740822,
        0.00014496712673339632,
        0.00013775294276745356,
        0.00013124143026106306,
        0.00012559873614595305,
        0.00012073386416874261,
        0.00011711603935241393,
        0.0001141915491597037,
        0.00011108616072253784,
        0.00010885046571911742,
        0.00010651301873959244,
        0.00010446122016887125,
        0.0001027617481789364,
        0.00010146822100480747,
        9.952082144489993e-05,
        9.843421561292153e-05,
        9.673165021809849e-05,
        9.572587172526896e-05,
        9.454339664466762e-05,
        9.36329070208768e-05,
        9.242286654913578e-05,
        9.169984275258018e-05,
        9.072831166246865e-05,
        8.963415639307676e-05,
        8.897320037543368e-05,
        8.78384856953177e-05,
        8.719877633606687e-05,
        8.644083109040336e-05,
        8.593457254121123e-05,
        8.522740418553491e-05,
        8.476945418561134e-05,
        8.433277228839208e-05,
        8.353142493890462e-05,
        8.32125106632763e-05,
        8.247566478769699e-05,
        8.215447316121659e-05,
        8.166749573497074e-05,
        8.106126708384709e-05,
        8.082109674326035e-05,
        8.046736138813944e-05,
        7.978836223304747e-05,
        7.95138506543068e-05,
        7.889732355994506e-05,
        7.853065950412692e-05,
        7.80482040570271e-05
    ],
    "svm_test": [
        0.9986672516364777,
        0.99847221431366,
        0.9998630136986302,
        1.0,
        1.0,
        1.0,
        1.0,
        1.0,
        1.0,
        1.0,
        1.0,
        1.0,
        1.0,
        1.0,
        1.0,
        1.0,
        0.9994285714285716,
        1.0,
        1.0,
        1.0,
        1.0,
        1.0,
        1.0,
        1.0,
        1.0,
        1.0,
        1.0,
        1.0,
        0.9996363636363637,
        0.9996363636363637,
        1.0,
        0.9996363636363637,
        0.9996363636363637,
        0.9996363636363637,
        0.9996363636363637,
        0.9996363636363637,
        0.9996363636363637,
        1.0,
        0.9996363636363637,
        0.9996363636363637,
        0.9996363636363637,
        0.9996363636363637,
        0.9996363636363637,
        0.9996363636363637,
        0.9996363636363637,
        0.9996363636363637,
        0.9996363636363637,
        0.9996363636363637,
        0.9996363636363637,
        0.9996363636363637
    ],
    "svm_train": [
        0.9993034122541777,
        1.0,
        1.0,
        1.0,
        1.0,
        1.0,
        1.0,
        1.0,
        1.0,
        1.0,
        1.0,
        1.0,
        1.0,
        1.0,
        1.0,
        1.0,
        1.0,
        1.0,
        1.0,
        1.0,
        1.0,
        1.0,
        1.0,
        1.0,
        1.0,
        1.0,
        1.0,
        1.0,
        1.0,
        1.0,
        1.0,
        1.0,
        1.0,
        1.0,
        1.0,
        1.0,
        1.0,
        1.0,
        1.0,
        1.0,
        1.0,
        1.0,
        1.0,
        1.0,
        1.0,
        1.0,
        1.0,
        1.0,
        1.0,
        1.0
    ],
    "val_loss": [
        0.00034997484268418976,
        0.00024886101144660437,
        0.0002047903536312833,
        0.0001753377863077451,
        0.0001615788528070828,
        0.00015081102536636378,
        0.00014184728283025844,
        0.00013417509197415176,
        0.00012919131824824087,
        0.00012336096193785913,
        0.00012072390718058666,
        0.000117178167544202,
        0.00011733819117371815,
        0.00011183044928765385,
        0.00011061278488704115,
        0.00010684306369216,
        0.00010698823440171895,
        0.00010425679644477172,
        0.00010346538443668592,
        0.00010243519847394823,
        0.00010213356250706144,
        9.96804737015792e-05,
        9.811258908242161e-05,
        9.714521958114876e-05,
        9.657546729783978e-05,
        9.554711755908904e-05,
        9.518422138242607e-05,
        9.383993032528138e-05,
        9.355464272549433e-05,
        9.347923264978753e-05,
        9.180217103887646e-05,
        9.155016788818034e-05,
        9.083003496652866e-05,
        9.08111436873358e-05,
        8.918453028337234e-05,
        8.948580579011673e-05,
        8.848143407496267e-05,
        8.98127816324267e-05,
        8.890996707078281e-05,
        8.868041832852481e-05,
        8.789930905302535e-05,
        8.688783704823268e-05,
        8.911553469345788e-05,
        8.632882646468916e-05,
        8.697264861258841e-05,
        8.6817166116438e-05,
        8.656801348785438e-05,
        8.480667939631963e-05,
        8.497853448156803e-05,
        8.466592148876682e-05
    ]
}