{
    "best_loss": [
        7.778102752278386e-05,
        49
    ],
    "loss": [
        0.0005215507204878469,
        0.0002711080814210505,
        0.0002144024404094515,
        0.00018676771927732025,
        0.0001688039586810182,
        0.00015647591235225984,
        0.00014712051940286402,
        0.0001394863282533984,
        0.0001324741313501746,
        0.00012680087241318544,
        0.00012260827905023872,
        0.0001185352261926553,
        0.00011555627039401384,
        0.00011296148350954562,
        0.0001104128666463087,
        0.0001081520415866419,
        0.000106168536049162,
        0.00010473975951868913,
        0.00010296784428492774,
        0.00010166131560131688,
        0.00010013921203621401,
        9.891095341668417e-05,
        9.796392490907951e-05,
        9.68399513125923e-05,
        9.595279657953219e-05,
        9.50475465140541e-05,
        9.442532070778667e-05,
        9.355527426282668e-05,
        9.255359479206427e-05,
        9.206700785480093e-05,
        9.12895554401754e-05,
        9.072057883754174e-05,
        8.995294921328798e-05,
        8.940544212509938e-05,
        8.88342663626319e-05,
        8.814783704457767e-05,
        8.775334261052305e-05,
        8.725172709544349e-05,
        8.332153700325557e-05,
        8.189153762037368e-05,
        8.172287964714129e-05,
        8.119608874628056e-05,
        8.091131188465678e-05,
        8.04375875842152e-05,
        7.978904326336361e-05,
        7.958703794095816e-05,
        7.913338690412982e-05,
        7.873691408902169e-05,
        7.828487841542912e-05,
        7.778102752278386e-05
    ],
    "svm_test": [
        0.9968457441437946,
        0.9995251454637222,
        1.0,
        1.0,
        0.9994285714285716,
        0.9994285714285716,
        1.0,
        1.0,
        1.0,
        1.0,
        1.0,
        1.0,
        1.0,
        1.0,
        1.0,
        1.0,
        1.0,
        1.0,
        1.0,
        1.0,
        1.0,
        1.0,
        1.0,
        1.0,
        1.0,
        1.0,
        1.0,
        1.0,
        1.0,
        1.0,
        1.0,
        1.0,
        1.0,
        1.0,
        1.0,
        1.0,
        1.0,
        1.0,
        1.0,
        1.0,
        1.0,
        1.0,
        1.0,
        1.0,
        1.0,
        1.0,
        1.0,
        1.0,
        1.0,
        1.0
    ],
    "svm_train": [
        1.0,
        0.9998561151079136,
        1.0,
        1.0,
        1.0,
        1.0,
        1.0,
        1.0,
        1.0,
        1.0,
        1.0,
        1.0,
        1.0,
        1.0,
        1.0,
        1.0,
        1.0,
        1.0,
        1.0,
        1.0,
        1.0,
        1.0,
        1.0,
        1.0,
        1.0,
        1.0,
        1.0,
        1.0,
        1.0,
        1.0,
        1.0,
        1.0,
        1.0,
        1.0,
        1.0,
        1.0,
        1.0,
        1.0,
        1.0,
        1.0,
        1.0,
        1.0,
        1.0,
        1.0,
        1.0,
        1.0,
        1.0,
        1.0,
        1.0,
        1.0
    ],
    "val_loss": [
        0.0003258330713488456,
        0.00023496888274384932,
        0.000196552768959249,
        0.00017766046912218484,
        0.00016316357035383555,
        0.0001514364129943057,
        0.00015106716013177593,
        0.00013751579374973199,
        0.0001299870689177314,
        0.00012967499096678883,
        0.0001219312654879432,
        0.00012174061631624151,
        0.00011713275281727696,
        0.0001141315534792289,
        0.00011097225092146521,
        0.00010890380045430571,
        0.00010989056646727819,
        0.00010678493599284176,
        0.00010611643484960156,
        0.00010618077687086689,
        0.00010236623836049657,
        0.00010357243883780941,
        0.00010093918599017408,
        0.0001003836060365617,
        9.943985508928576e-05,
        0.00010022597499871695,
        9.85715870510934e-05,
        9.79110665680349e-05,
        9.782375068477388e-05,
        9.541125651211924e-05,
        9.544689856779657e-05,
        9.539990955826497e-05,
        9.797391099351591e-05,
        9.31670634380566e-05,
        9.389339329591252e-05,
        9.303592674965032e-05,
        9.311107049092004e-05,
        9.15598374172641e-05,
        8.787379383690573e-05,
        8.715811089513672e-05,
        8.75964819533814e-05,
        8.703594991186546e-05,
        8.632436051449507e-05,
        8.706441999617989e-05,
        8.689448504987231e-05,
        8.508247961240277e-05,
        8.472104536819197e-05,
        8.540287289613445e-05,
        8.435855124161965e-05,
        8.529837332578277e-05
    ]
}