{
    "best_loss": [
        7.70915596376029e-05,
        49
    ],
    "loss": [
        0.0004978032878147812,
        0.0002811455333992217,
        0.00022189003001807354,
        0.00019175748838617157,
        0.00016934304115475942,
        0.00015542959743758454,
        0.00014578934739336585,
        0.0001377340971570413,
        0.00013138555047902714,
        0.00012643761480651727,
        0.00012154543222340003,
        0.00011794027400563891,
        0.00011468342242182078,
        0.00011210410446979968,
        0.0001097283880045675,
        0.0001070788232287809,
        0.0001040355199759984,
        0.00010224811039681048,
        0.00010094022820717721,
        9.913221333924171e-05,
        9.796710998540024e-05,
        9.678490528150877e-05,
        9.578984716142916e-05,
        9.45848761128793e-05,
        9.35610382516935e-05,
        9.26777603599349e-05,
        9.17380621356017e-05,
        9.102310948001967e-05,
        8.983039802625417e-05,
        8.729813272956682e-05,
        8.682117442952054e-05,
        8.611463336334851e-05,
        8.535830166619249e-05,
        8.49142889577835e-05,
        8.404367286447815e-05,
        8.356857956991754e-05,
        8.294448284149928e-05,
        8.278065939221207e-05,
        8.191764865236397e-05,
        8.142222625230053e-05,
        8.11509064293738e-05,
        8.050172108448499e-05,
        8.016976223918022e-05,
        7.955599699968498e-05,
        7.910053716347918e-05,
        7.88668677879418e-05,
        7.850446913446202e-05,
        7.80227461802247e-05,
        7.762823167353909e-05,
        7.70915596376029e-05
    ],
    "svm_test": [
        0.9957515964791733,
        0.9991408090117767,
        0.9998230088495574,
        0.9998230088495574,
        0.9998230088495574,
        1.0,
        1.0,
        1.0,
        1.0,
        1.0,
        1.0,
        1.0,
        1.0,
        1.0,
        1.0,
        1.0,
        1.0,
        1.0,
        1.0,
        1.0,
        1.0,
        1.0,
        1.0,
        1.0,
        1.0,
        1.0,
        1.0,
        0.9998882681564245,
        1.0,
        0.9998882681564245,
        1.0,
        1.0,
        1.0,
        1.0,
        1.0,
        1.0,
        1.0,
        1.0,
        1.0,
        1.0,
        1.0,
        1.0,
        1.0,
        1.0,
        1.0,
        1.0,
        1.0,
        1.0,
        1.0,
        1.0
    ],
    "svm_train": [
        0.9986344892340097,
        1.0,
        1.0,
        1.0,
        1.0,
        1.0,
        1.0,
        1.0,
        1.0,
        1.0,
        1.0,
        1.0,
        1.0,
        1.0,
        1.0,
        1.0,
        1.0,
        1.0,
        1.0,
        1.0,
        1.0,
        1.0,
        1.0,
        1.0,
        1.0,
        1.0,
        1.0,
        1.0,
        1.0,
        1.0,
        1.0,
        1.0,
        1.0,
        1.0,
        1.0,
        1.0,
        1.0,
        1.0,
        1.0,
        1.0,
        1.0,
        1.0,
        1.0,
        1.0,
        1.0,
        1.0,
        1.0,
        1.0,
        1.0,
        1.0
    ],
    "val_loss": [
        0.00033726157227008017,
        0.0002454000674657292,
        0.00020553636578503608,
        0.0001806240518496792,
        0.0001647124857836905,
        0.00015224617615687517,
        0.00014303731111625444,
        0.00013771793748726738,
        0.00013174137601799593,
        0.00012563686893186316,
        0.00012248224101969144,
        0.00011884089739024209,
        0.00011568871379430912,
        0.00011333315556656543,
        0.000111748465957429,
        0.00010870277866586896,
        0.0001048812624476331,
        0.00010372125757799513,
        0.00010335482125413092,
        0.0001028659364358559,
        0.00010171036327167664,
        9.973004264063287e-05,
        9.874395316880693e-05,
        9.772868543807896e-05,
        9.715256591981061e-05,
        9.668543898325318e-05,
        9.482233322613312e-05,
        9.547104803051217e-05,
        9.144123483986753e-05,
        9.210264620588022e-05,
        9.121368372619965e-05,
        9.056617087414558e-05,
        8.903284183648961e-05,
        8.97717580755365e-05,
        8.863423975176574e-05,
        8.875723739771277e-05,
        8.90675094817757e-05,
        8.772142704175476e-05,
        8.739260565630527e-05,
        8.737305029975909e-05,
        8.699834035425762e-05,
        8.687558216764018e-05,
        8.586636220040359e-05,
        8.553465935637444e-05,
        8.667319776472363e-05,
        8.520001546577835e-05,
        8.572579944136453e-05,
        8.486606709590224e-05,
        8.472275769015842e-05,
        8.39029345336986e-05
    ]
}