{
    "best_loss": [
        7.639404442524483e-05,
        49
    ],
    "loss": [
        0.0005125213576278212,
        0.00027167121686410005,
        0.00021294160825146728,
        0.00018489239288088844,
        0.00016569794838638616,
        0.00015166207918630478,
        0.00014167356753520672,
        0.0001340080606349264,
        0.0001272628494355125,
        0.00012202820625035854,
        0.00011753815533396471,
        0.00011367953853440385,
        0.00011045202652400083,
        0.00010786426866785788,
        0.00010531207293002325,
        0.0001031725333746512,
        0.00010103308380652542,
        9.92594835597252e-05,
        9.774740347928507e-05,
        9.65065305451746e-05,
        9.489483893424071e-05,
        9.412627126220209e-05,
        9.267381575140745e-05,
        9.185592622208387e-05,
        9.071682214684503e-05,
        8.987218681022095e-05,
        8.892210464995327e-05,
        8.819121649371069e-05,
        8.74478494787156e-05,
        8.683924067135349e-05,
        8.620669378408228e-05,
        8.520256623833858e-05,
        8.463579694050747e-05,
        8.405987120057205e-05,
        8.353830821818337e-05,
        8.300498755976475e-05,
        8.262730210966496e-05,
        8.179714204251244e-05,
        8.156972117825477e-05,
        8.067910066535082e-05,
        8.039024406826172e-05,
        7.97065679248535e-05,
        7.947965609616282e-05,
        7.878510574057135e-05,
        7.835925511890416e-05,
        7.81844501438888e-05,
        7.770621476215477e-05,
        7.708858967009566e-05,
        7.690136963943575e-05,
        7.639404442524483e-05
    ],
    "svm_test": [
        0.9973380860668574,
        0.9991151035126694,
        0.9992530345471522,
        0.9988235294117647,
        0.9994117647058823,
        1.0,
        1.0,
        1.0,
        1.0,
        1.0,
        1.0,
        1.0,
        0.9994736842105263,
        0.9994736842105263,
        0.9994736842105263,
        0.9994736842105263,
        0.9994736842105263,
        0.9994736842105263,
        0.9994736842105263,
        1.0,
        0.9994736842105263,
        0.9994736842105263,
        0.9994736842105263,
        1.0,
        1.0,
        1.0,
        1.0,
        1.0,
        1.0,
        1.0,
        1.0,
        1.0,
        1.0,
        1.0,
        1.0,
        1.0,
        1.0,
        1.0,
        1.0,
        1.0,
        1.0,
        1.0,
        1.0,
        1.0,
        1.0,
        1.0,
        1.0,
        1.0,
        1.0,
        1.0
    ],
    "svm_train": [
        0.9997513227513227,
        0.999679012345679,
        1.0,
        1.0,
        1.0,
        1.0,
        1.0,
        1.0,
        1.0,
        1.0,
        1.0,
        1.0,
        1.0,
        1.0,
        1.0,
        1.0,
        1.0,
        1.0,
        1.0,
        1.0,
        1.0,
        1.0,
        1.0,
        1.0,
        1.0,
        1.0,
        1.0,
        1.0,
        1.0,
        1.0,
        1.0,
        1.0,
        1.0,
        1.0,
        1.0,
        1.0,
        1.0,
        1.0,
        1.0,
        1.0,
        1.0,
        1.0,
        1.0,
        1.0,
        1.0,
        1.0,
        1.0,
        1.0,
        1.0,
        1.0
    ],
    "val_loss": [
        0.00033531562467380155,
        0.00023431088756682564,
        0.0001992873409445624,
        0.0001747738359503327,
        0.00016039597392656103,
        0.000146168248103891,
        0.00014088703995855613,
        0.00013176733109582594,
        0.0001263723174488697,
        0.00012427813493625162,
        0.00011709239457067095,
        0.00011445422773522357,
        0.00011120588215827762,
        0.00010902529673279549,
        0.00010663628965639307,
        0.00010436276032572065,
        0.00010233028582562378,
        0.00010141471900924327,
        0.00010012886925454345,
        9.862403926773781e-05,
        9.937652243778942e-05,
        9.679390161561923e-05,
        9.569078278680265e-05,
        9.537312919205355e-05,
        9.423222651807916e-05,
        9.390665774871623e-05,
        9.222833558774197e-05,
        9.162954298890247e-05,
        9.206802317871395e-05,
        9.032663035042595e-05,
        9.029456566429272e-05,
        9.045717533534656e-05,
        8.95807114167779e-05,
        8.966128765701298e-05,
        8.808460843283683e-05,
        8.83721810306609e-05,
        8.77831555496401e-05,
        8.664934652984893e-05,
        8.717636351543182e-05,
        8.662198206847402e-05,
        8.634113906963796e-05,
        8.64671406512974e-05,
        8.540264586578869e-05,
        8.442961308197228e-05,
        8.459549279547748e-05,
        8.489596704434359e-05,
        8.368488303395032e-05,
        8.376492990124085e-05,
        8.33258792568589e-05,
        8.30733309756766e-05
    ]
}