{
    "best_loss": [
        7.978385135766876e-05,
        49
    ],
    "loss": [
        0.0005101353303203898,
        0.0002857723026111262,
        0.00022857702080676852,
        0.00020058158804010836,
        0.00018250196448224435,
        0.00016859844257746822,
        0.00015838416026847101,
        0.00015107066393956208,
        0.0001427216864817575,
        0.00012944811415266922,
        0.00012373385987152156,
        0.00011993136665845052,
        0.00011691460979623892,
        0.00011364835960565872,
        0.00011143550067453953,
        0.00010873511421647151,
        0.00010686170637803973,
        0.0001054052944735364,
        0.00010284136749419083,
        0.00010010487626355637,
        9.861646644468991e-05,
        9.744788759608134e-05,
        9.626882389614032e-05,
        9.514915572627808e-05,
        9.451169571355723e-05,
        9.362973575948938e-05,
        9.271862077374548e-05,
        9.216472136733516e-05,
        9.095702259059198e-05,
        9.064893014465297e-05,
        8.970187497143783e-05,
        8.919125806515032e-05,
        8.852898167588708e-05,
        8.812343404626839e-05,
        8.715693183838865e-05,
        8.692429626097013e-05,
        8.580757634919503e-05,
        8.473188205967289e-05,
        8.420483199494075e-05,
        8.352291672970967e-05,
        8.336208044580227e-05,
        8.290024411172076e-05,
        8.236552408864228e-05,
        8.203559398101961e-05,
        8.165668964150753e-05,
        8.129645130021084e-05,
        8.070858112173362e-05,
        8.03902480522703e-05,
        8.029557310903053e-05,
        7.978385135766876e-05
    ],
    "svm_test": [
        0.9976102061071773,
        0.9989985078198389,
        0.9981999164006689,
        0.9998611111111111,
        0.9995832797393187,
        0.9998611111111111,
        0.9998611111111111,
        0.9998611111111111,
        0.9998611111111111,
        0.9998611111111111,
        0.9998611111111111,
        0.9998611111111111,
        0.9998611111111111,
        0.9998611111111111,
        0.9998611111111111,
        0.9998611111111111,
        0.9998611111111111,
        0.9998611111111111,
        0.9998611111111111,
        0.9998611111111111,
        0.9998611111111111,
        0.9998611111111111,
        0.9998611111111111,
        0.9998611111111111,
        0.9998611111111111,
        0.9998611111111111,
        0.9998611111111111,
        0.9998611111111111,
        0.9998611111111111,
        0.9998611111111111,
        0.9998611111111111,
        0.9998611111111111,
        0.9998611111111111,
        0.9998611111111111,
        0.9998611111111111,
        0.9998611111111111,
        0.9998611111111111,
        0.9998611111111111,
        0.9998611111111111,
        0.9998611111111111,
        0.9998611111111111,
        0.9998611111111111,
        0.9998611111111111,
        0.9998611111111111,
        0.9998611111111111,
        0.9998611111111111,
        0.9998611111111111,
        0.9998611111111111,
        0.9998611111111111,
        0.9998611111111111
    ],
    "svm_train": [
        0.9994244604316546,
        1.0,
        1.0,
        1.0,
        1.0,
        1.0,
        1.0,
        1.0,
        1.0,
        1.0,
        1.0,
        1.0,
        1.0,
        1.0,
        1.0,
        1.0,
        1.0,
        1.0,
        1.0,
        1.0,
        1.0,
        1.0,
        1.0,
        1.0,
        1.0,
        1.0,
        1.0,
        1.0,
        1.0,
        1.0,
        1.0,
        1.0,
        1.0,
        1.0,
        1.0,
        1.0,
        1.0,
        1.0,
        1.0,
        1.0,
        1.0,
        1.0,
        1.0,
        1.0,
        1.0,
        1.0,
        1.0,
        1.0,
        1.0,
        1.0
    ],
    "val_loss": [
        0.00034566363637931525,
        0.00024674274595075016,
        0.00021117196553975686,
        0.00018973533566160245,
        0.00017478764088977116,
        0.0001652484031406352,
        0.00015467102907643936,
        0.00014824119494393935,
        0.0001336584142611401,
        0.0001266461959328814,
        0.00012296368895145483,
        0.00012274406202629585,
        0.00011757576571054266,
        0.00011591282603929832,
        0.00011209760248720434,
        0.00010913340277814616,
        0.00010834445868442104,
        0.00010835978847984245,
        0.00010369089694088774,
        0.00010189145143016063,
        0.00010236361825021157,
        9.912036511910299e-05,
        9.873634316441419e-05,
        9.776665233632116e-05,
        9.779435598554981e-05,
        9.769509156972732e-05,
        9.703751004788633e-05,
        9.5024956792038e-05,
        9.402289901076969e-05,
        9.509803711859428e-05,
        9.306642211714634e-05,
        9.368404638811264e-05,
        9.27157515300825e-05,
        9.201961866266015e-05,
        9.173623404162662e-05,
        9.094109396699272e-05,
        9.101712196100342e-05,
        8.954830036259287e-05,
        8.873624470030503e-05,
        8.895966778811274e-05,
        8.833399247898423e-05,
        8.903991451960093e-05,
        8.802562412232638e-05,
        8.743806104342945e-05,
        8.794390917589712e-05,
        8.613057372951082e-05,
        8.695390381175767e-05,
        8.648940391701547e-05,
        8.616132004696093e-05,
        8.567014331763434e-05
    ]
}