{
    "best_loss": [
        0.0002003436858596317,
        49
    ],
    "loss": [
        0.0007351087867678859,
        0.0006128601759415069,
        0.0005196651428823488,
        0.0004732808375847607,
        0.00043715897190728744,
        0.00040291149220926965,
        0.0003739779193915299,
        0.00035456748369103993,
        0.00034098284821846555,
        0.00032519168846741476,
        0.00031470667763391707,
        0.00030545279874476207,
        0.00029605008077710404,
        0.0002900756584353477,
        0.00028120239045909207,
        0.0002759530283710245,
        0.0002703701034512555,
        0.00026570042869645914,
        0.0002694790343979082,
        0.0002585352712114012,
        0.00025466268449538134,
        0.00025669821486910084,
        0.0002490350528119275,
        0.00024908408554192077,
        0.00024298228284924485,
        0.0002397351342951717,
        0.0002373108048440774,
        0.0002342844660494257,
        0.00023205666294690992,
        0.00022951540222183308,
        0.00022831137538305402,
        0.00022611430037362197,
        0.0002234974146692932,
        0.00022291919361307923,
        0.00022159144754108951,
        0.00021854088858692087,
        0.0002182832305252612,
        0.00021913318183515142,
        0.000213458737061557,
        0.00021308511983920655,
        0.00021638478361303342,
        0.00021019087095569452,
        0.00020814811563604196,
        0.00020616741227865928,
        0.00021248691620922197,
        0.0002055207217157279,
        0.00020315554677191938,
        0.00023741180662017344,
        0.00020562322373819826,
        0.0002003436858596317
    ],
    "svm_test": [
        0.7364773705668626,
        0.7775901415398394,
        0.7977084840036555,
        0.832676505847737,
        0.8488624315411367,
        0.8541821256077754,
        0.8700545066563935,
        0.8832477979408695,
        0.8781085090398035,
        0.8748868139345917,
        0.8848189431422759,
        0.889975109052394,
        0.8901983769827122,
        0.8959280111704544,
        0.8908134052363912,
        0.8943538554085508,
        0.888185798446226,
        0.8905913038612415,
        0.8873879551216195,
        0.8814573041997076,
        0.8844425597670647,
        0.8882303520937509,
        0.8881335142784886,
        0.895230701043443,
        0.8924571953358382,
        0.8976517362983383,
        0.8924153317469365,
        0.8910559623629353,
        0.8930559160086344,
        0.8853960434486172,
        0.8891382665642362,
        0.8898113125614808,
        0.8915557784277457,
        0.8913845420442787,
        0.8946182811766732,
        0.8983635472707243,
        0.8919464782156605,
        0.8938158261888401,
        0.8993467432780733,
        0.8963915410227908,
        0.8955807898778005,
        0.8982288273076586,
        0.9015900859218378,
        0.8992231390476976,
        0.9050187849336828,
        0.9007097881725173,
        0.8988381366949015,
        0.9011484012279057,
        0.8965816773112196,
        0.8987782805334692
    ],
    "svm_train": [
        0.912291769292028,
        0.8842648217943163,
        0.897513376546326,
        0.9104830084953978,
        0.9237413044836185,
        0.929788890340542,
        0.9395807450552843,
        0.9461031589000383,
        0.9474930937072772,
        0.952038447716777,
        0.9551433635752308,
        0.9561972164923058,
        0.9587092171308742,
        0.9614900653208466,
        0.9612738534356617,
        0.9619833799247348,
        0.9644637420537868,
        0.9675943693928181,
        0.9679455218923254,
        0.9702466582991564,
        0.970708739041265,
        0.9713631071819755,
        0.9744349847524851,
        0.9725541381765122,
        0.9741136650667455,
        0.9764630708068893,
        0.9763105012363326,
        0.9774338306828735,
        0.9762774744279037,
        0.976770402557049,
        0.9772886124217308,
        0.9788916964164764,
        0.9768976804588673,
        0.9765235178548289,
        0.9777405929315492,
        0.9781256805002672,
        0.9781806247147558,
        0.9781012341015148,
        0.9782160087923468,
        0.9794567799368228,
        0.9792740055071525,
        0.9803113124391705,
        0.9801957351583863,
        0.9793002508401254,
        0.9793223186892777,
        0.9800954748822776,
        0.9814080512360293,
        0.9820580011104425,
        0.9836367065715742,
        0.9826466464350306
    ],
    "val_loss": [
        0.0006677495351560832,
        0.0005566473489358522,
        0.0004933416008942543,
        0.0004567193842319897,
        0.0004187098637843348,
        0.00038790429943475954,
        0.00036880112797696646,
        0.0003692168418761668,
        0.00033751066848986797,
        0.00033198978496360674,
        0.0003171847512033127,
        0.00031007762762240323,
        0.00030390462322374645,
        0.00029335585494399274,
        0.000289020273346585,
        0.0002861161341009771,
        0.0002795615381413255,
        0.00029607087934561255,
        0.0002727705114006708,
        0.00026903461113642865,
        0.00027177948837509795,
        0.00026387939818551203,
        0.00026972322223597125,
        0.00026017573274569417,
        0.00025612191116951955,
        0.0002517381589671853,
        0.0002471803139512203,
        0.0002459669822965488,
        0.00024376880514320675,
        0.00024264021859539007,
        0.00024418340889404284,
        0.00023653257669506282,
        0.00023799144894548816,
        0.0002355671778592578,
        0.00023377673689211974,
        0.00023253589773670607,
        0.00023452711401289068,
        0.000228871924212616,
        0.00022709900235047726,
        0.0002327842848555148,
        0.00022738048203072356,
        0.0002256130784702434,
        0.0002216853611758181,
        0.00022652886303290196,
        0.00022281708574657414,
        0.00021876863109003067,
        0.00022221014626306297,
        0.00022845510438405407,
        0.0002171653878714933,
        0.00021669165778607927
    ]
}