{
    "best_loss": [
        0.00015247635269737193,
        49
    ],
    "loss": [
        0.000717822460441355,
        0.000582279709788293,
        0.0005016651671296611,
        0.00045606545871496225,
        0.00041287993251884345,
        0.00037683228491343525,
        0.0003510243159873859,
        0.0003317315055173579,
        0.00031459167551019126,
        0.0003029065303081957,
        0.00028734628044922646,
        0.00026840385740849133,
        0.0002558331855437539,
        0.00025257223944962534,
        0.00024550755714032054,
        0.000244295500045695,
        0.00023065338175227683,
        0.00022422383786463562,
        0.00022120550077880756,
        0.00021704037858744912,
        0.000212783930564427,
        0.00020998216803338617,
        0.0002053043826824839,
        0.00020164215630271538,
        0.00019613483231823104,
        0.00019315866217360506,
        0.00018856964449975064,
        0.0001918382024522977,
        0.00018492327124410452,
        0.00018278268998085065,
        0.00018427673154162947,
        0.00017813194400386108,
        0.00017648378722725055,
        0.00017450734474232308,
        0.00017345743027864422,
        0.0001718223871729398,
        0.00017573276243484367,
        0.0001684973651206794,
        0.00016840175719510183,
        0.00016510459356665593,
        0.00016492444383454355,
        0.00016546573896548128,
        0.000162029972902209,
        0.00016217099479794853,
        0.0001604150978358218,
        0.00015783099444395874,
        0.00016003135112793596,
        0.00015405636996995757,
        0.00015390231414221908,
        0.00015247635269737193
    ],
    "svm_test": [
        0.7218373716621147,
        0.7681102477785422,
        0.7902189263881101,
        0.8436997393209917,
        0.8528229413410666,
        0.8628707531309971,
        0.880260154955405,
        0.8938443752392558,
        0.8809827675138798,
        0.89244013141712,
        0.8870926108332661,
        0.8928483805636989,
        0.8938536121565405,
        0.8849241644058097,
        0.8895674596309262,
        0.8898305987482802,
        0.8947901755406813,
        0.8911284821617516,
        0.8898234857652252,
        0.8958289818526196,
        0.8940218004782493,
        0.9033432982722953,
        0.900097736074607,
        0.8976977260488408,
        0.8918198567704896,
        0.9045367469159307,
        0.9002978655237862,
        0.9026701281866352,
        0.903345455149791,
        0.914601293331432,
        0.912163036370071,
        0.9173859849244927,
        0.9166416683502578,
        0.9196478018109983,
        0.921604140283363,
        0.9201208485912756,
        0.9183199924986045,
        0.9213904820560217,
        0.9239355733841184,
        0.9215941538575061,
        0.918483470389761,
        0.9182226304146136,
        0.912997651735511,
        0.9195760114409373,
        0.9195575981864046,
        0.9198589637960312,
        0.9117346250191455,
        0.9171488681127107,
        0.910502080639661,
        0.9094849801531713
    ],
    "svm_train": [
        0.8863413806564637,
        0.8737066778597717,
        0.9069553045770755,
        0.9230309444142475,
        0.9273255457617785,
        0.9348050129931,
        0.9421595029940184,
        0.9447615485887337,
        0.9487233257915819,
        0.9533576006989988,
        0.954864884634341,
        0.9576680377646722,
        0.9608737016340734,
        0.9622047031109183,
        0.9609672594093343,
        0.9636379321095894,
        0.9669485264210836,
        0.965840478641857,
        0.9673147856691275,
        0.9670147651204636,
        0.9682016592012318,
        0.9701286663957651,
        0.9706598120611656,
        0.9715773311229905,
        0.9701121277928844,
        0.9733578401113667,
        0.9735489791331151,
        0.9729851709461996,
        0.9726917445794031,
        0.9737661210292816,
        0.9740863314186432,
        0.9747411205623009,
        0.9752226669271506,
        0.9748623398929632,
        0.9761042898262282,
        0.9760414483034123,
        0.9767852877925873,
        0.9778208223392538,
        0.977545895517149,
        0.9786994495895551,
        0.9766645508765396,
        0.979992801923362,
        0.9785577829617444,
        0.9797563671855315,
        0.9798757985183773,
        0.9812838109715708,
        0.979160190718037,
        0.980311742393281,
        0.9803204692285155,
        0.9800905683208678
    ],
    "val_loss": [
        0.0006351175720406448,
        0.0005297276642660439,
        0.0004773828038778913,
        0.0004325667166855429,
        0.0003946166732598565,
        0.0003664759376747601,
        0.0003502750722775635,
        0.00033053233135081145,
        0.0003209990674468368,
        0.0003008608391838077,
        0.00028930419416122274,
        0.0002722430444610423,
        0.000265114088982637,
        0.0002539299743989318,
        0.0002807144088232418,
        0.00024345027481297235,
        0.00023833418180734596,
        0.00023430531732454267,
        0.0002308246293674629,
        0.00022713237077476634,
        0.0002211124922201876,
        0.00022313484465524567,
        0.0002182390474743232,
        0.00020886854651543682,
        0.00020465482118233477,
        0.0002027243942404026,
        0.00020253786466521836,
        0.0002014959339870909,
        0.00019836002805580696,
        0.0002072205992626611,
        0.00019113768033705844,
        0.0001890908700680779,
        0.00019042655784574802,
        0.00018654083353217223,
        0.00018787902325941648,
        0.00018535292285872063,
        0.00018409490348706692,
        0.00018683148461165198,
        0.00017980923914145467,
        0.00018104008962174813,
        0.00018007390542790496,
        0.0001771668252782895,
        0.00017787560924362137,
        0.00017443235354977683,
        0.00017513874015793137,
        0.00017300894847098255,
        0.0001707117024415694,
        0.0001700094441599386,
        0.00016826983785094007,
        0.00017120574515837135
    ]
}