{
    "best_loss": [
        0.00019562036177315543,
        49
    ],
    "loss": [
        0.0007285637527297863,
        0.000618250026272749,
        0.000537837692889531,
        0.00048186329002001003,
        0.00043630777311740574,
        0.0004016853092038488,
        0.0003724783766317643,
        0.0003591042142662038,
        0.0003353511855431319,
        0.0003234551177708764,
        0.00031068933636175047,
        0.0003014960487279095,
        0.00029105676011734655,
        0.00028553069639631956,
        0.0002865034031114267,
        0.0002777315469363325,
        0.0002660558548301686,
        0.00026254613368015327,
        0.0002564763347046491,
        0.00025384586831154093,
        0.00025733740760579873,
        0.00024639237260984246,
        0.00024222852626124559,
        0.00024126020463124755,
        0.0002401067263230051,
        0.00023443317450490004,
        0.00023172378903004768,
        0.00022983597772734942,
        0.00022844154946075155,
        0.00022579937914263092,
        0.0002243660977645126,
        0.0002228328668067055,
        0.00022064490732592724,
        0.00022088045383237523,
        0.00021850377493444663,
        0.0002148193910334751,
        0.00021576622006578555,
        0.0002128991341168689,
        0.00020956085448220571,
        0.0002097068115384084,
        0.0002068735248838233,
        0.00020655397283736446,
        0.0002052069978844346,
        0.00021170844048914683,
        0.00020266267212348934,
        0.0002001584888786361,
        0.00020019932733749234,
        0.00019852444985508244,
        0.00019799971416992624,
        0.00019562036177315543
    ],
    "svm_test": [
        0.6998501654167679,
        0.7119210006504881,
        0.7762378754263513,
        0.8332805523003326,
        0.8494634645347541,
        0.8640088778822741,
        0.8730616728237852,
        0.8776448574178494,
        0.8862322034413151,
        0.8831334405208906,
        0.8883786010539471,
        0.8877633466783273,
        0.8897054801516813,
        0.8946470665319655,
        0.8994746139530851,
        0.8970601103771731,
        0.898009474032484,
        0.9004892554962616,
        0.9013553871522901,
        0.9010801326982789,
        0.9007816613180829,
        0.9020580542972199,
        0.8992088139408856,
        0.9029891606617363,
        0.9031121688003633,
        0.9025869611236716,
        0.9050692838451645,
        0.9024349196792594,
        0.897698963622642,
        0.9026198887547221,
        0.902609266041627,
        0.9050563632412549,
        0.8982133306484164,
        0.9039665448786566,
        0.9044250033393444,
        0.9066956418727996,
        0.9076841105888139,
        0.8984513309066853,
        0.8999873108092091,
        0.9043660151530626,
        0.9079735819668784,
        0.9009905231570465,
        0.9054209716851299,
        0.9065434356773621,
        0.9035770933480397,
        0.902737875285832,
        0.906209931892869,
        0.8991906474505191,
        0.900765453817054,
        0.9039777276043734
    ],
    "svm_train": [
        0.8739755173001451,
        0.8662233510292014,
        0.8986418281372601,
        0.9117040864559183,
        0.9298789519744892,
        0.936753862294435,
        0.9432462115053846,
        0.9445729521864333,
        0.9490882163561538,
        0.9527825281780309,
        0.955078452880219,
        0.9575770483518165,
        0.9615210476292698,
        0.9625522050413859,
        0.9623502264369361,
        0.9652762371116228,
        0.9671926232330075,
        0.9651431428892951,
        0.9665454436185184,
        0.971047034504014,
        0.9711943072262547,
        0.9734115500697424,
        0.9737843593726123,
        0.9761482153536036,
        0.974786445731482,
        0.9755521898967894,
        0.9775965624941154,
        0.9778578669527658,
        0.9782633496423243,
        0.977919486634566,
        0.9781922310926032,
        0.9779988079696323,
        0.9777957628859225,
        0.9794678812625794,
        0.9796148333663843,
        0.9801981907996098,
        0.981428668437861,
        0.9815148581172857,
        0.9816965613309154,
        0.9830597304180857,
        0.982743205585711,
        0.9823694751717027,
        0.9825200219189337,
        0.9829102026616319,
        0.9825607038266417,
        0.9836033297833641,
        0.983032188816279,
        0.9832461823556438,
        0.9840011636332302,
        0.9834653343631204
    ],
    "val_loss": [
        0.0006604674381722733,
        0.000566747443787168,
        0.0005045954609856229,
        0.00045583593232441085,
        0.00041696822003714853,
        0.0003876969664512823,
        0.0003710953910621562,
        0.0003477211734349956,
        0.00034032436837592517,
        0.00032543029599736505,
        0.0003145933197403112,
        0.00030217762210439533,
        0.00030402456948641973,
        0.00028905559861882235,
        0.0003007225015110108,
        0.00027851077649132365,
        0.00027623511396056175,
        0.00026945945464973024,
        0.0002648743282343169,
        0.0002705871114459637,
        0.0002579917994717967,
        0.00025568376609628774,
        0.00026097205379352274,
        0.0002536154969026058,
        0.00024624903652236297,
        0.00024305230698653984,
        0.00024388141926507838,
        0.00024093417538404848,
        0.00023947311237801133,
        0.00023621731230209886,
        0.00023834211808341956,
        0.0002327474217932375,
        0.0002352661268490703,
        0.00023214742934708855,
        0.00022946397196897968,
        0.0002305376739804796,
        0.0002291564835299871,
        0.0002225718179850595,
        0.0002224771999260364,
        0.00022054231560371328,
        0.00022161492218881996,
        0.00022200275012411168,
        0.00022504333260503604,
        0.00021835847403036567,
        0.0002150770210495538,
        0.00021319735406269047,
        0.00021367090648841155,
        0.00021358273459582097,
        0.00021046127206798793,
        0.0002104749541560475
    ]
}