{
    "best_loss": [
        0.00018730449051978758,
        47
    ],
    "loss": [
        0.0007183910439526179,
        0.0006013176743871816,
        0.0005330482789262672,
        0.00047989911793394104,
        0.00043027394560165184,
        0.0003938772594345314,
        0.00036771848626309495,
        0.000347271492695905,
        0.0003320506728421163,
        0.0003211932585095419,
        0.0003105676367003118,
        0.00030017536356429,
        0.00029149515642847387,
        0.0002914076731447286,
        0.0002775505127162568,
        0.0002698284737720499,
        0.00026907577989906094,
        0.0002658908622389193,
        0.00025562715614660956,
        0.00025328269552915545,
        0.0002497070730414775,
        0.00024268111821776017,
        0.00023662461672448366,
        0.0002354957853597219,
        0.0002286115367706366,
        0.00022858446369264978,
        0.0002267765018203631,
        0.00021997995217574307,
        0.00021825794253215304,
        0.00021750751442901314,
        0.00021253087602048624,
        0.00021183823093243748,
        0.00020970118919022226,
        0.00020933289876254942,
        0.00020937450160494334,
        0.00020463311905533757,
        0.00020502998371446185,
        0.000200852969125783,
        0.00021664034031091225,
        0.00020001058621901637,
        0.00019627944896223056,
        0.00019566920668483663,
        0.00019412376404809504,
        0.00019220317204058659,
        0.00019159986443617862,
        0.00019576764110987895,
        0.00018999682544449794,
        0.00018730449051978758,
        0.00018913793257089128,
        0.00018804664857937866
    ],
    "svm_test": [
        0.7203855730766384,
        0.7594324917138713,
        0.8110535290685378,
        0.83526666466217,
        0.8467841507082202,
        0.848287342617307,
        0.8581122751817175,
        0.8625392035477888,
        0.8741029617260875,
        0.8813681620652815,
        0.8912964945912698,
        0.8944797630634701,
        0.8886401764055563,
        0.8934735486424169,
        0.9037668179047342,
        0.9023627928368465,
        0.9032104058322763,
        0.9079143429803984,
        0.8989749270282239,
        0.9034681320575731,
        0.9124323760635296,
        0.9124493188975642,
        0.909629229024741,
        0.9144772623180926,
        0.909021987607215,
        0.9053545469245574,
        0.9111163613934194,
        0.9108350303017725,
        0.9097341746901415,
        0.9152685145961548,
        0.9090015258018431,
        0.9082234125702238,
        0.9079192190733916,
        0.9054001715030041,
        0.9069420004572746,
        0.9028034243736178,
        0.9012383493242045,
        0.8990078910766357,
        0.9112811926304698,
        0.9034966239749749,
        0.9093314945280857,
        0.9081416769745918,
        0.9051507254151232,
        0.9081979155243375,
        0.9049314851289186,
        0.9126587837836712,
        0.9142556106904147,
        0.9123345621821847,
        0.9092061348061307,
        0.9105911175798285
    ],
    "svm_train": [
        0.8528841055947347,
        0.8600876063651486,
        0.8829857251305111,
        0.9122912555493674,
        0.9302418842888409,
        0.9318011390684796,
        0.9366613697103523,
        0.942019981343506,
        0.9496328305672936,
        0.9512555474295552,
        0.9510902065589668,
        0.9519493688493825,
        0.9550936112515063,
        0.9595155316647566,
        0.9628001065077854,
        0.9619126997070194,
        0.9664117709522928,
        0.9677111086452722,
        0.9670547695959653,
        0.9707906018794353,
        0.9720868190723251,
        0.9734152946091443,
        0.9747645021965767,
        0.9750265896432362,
        0.9752513089668366,
        0.9752366722239063,
        0.9761002360416355,
        0.9757667296627983,
        0.9768220481014251,
        0.9761296157812893,
        0.9764014537918095,
        0.9770853578437739,
        0.977186756447199,
        0.9767520256538118,
        0.9783879815333452,
        0.9779477646215737,
        0.9789000284459235,
        0.9779856173737385,
        0.9781420931677812,
        0.9790923967959996,
        0.9778022954275527,
        0.9782797145421922,
        0.9795316858238375,
        0.9783384403076854,
        0.9799086535261241,
        0.9804940923149637,
        0.9802788529300039,
        0.9797321545825808,
        0.9800823285869631,
        0.9807557947392631
    ],
    "val_loss": [
        0.0006425501459016961,
        0.0005573042098699168,
        0.0005055041454769215,
        0.0004505749406595183,
        0.00041001841113835253,
        0.0003837190778376913,
        0.0003593438253458123,
        0.000346485451160545,
        0.00032988944014199554,
        0.0003256608564612644,
        0.000315940508009147,
        0.0003024149202265138,
        0.00032038536153328965,
        0.00029038822314950483,
        0.0002811448439646307,
        0.00027889954485122267,
        0.00027812240733329725,
        0.0002683137831816882,
        0.0002672923490907541,
        0.0002603611170762422,
        0.0002580336827585763,
        0.0002505569038474072,
        0.00026321425490378276,
        0.00024323457366844944,
        0.00023727582690805357,
        0.00024206402388334732,
        0.00023432918814214078,
        0.00023043667668411658,
        0.00023157824653653768,
        0.00022610715638454092,
        0.0002252601879504657,
        0.00022242348838583803,
        0.00022184533395109472,
        0.0002248879176159361,
        0.00021906481519314,
        0.00022199392624599231,
        0.00021550181353802633,
        0.00024242437704148588,
        0.0002171206057411668,
        0.00021048753342433674,
        0.00020990439920597304,
        0.00021020300947856594,
        0.00020572534787199632,
        0.00020565230588180685,
        0.00021208431612697374,
        0.0002053785665652885,
        0.00020202919423285276,
        0.00020173144426430552,
        0.00020515494784272887,
        0.0002005856643249755
    ]
}