{
    "best_loss": [
        0.00016418856783196304,
        49
    ],
    "loss": [
        0.0007224482130186718,
        0.0006025519537061565,
        0.0005217580216630731,
        0.00047213809291519115,
        0.00043408602354198106,
        0.0003940985918115787,
        0.00036943310269042665,
        0.0003457617786019506,
        0.00033644626050400786,
        0.00029732366538858977,
        0.00028648443511517744,
        0.00027186282129834405,
        0.00026219931775307555,
        0.00025389610280391115,
        0.0002449900122587691,
        0.00023864057981634577,
        0.00023300741989897334,
        0.00023017254044935647,
        0.00022324739902275867,
        0.00022060597826504917,
        0.0002158907443902631,
        0.00021169326804800122,
        0.00020929445825430628,
        0.00020544408613846482,
        0.00020374836958808753,
        0.00020093817247030402,
        0.00019980347922786244,
        0.0001980413625798223,
        0.0001989430139531471,
        0.00019100245242555143,
        0.00018967493691277712,
        0.00018839187214021976,
        0.00018542885764333034,
        0.00018546660250956146,
        0.00018376915066961136,
        0.00018350009785529224,
        0.00017873186134613022,
        0.0001777813050103761,
        0.00017711673075145108,
        0.0001749692501790607,
        0.00017345930273875512,
        0.0001727709358878865,
        0.00017233523015941154,
        0.0001767645939674361,
        0.0001704131220542537,
        0.0001669011383288129,
        0.00016588844491013894,
        0.00016508241155616002,
        0.00016484538774209746,
        0.00016418856783196304
    ],
    "svm_test": [
        0.752362530295941,
        0.767377625200441,
        0.7993698072493984,
        0.8268471773424708,
        0.8360856988579786,
        0.859889914853652,
        0.8753447662834284,
        0.8742466091580535,
        0.8763629037015384,
        0.878877294801125,
        0.8718817745055216,
        0.8858827639027081,
        0.8833100681902446,
        0.8793836169151369,
        0.8753193535226055,
        0.8813301224266306,
        0.8875828135009003,
        0.8940988954654371,
        0.8865890561762404,
        0.8836208604107885,
        0.894079878740639,
        0.8899154701259837,
        0.8876617387529576,
        0.886939696193354,
        0.9005390279423893,
        0.8984104273407423,
        0.8885730456407588,
        0.8966617297078467,
        0.9001816841077354,
        0.8963917801020734,
        0.8929652264423482,
        0.9010020662058935,
        0.8935515552893166,
        0.8930267037822485,
        0.8985910695194237,
        0.8943355576974106,
        0.8986664443505974,
        0.8989537954951928,
        0.8938850658279935,
        0.8910048577174337,
        0.8934470591411318,
        0.889814695159362,
        0.8957491042836676,
        0.8925803835220965,
        0.8894417633031344,
        0.8930707574662567,
        0.8966166104787526,
        0.8942234692252085,
        0.8941679626997484,
        0.8950070567654049
    ],
    "svm_train": [
        0.893178691202698,
        0.8694713687149793,
        0.8813654345408783,
        0.896961170986384,
        0.9074056300817068,
        0.9209789115400209,
        0.9293679279409806,
        0.9373051468336371,
        0.9412246635147595,
        0.9436728989588692,
        0.9487213916467969,
        0.9485272319058538,
        0.95003545607495,
        0.9526893972751705,
        0.9544339403754208,
        0.9567064981754221,
        0.9589238876891115,
        0.9603498370247936,
        0.9604093740274463,
        0.964447303059905,
        0.9638923887184419,
        0.9657913648797449,
        0.9668360182776702,
        0.9675935884510845,
        0.9685077009304202,
        0.9692713390621297,
        0.968227955248989,
        0.9704290090767859,
        0.9711816892012533,
        0.9723429409233943,
        0.9713440864437082,
        0.9731685020784222,
        0.9740094416305336,
        0.9747092761360925,
        0.9752541346702113,
        0.9744328225932135,
        0.9729696226279778,
        0.9742649684728099,
        0.9735681105472436,
        0.9738363888491639,
        0.9751052053294214,
        0.9749553462408551,
        0.9759467259365339,
        0.9756717367719938,
        0.9755893991496044,
        0.975326540213975,
        0.97687148264586,
        0.9766456640177362,
        0.9757995033026091,
        0.9753783925295896
    ],
    "val_loss": [
        0.0006482907935701111,
        0.0005560014888235598,
        0.000492332006230606,
        0.00045945740824478176,
        0.0004189885124192886,
        0.00039507021333084737,
        0.0003653727707770427,
        0.00037817137876166684,
        0.0003192667520858082,
        0.00031416256132147757,
        0.00029453027217943463,
        0.0002764185825671341,
        0.000266251019614423,
        0.0002612606759047248,
        0.0002529533197641796,
        0.00024558988125359055,
        0.0002458228385215936,
        0.00023945805656605448,
        0.00023456508092030485,
        0.0002309398731851498,
        0.00022616951152337986,
        0.00022449093241553613,
        0.00021860089875396782,
        0.0002188882846898609,
        0.00021689908736761875,
        0.00021635634980329369,
        0.0002125333193461421,
        0.00021175973570826805,
        0.0002080400199924942,
        0.00020436980046113052,
        0.0002025801053593238,
        0.00020364700485475128,
        0.00020070578549046875,
        0.00019803042660331466,
        0.0001987318848887197,
        0.0001962255181061241,
        0.00019176005653389843,
        0.0001929372892987796,
        0.0001901761016599473,
        0.0001896495688361798,
        0.00018943947693747873,
        0.00018831970453270626,
        0.0001872136316055801,
        0.00018844690233757325,
        0.00018709712657395062,
        0.00018244348825494818,
        0.00017993150151620946,
        0.00017998857192388156,
        0.0001811740832700952,
        0.00017937167520678388
    ]
}