{
    "i_apy": {
        "cat": [
            0.6065977334967836,
            0.6342673431239749,
            0.6453356849636485,
            0.5988793796036029,
            0.6102747166340783
        ],
        "iso": [
            0.44711650492930843,
            0.46241545080068136,
            0.47155411999039315,
            0.44595649431037,
            0.47307480399043833
        ],
        "lle": [
            0.4927592417750747,
            0.47778717980301594,
            0.44859964532359253,
            0.46142739198016536,
            0.47011636379382504
        ],
        "pca": [
            0.2969486619649747,
            0.30087130203426676,
            0.29786358524036527,
            0.34069032581408265,
            0.31193407261198114
        ],
        "s2s": [
            0.38218794671206757,
            0.4117042036560215,
            0.42112277609379156,
            0.41700921740083985,
            0.4047762660075841
        ],
        "sae": [
            0.45768830546813044,
            0.5017744752283659,
            0.4512249425694489,
            0.4012053231449235,
            0.42128174910126215
        ],
        "sem": [
            0.0456957778203782,
            0.045606394845999126,
            0.03177711527821013,
            0.036338183902974,
            0.039853004634708936
        ],
        "vis": [
            0.6635070861592125,
            0.6537065755526599,
            0.6415194856676665,
            0.6501671296313329,
            0.6337003570801338
        ],
        "vse": [
            0.29543756783104896,
            0.3199231534388254,
            0.29332647095018616,
            0.31427151425400135,
            0.2733754523498836
        ]
    },
    "i_awa": {
        "cat": [
            0.58511195483202,
            0.5858461814575131,
            0.5828474552518474,
            0.5944893110698171,
            0.5883166006489844
        ],
        "iso": [
            0.5949394493100538,
            0.6140118284585646,
            0.6002977568987101,
            0.6256741012799683,
            0.6149233921870372
        ],
        "lle": [
            0.7319908226454875,
            0.7589969652402415,
            0.7370666472639915,
            0.7329376867899449,
            0.7285272956538558
        ],
        "pca": [
            0.3465252844489949,
            0.3489061037063735,
            0.3387394558911578,
            0.33527360531279243,
            0.34035293211054957
        ],
        "s2s": [
            0.5412955786422711,
            0.5483062369935918,
            0.5620470475347336,
            0.5326305769372184,
            0.5484724962414851
        ],
        "sae": [
            0.7532999140478108,
            0.7486059841078629,
            0.7431063975385744,
            0.7644384755080926,
            0.744608165109554
        ],
        "sem": [
            0.04878984601609366,
            0.05370042304265939,
            0.04621889106161924,
            0.04872871287750227,
            0.05896102541784746
        ],
        "vis": [
            0.858583657433302,
            0.859664629349545,
            0.8659552284279767,
            0.8600642871976507,
            0.8513343422490842
        ],
        "vse": [
            0.3897344515242382,
            0.3940423627258699,
            0.4081616157701619,
            0.4021936463597968,
            0.3756022745784108
        ]
    },
    "i_cub": {
        "cat": [
            0.01272222222222222,
            0.013083333333333334,
            0.013366161616161616,
            0.010227272727272727,
            0.013371212121212122
        ],
        "iso": [
            0.04178030303030303,
            0.04449242424242425,
            0.04163131313131313,
            0.039848484848484855,
            0.04164393939393939
        ],
        "lle": [
            0.1689040404040404,
            0.17874368686868689,
            0.19393308080808083,
            0.17504545454545453,
            0.1750517676767677
        ],
        "pca": [
            0.023499999999999997,
            0.0285,
            0.02631439393939394,
            0.026143939393939393,
            0.02724242424242424
        ],
        "s2s": [
            0.16303030303030305,
            0.17644696969696966,
            0.17267929292929296,
            0.1882979797979798,
            0.1706363636363636
        ],
        "sae": [
            0.6792424242424242,
            0.680675505050505,
            0.6752133838383838,
            0.6810328282828283,
            0.6659747474747475
        ],
        "sem": [
            0.005416666666666668,
            0.005,
            0.006742424242424242,
            0.005151515151515152,
            0.007222222222222222
        ],
        "vis": [
            0.6578863636363637,
            0.6761704545454547,
            0.6531502525252526,
            0.6779671717171718,
            0.660486111111111
        ],
        "vse": [
            0.11732828282828284,
            0.11385353535353536,
            0.11295959595959597,
            0.12243560606060606,
            0.10743055555555553
        ]
    },
    "i_sun": {
        "cat": [
            0.3389121338912134,
            0.34553695955369595,
            0.3207810320781032,
            0.34449093444909346,
            0.33612273361227335
        ],
        "iso": [
            0.08333333333333333,
            0.08542538354253836,
            0.08856345885634588,
            0.08298465829846582,
            0.08368200836820083
        ],
        "lle": [
            0.08542538354253836,
            0.08437935843793584,
            0.08786610878661087,
            0.08298465829846582,
            0.08821478382147838
        ],
        "pca": [
            0.07880055788005579,
            0.08507670850767085,
            0.07217573221757322,
            0.07775453277545327,
            0.08751743375174338
        ],
        "s2s": [
            0.01708507670850767,
            0.01778242677824268,
            0.015690376569037656,
            0.020223152022315203,
            0.01778242677824268
        ],
        "sae": [
            0.0400976290097629,
            0.038354253835425386,
            0.030683403068340307,
            0.02789400278940028,
            0.03556485355648536
        ],
        "sem": [
            0.0020920502092050207,
            0.0010460251046025104,
            0.000697350069735007,
            0.001394700139470014,
            0.0020920502092050207
        ],
        "vis": [
            0.346931659693166,
            0.33751743375174337,
            0.3413528591352859,
            0.34344490934449096,
            0.3514644351464435
        ],
        "vse": [
            0.03695955369595537,
            0.04149232914923291,
            0.04358437935843794,
            0.0299860529986053,
            0.04184100418410042
        ]
    },
    "r_apy": {
        "cat": [
            0.6355441302377516,
            0.6455133643433946,
            0.645130658262046,
            0.6205604611496713,
            0.5965291509712446
        ],
        "iso": [
            0.45929172807133256,
            0.4540209137142729,
            0.4710186509596201,
            0.43088855713815216,
            0.45596735359630697
        ],
        "lle": [
            0.42306094380277365,
            0.4718487774197538,
            0.4573156833069635,
            0.4555302281778949,
            0.45223967356335204
        ],
        "pca": [
            0.3683052312426698,
            0.327055950243904,
            0.3151857951021523,
            0.32617725784041607,
            0.31571255861245884
        ],
        "s2s": [
            0.3116823927081037,
            0.344836329887404,
            0.3573312173775022,
            0.41853760792563466,
            0.275579909928774
        ],