{
    "i_apy": {
        "cat": [
            0.6654394862785672,
            0.6347418408074867,
            0.6454401449999445,
            0.6103368407635528,
            0.6701236793845871
        ],
        "iso": [
            0.46943064649474386,
            0.4661655988178779,
            0.4576403185518978,
            0.4646937490289752,
            0.4624020137541562
        ],
        "lle": [
            0.4730116626322169,
            0.4984053505976856,
            0.4966742414937112,
            0.5124327480462973,
            0.47943241846378015
        ],
        "pca": [
            0.3778046259388025,
            0.3363850780477055,
            0.3561137487084323,
            0.34414571562981333,
            0.3447786642246688
        ],
        "s2s": [
            0.4871774510272836,
            0.41252459035133393,
            0.44279715889817123,
            0.4589486351388797,
            0.4797346739724081
        ],
        "sae": [
            0.45768830546813044,
            0.5017744752283659,
            0.4512249425694489,
            0.4012053231449235,
            0.42128174910126215
        ],
        "sem": [
            0.06424884872219824,
            0.06583750223040312,
            0.06271454688982891,
            0.06761307627653948,
            0.06498784008614045
        ],
        "vis": [
            0.6635070861592125,
            0.6537065755526599,
            0.6415194856676665,
            0.6501671296313329,
            0.6337003570801338
        ],
        "vse": [
            0.3377694454905069,
            0.3287408958534701,
            0.3004697049929579,
            0.32824015436418724,
            0.3325830676255843
        ]
    },
    "i_awa": {
        "cat": [
            0.722362172470453,
            0.7222585266821396,
            0.719200950423542,
            0.7199173929872257,
            0.7123160863780273
        ],
        "iso": [
            0.7661866526993667,
            0.7308056777291619,
            0.7211225877387143,
            0.7357894737206824,
            0.7448643349716962
        ],
        "lle": [
            0.8515603883592826,
            0.8537721623479255,
            0.8563859209710345,
            0.8578632047755628,
            0.8654416590129389
        ],
        "pca": [
            0.557401417761564,
            0.5715473756836027,
            0.5618281473256956,
            0.5641480701598123,
            0.5556715346491248
        ],
        "s2s": [
            0.606300792340803,
            0.6337096985560379,
            0.6117948910429702,
            0.6137353823946179,
            0.6136307079794495
        ],
        "sae": [
            0.7532999140478108,
            0.7486059841078629,
            0.7431063975385744,
            0.7644384755080926,
            0.744608165109554
        ],
        "sem": [
            0.14755602910574478,
            0.15718515376586015,
            0.15341384260613822,
            0.15461817195094432,
            0.1538926217241395
        ],
        "vis": [
            0.858583657433302,
            0.859664629349545,
            0.8659552284279767,
            0.8600642871976507,
            0.8513343422490842
        ],
        "vse": [
            0.5992030062782258,
            0.5621108583403269,
            0.5809256392013357,
            0.5860086987468458,
            0.5791166049709741
        ]
    },
    "i_cub": {
        "cat": [
            0.02215909090909091,
            0.027138888888888886,
            0.017244949494949494,
            0.01875,
            0.0198989898989899
        ],
        "iso": [
            0.07912878787878788,
            0.08238636363636363,
            0.07946085858585858,
            0.07790151515151517,
            0.08428030303030302
        ],
        "lle": [
            0.334520202020202,
            0.3527613636363636,
            0.33978914141414135,
            0.33263510101010096,
            0.3251035353535353
        ],
        "pca": [
            0.054813131313131314,
            0.05448737373737374,
            0.06293055555555556,
            0.05449621212121212,
            0.05748863636363637
        ],
        "s2s": [
            0.21842676767676766,
            0.22145075757575758,
            0.2127777777777778,
            0.23030050505050503,
            0.21421085858585853
        ],
        "sae": [
            0.6792424242424242,
            0.680675505050505,
            0.6752133838383838,
            0.6810328282828283,
            0.6659747474747475
        ],
        "sem": [
            0.008787878787878787,
            0.005416666666666668,
            0.00815909090909091,
            0.00818181818181818,
            0.007361111111111112
        ],
        "vis": [
            0.6578863636363637,
            0.6761704545454547,
            0.6531502525252526,
            0.6779671717171718,
            0.660486111111111
        ],
        "vse": [
            0.24831313131313132,
            0.19964646464646463,
            0.17953787878787877,
            0.1986641414141414,
            0.16151010101010102
        ]
    },
    "i_sun": {
        "cat": [
            0.3207810320781032,
            0.33437935843793587,
            0.348326359832636,
            0.34518828451882844,
            0.33751743375174337
        ],
        "lle": [
            0.08368200836820083,
            0.08786610878661087,
            0.09170153417015342,
            0.10216178521617852,
            0.09832635983263599
        ],
        "iso": [
            0.09309623430962342,
            0.09937238493723849,
            0.08716875871687588,
            0.09379358437935843,
            0.08124128312412832
        ],
        "pca": [
            0.09100418410041841,
            0.09937238493723849,
            0.09553695955369595,
            0.08542538354253836,
            0.08577405857740586
        ],
        "s2s": [
            0.027545327754532774,
            0.09588563458856346,
            0.029637377963737797,
            0.02510460251046025,
            0.02301255230125523
        ],
        "sae": [
            0.0400976290097629,
            0.038354253835425386,
            0.030683403068340307,
            0.02789400278940028,
            0.03556485355648536
        ],
        "sem": [
            0.004532775453277545,
            0.0031380753138075313,
            0.001394700139470014,
            0.0041841004184100415,
            0.0017433751743375174
        ],
        "vis": [
            0.346931659693166,
            0.33751743375174337,
            0.3413528591352859,
            0.34344490934449096,
            0.3514644351464435
        ],
        "vse": [
            0.05753138075313807,
            0.040446304044630406,
            0.049860529986053,
            0.04776847977684798,
            0.04218967921896792
        ]
    },
    "r_apy": {
        "cat": [
            0.6519166553156006,
            0.6362805674688086,
            0.6753288434367013,
            0.680675715377747,
            0.6479800580007041
        ],
        "iso": [
            0.44877849504732364,
            0.48341747031373883,
            0.47542391009783397,
            0.4520380984525697,
            0.4789566763963157
        ],
        "lle": [
            0.4604063964329998,
            0.4842190964631179,
            0.46075770775532154,
            0.4995534863674175,
            0.4596576236962578
        ],
        "pca": [
            0.382099415592111,
            0.38400529835742947,
            0.3857825873274616,
            0.39462141621979174,
            0.38678461074591997
        ],
        "s2s": [
            0.4110663788460994,
            0.3691744481770123,
            0.42306863346268425,
            0.40460883611340104,
            0.3702086093327073
        ],