{
    "i_apy": {
        "cat": [
            0.5798778952960586,
            0.6332873880189926,
            0.6426792572398481,
            0.5884605034991817,
            0.5885173724258755
        ],
        "iso": [
            0.4824537921098365,
            0.43100040534507916,
            0.4344643767088109,
            0.442345294957614,
            0.4650305377197318
        ],
        "lle": [
            0.4517445877881773,
            0.44771815536944615,
            0.4286463486525455,
            0.40994118892615633,
            0.45346738953126164
        ],
        "pca": [
            0.2645782784428923,
            0.26059798332812956,
            0.29523855162206236,
            0.24070419448642286,
            0.27266817678741356
        ],
        "s2s": [
            0.41788113792131387,
            0.36462981152901536,
            0.3863521569596909,
            0.36736257208407774,
            0.4228097740337854
        ],
        "sae": [
            0.45768830546813044,
            0.5017744752283659,
            0.4512249425694489,
            0.4012053231449235,
            0.42128174910126215
        ],
        "sem": [
            0.026235870140404714,
            0.03210380633870691,
            0.033166829099830195,
            0.037833801421703665,
            0.033168708368490264
        ],
        "vis": [
            0.6635070861592125,
            0.6537065755526599,
            0.6415194856676665,
            0.6501671296313329,
            0.6337003570801338
        ],
        "vse": [
            0.2978803001883062,
            0.24504293972168428,
            0.2907360552932702,
            0.2692120529659582,
            0.224891111027059
        ]
    },
    "i_awa": {
        "cat": [
            0.47285495377436637,
            0.47319221166567693,
            0.4827486116656416,
            0.4673540953406542,
            0.468249677904208
        ],
        "iso": [
            0.5147580559724093,
            0.5081470908829594,
            0.45865260784917583,
            0.47534872125442773,
            0.5320145761912101
        ],
        "lle": [
            0.6199362677245075,
            0.6176532729703859,
            0.5910603162226303,
            0.6101199791000635,
            0.6114179922358478
        ],
        "pca": [
            0.20202987290199587,
            0.20303012107995172,
            0.20194404682642525,
            0.2033518533201554,
            0.20378697760899112
        ],
        "s2s": [
            0.5052436932282816,
            0.4916909159166738,
            0.5132589873258874,
            0.4441609052891377,
            0.46427324711468365
        ],
        "sae": [
            0.7532999140478108,
            0.7486059841078629,
            0.7431063975385744,
            0.7644384755080926,
            0.744608165109554
        ],
        "sem": [
            0.020472772630420338,
            0.02386222575806256,
            0.018321641563512122,
            0.019207399715223374,
            0.020652996523464986
        ],
        "vis": [
            0.858583657433302,
            0.859664629349545,
            0.8659552284279767,
            0.8600642871976507,
            0.8513343422490842
        ],
        "vse": [
            0.2748973521060912,
            0.237520865395863,
            0.21320553786433397,
            0.28158272953106406,
            0.25792624039238604
        ]
    },
    "i_cub": {
         "cat": [
            0.008333333333333333,
            0.00875,
            0.008068181818181818,
            0.009318181818181816,
            0.0075
        ],
        "iso": [
            0.025696969696969694,
            0.026954545454545453,
            0.024444444444444446,
            0.02386363636363636,
            0.02415909090909091
        ],
        "lle": [
            0.10993181818181819,
            0.10294696969696968,
            0.1043308080808081,
            0.10201767676767677,
            0.09928535353535352
        ],
        "pca": [
            0.014075757575757577,
            0.015166666666666667,
            0.015613636363636363,
            0.013787878787878788,
            0.014537878787878789
        ],
        "s2s": [
            0.14063131313131313,
            0.139854797979798,
            0.12992929292929292,
            0.15630429292929293,
            0.14492171717171717
        ],
        "sae": [
            0.6792424242424242,
            0.680675505050505,
            0.6752133838383838,
            0.6810328282828283,
            0.6659747474747475
        ],
        "sem": [
            0.004999999999999999,
            0.005,
            0.006439393939393939,
            0.0050757575757575755,
            0.004583333333333333
        ],
        "vis": [
            0.6578863636363637,
            0.6761704545454547,
            0.6531502525252526,
            0.6779671717171718,
            0.660486111111111
        ],
        "vse": [
            0.08107070707070708,
            0.07804292929292929,
            0.07281944444444445,
            0.07399242424242423,
            0.05706186868686869
        ]
    },
    "i_sun": {
        "cat": [
            0.3301952580195258,
            0.3472803347280335,
            0.33472803347280333,
            0.3305439330543933,
            0.3427475592747559
        ],
        "iso": [
            0.07496513249651325,
            0.08158995815899582,
            0.08124128312412832,
            0.0801952580195258,
            0.0801952580195258
        ],
        "lle": [
            0.08193863319386332,
            0.08403068340306834,
            0.0794979079497908,
            0.07635983263598327,
            0.08542538354253836
        ],
        "pca": [
            0.07775453277545327,
            0.08158995815899582,
            0.08089260808926081,
            0.07775453277545327,
            0.07914923291492329
        ],
        "s2s": [
            0.01603905160390516,
            0.05788005578800558,
            0.016387726638772665,
            0.01708507670850767,
            0.01708507670850767
        ],
        "sae": [
            0.0400976290097629,
            0.038354253835425386,
            0.030683403068340307,
            0.02789400278940028,
            0.03556485355648536
        ],
        "sem": [
            0.0003486750348675035,
            0.0017433751743375174,
            0.0020920502092050207,
            0.0010460251046025104,
            0.001394700139470014
        ],
        "vis": [
            0.346931659693166,
            0.33751743375174337,
            0.3413528591352859,
            0.34344490934449096,
            0.3514644351464435
        ],
        "vse": [
            0.03138075313807531,
            0.03172942817294282,
            0.036610878661087864,
            0.041143654114365415,
            0.03417015341701534
        ]
    },
    "r_apy": {
        "cat": [
            0.6229640505992693,
            0.6369525494678181,
            0.5834095816383518,
            0.6238803773369319,
            0.6148493063335674
        ],
        "iso": [
            0.44878672928309093,
            0.42834068898203276,
            0.41612007806606754,
            0.42612314002676355,
            0.42730221417574554
        ],
        "lle": [
            0.44288654419316825,
            0.3996055626966816,
            0.4290389166155564,
            0.4297588162814124,
            0.42330050544478715
        ],
        "pca": [
            0.29371158105577333,
            0.32462683893458105,
            0.21887628475058854,
            0.2872435208488242,
            0.29369313306679334
        ],
        "s2s": [
            0.2427928164045668,
            0.3012903232097061,
            0.25804062587235316,
            0.2871718390243645,
            0.30224956366833916
        ],