{
    "i_apy": {
        "cat": [
            0.7259915216526254,
            0.7220294750395382,
            0.7465317411413548,
            0.721025153518456,
            0.7123294757893679
        ],
        "iso": [
            0.5349645600436274,
            0.5330853266509982,
            0.5127177917011305,
            0.5265789739429043,
            0.5219139613123491
        ],
        "lle": [
            0.5623765420698779,
            0.5779192176577894,
            0.5868129436764612,
            0.5407746666068449,
            0.5831062277746139
        ],
        "pca": [
            0.5077702303579879,
            0.4649590059393888,
            0.4660258011182531,
            0.47947730354911144,
            0.48102343263080727
        ],
        "s2s": [
            0.5385183224786432,
            0.5251624528196147,
            0.5001325010796331,
            0.5595805308825323,
            0.5352215160562729
        ],
        "sae": [
            0.45768830546813044,
            0.5017744752283659,
            0.4512249425694489,
            0.4012053231449235,
            0.42128174910126215
        ],
        "sem": [
            0.16895814316002222,
            0.13718158197519792,
            0.1395730295029076,
            0.14894709871224193,
            0.14811082087350186
        ],
        "vis": [
            0.6635070861592125,
            0.6537065755526599,
            0.6415194856676665,
            0.6501671296313329,
            0.6337003570801338
        ],
        "vse": [
            0.45941091070517037,
            0.44462045469277217,
            0.454926041903159,
            0.4330162562942179,
            0.4270528366100871
        ]
    },
    "i_awa": {
        "cat": [
            0.8990971560840181,
            0.9059320793947627,
            0.913236496301835,
            0.9064338917037698,
            0.9036622614189938
        ],
        "iso": [
            0.8856909885218759,
            0.8970955443576404,
            0.8787403697617971,
            0.874669258096598,
            0.8798602244719891
        ],
        "lle": [
            0.953818675948972,
            0.949502253194088,
            0.9523492003121641,
            0.9638242411341935,
            0.958936323502293
        ],
        "pca": [
            0.915212666630994,
            0.908790629396024,
            0.9193087688372068,
            0.911309311739468,
            0.917570799697355
        ],
        "s2s": [
            0.7114644239657189,
            0.7049309566212645,
            0.7197968341207063,
            0.7120320313031996,
            0.699524918142035
        ],
        "sae": [
            0.7532999140478108,
            0.7486059841078629,
            0.7431063975385744,
            0.7644384755080926,
            0.744608165109554
        ],
        "sem": [
            0.6259489287937153,
            0.6190910962492707,
            0.6215169351253719,
            0.6270602152748803,
            0.6211317843125055
        ],
        "vis": [
            0.858583657433302,
            0.859664629349545,
            0.8659552284279767,
            0.8600642871976507,
            0.8513343422490842
        ],
        "vse": [
            0.8600686476603562,
            0.8699787943237455,
            0.8307846746777954,
            0.8887703300280889,
            0.8624272530765057
        ]
    },
    "i_cub": {
        "cat": [
            0.06075757575757576,
            0.05919318181818181,
            0.051077020202020214,
            0.05624368686868687,
            0.05446969696969697
        ],
        "iso": [
            0.30106818181818185,
            0.26483585858585856,
            0.3110239898989899,
            0.31349242424242424,
            0.31807575757575757
        ],
        "lle": [
            0.7561641414141413,
            0.761473484848485,
            0.7676893939393937,
            0.7663813131313131,
            0.7519128787878787
        ],
        "pca": [
            0.3107272727272727,
            0.3143030303030303,
            0.3070138888888889,
            0.3383712121212122,
            0.33632828282828275
        ],
        "s2s": [
            0.3567424242424242,
            0.3272260101010101,
            0.3480429292929293,
            0.3374002525252526,
            0.3361035353535354
        ],
        "sae": [
            0.6792424242424242,
            0.680675505050505,
            0.6752133838383838,
            0.6810328282828283,
            0.6659747474747475
        ],
        "sem": [
            0.016388888888888887,
            0.019333333333333334,
            0.014419191919191918,
            0.021691919191919193,
            0.020575757575757577
        ],
        "vis": [
            0.6578863636363637,
            0.6761704545454547,
            0.6531502525252526,
            0.6779671717171718,
            0.660486111111111
        ],
        "vse": [
            0.6010328282828283,
            0.6143042929292929,
            0.5540467171717172,
            0.6421805555555555,
            0.615659090909091
        ]
    },
    "i_sun": {
        "cat": [
            0.3458856345885635,
            0.35669456066945604,
            0.33507670850767085,
            0.34344490934449096,
            0.35599721059972106
        ],
        "lle": [
            0.12168758716875872,
            0.12203626220362622,
            0.12622036262203626,
            0.1307531380753138,
            0.11227336122733612
        ],
        "iso": [
            0.12168758716875872,
            0.11610878661087866,
            0.1188981868898187,
            0.11262203626220363,
            0.1098326359832636
        ],
        "pca": [
            0.11157601115760112,
            0.09483960948396095,
            0.10460251046025104,
            0.10774058577405858,
            0.09832635983263599
        ],
        "s2s": [
            0.05578800557880056,
            0.06555090655509066,
            0.049163179916317995,
            0.053347280334728034,
            0.05404463040446304
        ],
        "sae": [
            0.0400976290097629,
            0.038354253835425386,
            0.030683403068340307,
            0.02789400278940028,
            0.03556485355648536
        ],
        "sem": [
            0.00906555090655509,
            0.005578800557880056,
            0.006624825662482566,
            0.005578800557880056,
            0.00697350069735007
        ],
        "vis": [
            0.346931659693166,
            0.33751743375174337,
            0.3413528591352859,
            0.34344490934449096,
            0.3514644351464435
        ],
        "vse": [
            0.06624825662482567,
            0.06206415620641562,
            0.07357043235704323,
            0.07566248256624826,
            0.06729428172942817
        ]
    },
    "r_apy": {
        "cat": [
            0.724409847619299,
            0.7268685655894552,
            0.7375661322264064,
            0.7474596114719658,
            0.7201135320222753
        ],
        "iso": [
            0.5494270513164241,
            0.5440522901538525,
            0.5268565858117747,
            0.5311963624442722,
            0.5342584874734033
        ],
        "lle": [
            0.5238900849267816,
            0.5705770307829126,
            0.5659875255748806,
            0.5693358659364594,
            0.5623016144029394
        ],
        "pca": [
            0.5125604233493251,
            0.4886746705649765,
            0.5290089714252157,
            0.4880264198864297,
            0.5141092726908968
        ],
        "s2s": [
            0.496163927667971,
            0.4932638023910368,
            0.44606966696608596,
            0.5021019649261309,
            0.4512472118001535
        ],