{
    "i_apy": {
        "cat": [
            0.8429581350736453,
            0.8168260737303319,
            0.836362170310177,
            0.8262371047589896,
            0.8102988102111186
        ],
        "iso": [
            0.6966927658220694,
            0.7066273314562699,
            0.6995098030382556,
            0.7117678432501873,
            0.6953418713893023
        ],
        "lle": [
            0.729728663185913,
            0.715323508234693,
            0.7070014138476177,
            0.6783166300064315,
            0.7206509086988553
        ],
        "pca": [
            0.6982198089918636,
            0.7185718770016829,
            0.6882737663409103,
            0.6987838385372048,
            0.668293344222072
        ],
        "s2s": [
            0.5940952158969673,
            0.5749704570218701,
            0.5780123338618228,
            0.5763343207636188,
            0.567101297070917
        ],
        "sae": [
            0.45768830546813044,
            0.5017744752283659,
            0.4512249425694489,
            0.4012053231449235,
            0.42128174910126215
        ],
        "sem": [
            0.4397268374076886,
            0.3954718703949149,
            0.41030632912019394,
            0.4065683534406137,
            0.4041034921140409
        ],
        "vis": [
            0.6635070861592125,
            0.6537065755526599,
            0.6415194856676665,
            0.6501671296313329,
            0.6337003570801338
        ],
        "vse": [
            0.6550528274457972,
            0.6456325717047424,
            0.6213928492048433,
            0.6682446334993928,
            0.6473490421099526
        ]
    },
    "i_awa": {
        "cat": [
            0.9810775832233292,
            0.9839810599759816,
            0.9844028833742496,
            0.9842728128911294,
            0.9808203098778243
        ],
        "s2s": [
            0.800140653173319,
            0.790523574989126,
            0.7933310552814992,
            0.7947116768150708,
            0.7937806578060449
        ],
        "sae": [
            0.7532999140478108,
            0.7486059841078629,
            0.7431063975385744,
            0.7644384755080926,
            0.744608165109554
        ],
        "sem": [
            0.9430636175467577,
            0.9382699339942165,
            0.9334795325917247,
            0.939686787743364,
            0.937495669033493
        ],
        "vis": [
            0.858583657433302,
            0.859664629349545,
            0.8659552284279767,
            0.8600642871976507,
            0.8513343422490842
        ],
        "vse": [
            0.9860102466530623,
            0.98490063032045,
            0.9829837328987725,
            0.9795031356730434,
            0.9821173277368739
        ]
    },
    "i_cub": {
        "cat": [
            0.294290404040404,
            0.30692929292929294,
            0.3014381313131313,
            0.3070391414141414,
            0.32258207070707073
        ],
        "s2s": [
            0.5141969696969697,
            0.5240896464646465,
            0.5254810606060606,
            0.5475568181818181,
            0.5175025252525252
        ],
        "sae": [
            0.6792424242424242,
            0.680675505050505,
            0.6752133838383838,
            0.6810328282828283,
            0.6659747474747475
        ],
        "sem": [
            0.1448813131313131,
            0.15549368686868686,
            0.14482323232323233,
            0.136125,
            0.14043055555555556
        ],
        "vis": [
            0.6578863636363637,
            0.6761704545454547,
            0.6531502525252526,
            0.6779671717171718,
            0.660486111111111
        ],
        "vse": [
            0.9439393939393941,
            0.9373939393939394,
            0.9511439393939395,
            0.9474772727272728,
            0.95125
        ]
    },
    "i_sun": {
        "sae": [
            0.0400976290097629,
            0.038354253835425386,
            0.030683403068340307,
            0.02789400278940028,
            0.03556485355648536
        ],
        "vis": [
            0.346931659693166,
            0.33751743375174337,
            0.3413528591352859,
            0.34344490934449096,
            0.3514644351464435
        ]
    },
    "r_apy": {
        "cat": [
            0.8270143087671746,
            0.8232639249774147,
            0.8268951852535148,
            0.8314045108097194,
            0.8260047243166747
        ],
        "iso": [
            0.7086103003746,
            0.7221626471696855,
            0.7095176790775188,
            0.7236591422607903,
            0.712319043688105
        ],
        "lle": [
            0.7020218588656986,
            0.7210432133280509,
            0.6724778459304281,
            0.6942118279015715,
            0.6840826007851557
        ],
        "pca": [
            0.7083372986241998,
            0.7361746323392634,
            0.7355027963179865,
            0.7102214268069459,
            0.700825307971019
        ],
        "s2s": [
            0.5696583095521284,
            0.5874533175663675,
            0.5831934002809775,
            0.5833116669212042,
            0.5748046560337334
        ],
        "sae": [
            0.5212443029988487,
            0.5048222745262032,
            0.5174547367649125,
            0.47931544165066614,
            0.4775913006751579
        ],
        "sem": [
            0.43326266365533206,
            0.38563985146950003,
            0.39581039614974384,
            0.3922173341430871,
            0.40719717449600257
        ],
        "vis": [
            0.6407418803935578,
            0.6623526893938042,
            0.6634359739245799,
            0.6566866787736855,
            0.6655973455956067
        ],
        "vse": [
            0.6888802771435328,
            0.6759527534787044,
            0.6908793304111434,
            0.6883711801795023,
            0.7057799978763712
        ]
    },
    "r_awa": {
        "cat": [
            0.9923278882261866,
            0.984666203166598,
            0.9840446661527308,
            0.9849634913479686,
            0.9837229736278479
        ],
        "s2s": [
            0.8073962507801796,
            0.8130384774246012,
            0.8078080576402868,
            0.8098156452773138,
            0.8055248602863732
        ],
       "sae": [
            0.7496565529863857,
            0.763340342788924,
            0.752287561515354,
            0.7563670361723243,
            0.7375368012816785
        ],
        "sem": [
            0.9471309779719512,
            0.9460397823181111,
            0.9508487147964635,
            0.948386293129967,
            0.9466404665607164
        ],
        "vis": [
            0.8858305800586376,
            0.8764120409472338,
            0.8810823290884031,
            0.8726824722143575,
            0.8734028201458899
        ],
        "vse": [
            0.9887952032829233,
            0.9897161537981907,
            0.9855531323013799,
            0.9908971814523053,
            0.9872038046300093
        ]
    },
    "r_cub": {
        "cat": [
            0.3687171717171717,
            0.35324621212121216,
            0.3485391414141414,
            0.34201388888888884,
            0.3456439393939394
        ],
        "s2s": [
            0.5005808080808081,
            0.4899292929292929,
            0.514814393939394,
            0.4950593434343434,
            0.47471717171717176
        ],
        "sae": [
            0.6251363636363636,
            0.639070707070707,
            0.6209280303030303,
            0.613300505050505,
            0.6220820707070707
        ],
        "sem": [
            0.15243686868686868,
            0.1427689393939394,
            0.13432196969696972,
            0.13465151515151513,
            0.1423421717171717
        ],