{
    "i_awa": {
        "cat": [
            0.58511195483202,
            0.5858461814575131,
            0.5828474552518474,
            0.5944893110698171,
            0.5883166006489844
        ],
        "pca": [
            0.2881859649304233,
            0.4592173355158996,
            0.31240486917403865,
            0.42983400736287064,
            0.24947862273262053
        ],
        "s2s_v1": [
            0.5863701625755383,
            0.5813610061665917,
            0.5827393120748472,
            0.5939397879703159,
            0.5892532274476586
        ],
        "s2s_v2": [
            0.6090586228699949,
            0.6491266167397027,
            0.6361543344935349,
            0.6489971165131526,
            0.6165362045597638
        ],
        "sae": [
            0.7355895842623569,
            0.7538848305427126,
            0.7457952715567687,
            0.7417054303994799,
            0.7606884190535764
        ],
        "sec_v1": [
            0.419292284124104,
            0.4307026995100632,
            0.44841946314173775,
            0.39669473695073854,
            0.4018988999003616
        ],
        "sec_v2": [
            0.04194812111209851,
            0.04718554697980492,
            0.04674694032280615,
            0.029711255926429044,
            0.07536378158198197
        ],
        "sem": [
            0.04878984601609366,
            0.05370042304265939,
            0.04621889106161924,
            0.04872871287750227,
            0.05896102541784746
        ],
        "vis": [
            0.8592412093678528,
            0.8660261512545457,
            0.8521793229253773,
            0.8538256298912661,
            0.857983965333517
        ]
    },
    "i_cub": {
        "cat": [
            0.0125,
            0.011749999999999998,
            0.01321969696969697,
            0.011515151515151513,
            0.012613636363636365
        ],
        "pca": [
            0.007954545454545454,
            0.017734848484848485,
            0.005833333333333333,
            0.019825757575757573,
            0.02584848484848485
        ],
        "s2s_v1": [
            0.1928207070707071,
            0.2042651515151515,
            0.1771060606060606,
            0.19983207070707074,
            0.18998232323232322
        ],
        "s2s_v2": [
            0.0455959595959596,
            0.05166919191919192,
            0.05674242424242424,
            0.04161616161616162,
            0.03838510101010101
        ],
        "sae": [
            0.6811186868686869,
            0.6703030303030303,
            0.6752676767676767,
            0.6711755050505052,
            0.6657840909090909
        ],
        "sec_v1": [
            0.12284848484848485,
            0.1459090909090909,
            0.11002777777777778,
            0.12738636363636363,
            0.10702525252525254
        ],
        "sec_v2": [
            0.009166666666666667,
            0.013333333333333334,
            0.013055555555555556,
            0.012537878787878789,
            0.015416666666666667
        ],
        "sem": [
            0.00625,
            0.00625,
            0.0076893939393939395,
            0.005151515151515152,
            0.005833333333333333
        ],
        "vis": [
            0.6773611111111112,
            0.6545340909090911,
            0.6706464646464647,
            0.6589608585858585,
            0.6787222222222222
        ]
    },
    "r_awa": {
        "cat": [
            0.7379701231410136,
            0.7501155136600297,
            0.745861617986793,
            0.7336885781815319,
            0.7272251013951483
        ],
        "pca": [
            0.17485647444686556,
            0.24320311046472884,
            0.41776695301440353,
            0.3703001477921871,
            0.1532747262986399
        ],
        "s2s_v1": [
            0.6417892796873446,
            0.6492745914822744,
            0.6299098570737318,
            0.6289095976981145,
            0.6036359667197294
        ],
        "s2s_v2": [
            0.7018614375757238,
            0.683212539020079,
            0.683119939870241,
            0.6744028332691876,
            0.6949567763275533
        ],
        "sae": [
            0.7513957768131416,
            0.7555369403318566,
            0.7350082065332357,
            0.752896856653606,
            0.7523146936811483
        ],
        "sec_v1": [
            0.4218117458206339,
            0.39377449071585974,
            0.42169438539436854,
            0.39308973097476246,
            0.4194512793847062
        ],
        "sec_v2": [
            0.03069394787742796,
            0.05747486797104506,
            0.04171870272263917,
            0.04568421907910079,
            0.043410071468672415
        ],
        "sem": [
            0.05209692418739207,
            0.051050370192160015,
            0.051802182576198674,
            0.05128797322983579,
            0.05517485127163417
        ],
        "vis": [
            0.8792738638919291,
            0.8829739634386486,
            0.8785902322138804,
            0.884644126488005,
            0.8630386495470962
        ]
    },
    "r_cub": {
        "cat": [
            0.01690909090909091,
            0.013833333333333335,
            0.015265151515151516,
            0.015340909090909093,
            0.012121212121212121
        ],
        "pca": [
            0.01053030303030303,
            0.01853030303030303,
            0.017537878787878786,
            0.01390909090909091,
            0.009242424242424241
        ],
        "s2s_v1": [
            0.14427272727272727,
            0.16516792929292934,
            0.15493939393939393,
            0.1779141414141414,
            0.14872474747474748
        ],
        "s2s_v2": [
            0.02654040404040404,
            0.02428030303030303,
            0.029621212121212118,
            0.020492424242424243,
            0.01981060606060606
        ],
        "sae": [
            0.6203888888888889,
            0.6213181818181818,
            0.6260416666666667,
            0.6256489898989899,
            0.6247575757575757
        ],
        "sec_v1": [
            0.11137121212121212,
            0.10961868686868685,
            0.12818686868686868,
            0.13193055555555555,
            0.12655050505050502
        ],
        "sec_v2": [
            0.00625,
            0.008598484848484848,
            0.0076388888888888895,
            0.007083333333333334,
            0.008611111111111111
        ],
        "sem": [
            0.008333333333333333,
            0.0075,
            0.0034090909090909094,
            0.005492424242424243,
            0.005
        ],
        "vis": [
            0.6493080808080808,
            0.651135101010101,
            0.6550732323232323,
            0.6533648989898989,
            0.6475113636363636
        ]
    }
}