{
    "i_apy": {
        "cat": [
            0.7640321563202824,
            0.752466220545166,
            0.7759461449091446,
            0.7729371791983976,
            0.7638066207888345
        ],
        "iso": [
            0.5740836243703182,
            0.5686246578312457,
            0.5851645607558115,
            0.5593402269816696,
            0.5745841261691349
        ],
        "lle": [
            0.6301559167359152,
            0.6213876830141569,
            0.5991080522048164,
            0.6071894113475294,
            0.5909173068089657
        ],
        "pca": [
            0.5568795345117348,
            0.5238204773277515,
            0.5340890851737192,
            0.5332566222000417,
            0.5501676010383357
        ],
        "s2s": [
            0.5634238263577885,
            0.5234199511087958,
            0.5742878743780578,
            0.5492613763767453,
            0.5791873940559817
        ],
        "sae": [
            0.45768830546813044,
            0.5017744752283659,
            0.4512249425694489,
            0.4012053231449235,
            0.42128174910126215
        ],
        "sem": [
            0.23441601008261642,
            0.218373702320386,
            0.20397522626574904,
            0.21069253702315205,
            0.22542972120354082
        ],
        "vis": [
            0.6635070861592125,
            0.6537065755526599,
            0.6415194856676665,
            0.6501671296313329,
            0.6337003570801338
        ],
        "vse": [
            0.5118915705386999,
            0.5215997387961306,
            0.5160186773882998,
            0.5211587664033112,
            0.5172309503340815
        ]
    },
    "i_awa": {
        "cat": [
            0.9509493322335978,
            0.9480960950453727,
            0.9534253719321917,
            0.9489894506254778,
            0.9560978662766767
        ],
        "iso": [
            0.9333911104049606,
            0.9257739376814678,
            0.915187666612923,
            0.9190119847142495,
            0.9176797695855045
        ],
        "lle": [
            0.9893459436933089,
            0.9842940404650641,
            0.9777599025726702,
            0.9863905906042119,
            0.9806046278308475
        ],
        "pca": [
            0.9641106592500557,
            0.9712189705142653,
            0.9709988533058119,
            0.9706690646822286,
            0.9724769744270944
        ],
        "s2s": [
            0.7551159908531525,
            0.7576247690722028,
            0.7459573630558876,
            0.7496171419957147,
            0.745459227240428
        ],
        "sae": [
            0.7532999140478108,
            0.7486059841078629,
            0.7431063975385744,
            0.7644384755080926,
            0.744608165109554
        ],
        "sem": [
            0.8015292754031081,
            0.8161158487164069,
            0.8091161577909269,
            0.808331739335459,
            0.8174407268967022
        ],
        "vis": [
            0.858583657433302,
            0.859664629349545,
            0.8659552284279767,
            0.8600642871976507,
            0.8513343422490842
        ],
        "vse": [
            0.952900346991,
            0.946183088051,
            0.954146630634,
            0.94354541393,
            0.949144511836
        ]
    },
    "i_cub": {
        "cat": [
            0.11205808080808081,
            0.11345707070707071,
            0.10890782828282829,
            0.10131060606060606,
            0.09868560606060604
        ],
        "iso": [
            0.44178535353535353,
            0.4517424242424243,
            0.4548093434343434,
            0.4685151515151515,
            0.4552020202020202
        ],
        "lle": [
            0.8903030303030303,
            0.8847121212121212,
            0.8779507575757575,
            0.8811666666666667,
            0.8759772727272727
        ],
        "pca": [
            0.6014924242424242,
            0.6016616161616162,
            0.5994873737373737,
            0.5956969696969696,
            0.6059608585858586
        ],
        "s2s": [
            0.41971464646464646,
            0.4062689393939394,
            0.4242626262626263,
            0.40118434343434345,
            0.4423674242424242
        ],
        "sae": [
            0.6792424242424242,
            0.680675505050505,
            0.6752133838383838,
            0.6810328282828283,
            0.6659747474747475
        ],
        "sem": [
            0.02916919191919192,
            0.037464646464646464,
            0.03468181818181818,
            0.04506313131313131,
            0.03561363636363637
        ],
        "vis": [
            0.6578863636363637,
            0.6761704545454547,
            0.6531502525252526,
            0.6779671717171718,
            0.660486111111111
        ],
        "vse": [
            0.7748358585858586,
            0.7947222222222223,
            0.8127272727272729,
            0.7970202020202021,
            0.798290404040404
        ]
    },
    "i_sun": {
        "cat": [
            0.3472803347280335,
            0.3622733612273361,
            0.35599721059972106,
            0.3427475592747559,
            0.346931659693166
        ],
        "lle": [
            0.12552301255230125,
            0.13423988842398885,
            0.13668061366806136,
            0.1304044630404463,
            0.12656903765690378
        ],
        "iso": [
            0.13563458856345886,
            0.14365411436541142,
            0.14679218967921898,
            0.12935843793584378,
            0.1297071129707113
        ],
        "pca": [
            0.13110181311018132,
            0.12622036262203626,
            0.10599721059972106,
            0.12238493723849372,
            0.11680613668061367
        ],
        "s2s": [
            0.07252440725244072,
            0.07147838214783822,
            0.1903765690376569,
            0.07670850767085077,
            0.07566248256624826
        ],
        "sae": [
            0.0400976290097629,
            0.038354253835425386,
            0.030683403068340307,
            0.02789400278940028,
            0.03556485355648536
        ],
        "sem": [
            0.012203626220362623,
            0.015690376569037656,
            0.016387726638772665,
            0.012552301255230125,
            0.014295676429567642
        ],
        "vis": [
            0.346931659693166,
            0.33751743375174337,
            0.3413528591352859,
            0.34344490934449096,
            0.3514644351464435
        ],
        "vse": [
            0.07705718270571828,
            0.08158995815899582,
            0.08577405857740586,
            0.07287308228730822,
            0.08647140864714087
        ]
    },
    "r_apy": {
        "cat": [
            0.774640551342102,
            0.7891837307287481,
            0.756537079621455,
            0.7740180285103209,
            0.7644565940127029
        ],
        "iso": [
            0.6112342601429132,
            0.5793555503991893,
            0.5945342696719961,
            0.5941941659596814,
            0.5868583648483173
        ],
        "lle": [
            0.5905062303391178,
            0.6016279009606701,
            0.5899373394923397,
            0.5658123628623926,
            0.6179516854343432
        ],
        "pca": [
            0.5611384877264495,
            0.5807212925379752,
            0.632750491287326,
            0.5977830381860831,
            0.6118709684980477
        ],
        "s2s": [
            0.49587069703136377,
            0.5404387552617798,
            0.5253535772483773,
            0.5176427593354503,
            0.509916535253366
        ],
        "sae": [
            0.5212443029988487,
            0.5048222745262032,
            0.5174547367649125,
            0.47931544165066614,
            0.4775913006751579
        ],