{
    "i_apy": {
        "cat": [
            0.6795426359651943,
            0.6513369466305454,
            0.6554314112688856,
            0.620886019469759,
            0.6932918532807187
        ],
        "iso": [
            0.4536769680582785,
            0.4450562007790244,
            0.5210551234970486,
            0.5055400655855482,
            0.5124265208854905
        ],
        "lle": [
            0.5379147264746964,
            0.5203074607974918,
            0.5131258597580612,
            0.4950202676624771,
            0.5038501606553938
        ],
        "pca": [
            0.35291109245206703,
            0.3976955564490793,
            0.37998116303107127,
            0.37722467922312997,
            0.3751018699830922
        ],
        "s2s": [
            0.4421577189080222,
            0.4647087929149899,
            0.49015627689391267,
            0.46740951395352126,
            0.44940297884017755
        ],
        "sae": [
            0.45768830546813044,
            0.5017744752283659,
            0.4512249425694489,
            0.4012053231449235,
            0.42128174910126215
        ],
        "sem": [
            0.08559545520436353,
            0.08458216382466546,
            0.06811379797077477,
            0.07913543689961287,
            0.06672916516712799
        ],
        "vis": [
            0.6635070861592125,
            0.6537065755526599,
            0.6415194856676665,
            0.6501671296313329,
            0.6337003570801338
        ],
        "vse": [
            0.34086495357825086,
            0.3238127155322379,
            0.35856816672371805,
            0.34680427062984764,
            0.40017823694585575
        ]
    },
    "i_awa": {
        "cat": [
            0.7783470281230314,
            0.7758383441173154,
            0.7860285845426945,
            0.783061206916299,
            0.7790938278551525
        ],
        "iso": [
            0.8085739523574038,
            0.7999714340288677,
            0.8178606846582669,
            0.797152936965833,
            0.7753531136994417
        ],
        "lle": [
            0.8960729533480736,
            0.8900900460576997,
            0.8977509961544858,
            0.9021773564218547,
            0.9009418380487275
        ],
        "pca": [
            0.7055679714591138,
            0.7081868431799201,
            0.7093897951957028,
            0.7087125913994953,
            0.7096928402895739
        ],
        "s2s": [
            0.6775426112152715,
            0.6825771273719705,
            0.6658642919829734,
            0.653738465958102,
            0.6759574255316138
        ],
        "sae": [
            0.7532999140478108,
            0.7486059841078629,
            0.7431063975385744,
            0.7644384755080926,
            0.744608165109554
        ],
        "sem": [
            0.27563296317239144,
            0.2754869054075616,
            0.2732141382019643,
            0.2770955444287227,
            0.2790961218027607
        ],
        "vis": [
            0.858583657433302,
            0.859664629349545,
            0.8659552284279767,
            0.8600642871976507,
            0.8513343422490842
        ],
        "vse": [
            0.65584192372053,
            0.6231611971936276,
            0.6283314391020666,
            0.6036196664986163,
            0.6348807639762601
        ]
    },
    "i_cub": {
        "cat": [
            0.027252525252525247,
            0.025565656565656566,
            0.026383838383838384,
            0.026194444444444444,
            0.03193939393939394
        ],
        "iso": [
            0.11523484848484848,
            0.13566666666666666,
            0.14569065656565658,
            0.11512373737373735,
            0.12309090909090908
        ],
        "lle": [
            0.458209595959596,
            0.4732020202020202,
            0.45134217171717167,
            0.4839002525252525,
            0.4701477272727273
        ],
        "pca": [
            0.09427020202020202,
            0.10360227272727272,
            0.09195454545454546,
            0.0971691919191919,
            0.09209848484848486
        ],
        "s2s": [
            0.2424848484848485,
            0.27114520202020204,
            0.23462121212121212,
            0.257875,
            0.24536994949494947
        ],
        "sae": [
            0.6792424242424242,
            0.680675505050505,
            0.6752133838383838,
            0.6810328282828283,
            0.6659747474747475
        ],
        "sem": [
            0.012027777777777778,
            0.009722222222222222,
            0.011068181818181819,
            0.013005050505050504,
            0.012083333333333333
        ],
        "vis": [
            0.6578863636363637,
            0.6761704545454547,
            0.6531502525252526,
            0.6779671717171718,
            0.660486111111111
        ],
        "vse": [
            0.3507272727272727,
            0.28371969696969696,
            0.3650555555555556,
            0.31640656565656566,
            0.25595454545454543
        ]
    },
    "i_sun": {
        "cat": [
            0.35669456066945604,
            0.3423988842398884,
            0.3437935843793584,
            0.34449093444909346,
            0.34309623430962344
        ],
        "lle": [
            0.09728033472803348,
            0.10529986052998605,
            0.09483960948396095,
            0.09553695955369595,
            0.100418410041841
        ],
        "iso": [
            0.09379358437935843,
            0.09867503486750348,
            0.09170153417015342,
            0.09867503486750348,
            0.10704323570432357
        ],
        "pca": [
            0.09449093444909344,
            0.0896094839609484,
            0.08716875871687588,
            0.09239888423988843,
            0.08193863319386332
        ],
        "s2s": [
            0.03103207810320781,
            0.1290097629009763,
            0.02894002789400279,
            0.1199442119944212,
            0.12133891213389121
        ],
        "sae": [
            0.0400976290097629,
            0.038354253835425386,
            0.030683403068340307,
            0.02789400278940028,
            0.03556485355648536
        ],
        "sem": [
            0.005578800557880056,
            0.0041841004184100415,
            0.0038354253835425384,
            0.0031380753138075313,
            0.0041841004184100415
        ],
        "vis": [
            0.346931659693166,
            0.33751743375174337,
            0.3413528591352859,
            0.34344490934449096,
            0.3514644351464435
        ],
        "vse": [
            0.050557880055788006,
            0.048465829846582986,
            0.042538354253835425,
            0.04637377963737797,
            0.048465829846582986
        ]
    },
    "r_apy": {
        "cat": [
            0.6731972742869333,
            0.6577785661956244,
            0.6811566719532511,
            0.7191629032748308,
            0.6434408183804332
        ],
        "iso": [
            0.4903975118338913,
            0.4750333586551525,
            0.4741795688840227,
            0.48768927949083785,
            0.4467431229062236
        ],
        "lle": [
            0.48524828645648954,
            0.4739861653780202,
            0.49534643919328697,
            0.5110175455251071,
            0.503998176722652
        ],
        "pca": [
            0.4190304700116662,
            0.414744916340962,
            0.39862309888663594,
            0.413318740957894,
            0.42489566918593036
        ],
        "s2s": [
            0.4024455951482814,
            0.398767288314672,
            0.4042613120727344,
            0.3609790225553233,
            0.4511176480816841
        ],