{
    "i_apy": {
        "cat": [
            0.6487105433380838,
            0.6381300464910544,
            0.635211544151141,
            0.5880033936667384,
            0.6439144216001004
        ],
        "iso": [
            0.4338696505958748,
            0.47353227013332166,
            0.44518358483339215,
            0.4664246318160481,
            0.44787115493356944
        ],
        "lle": [
            0.5164107215647453,
            0.45887060413227887,
            0.4867111343072613,
            0.46320982967821805,
            0.4948240283862901
        ],
        "pca": [
            0.32934491053766946,
            0.32078851392759355,
            0.3270509451076399,
            0.3178625389870846,
            0.30214338640825417
        ],
        "s2s": [
            0.42907776885209425,
            0.4567605746496485,
            0.4117074205862242,
            0.4495114137286373,
            0.45438491283766347
        ],
        "sae": [
            0.45768830546813044,
            0.5017744752283659,
            0.4512249425694489,
            0.4012053231449235,
            0.42128174910126215
        ],
        "sem": [
            0.046971920665088124,
            0.03851747451004149,
            0.057458427277998055,
            0.05282206186557242,
            0.04506742747552435
        ],
        "vis": [
            0.6635070861592125,
            0.6537065755526599,
            0.6415194856676665,
            0.6501671296313329,
            0.6337003570801338
        ],
        "vse": [
            0.3081325424690663,
            0.28361646453043377,
            0.3356436229335563,
            0.28878878129840574,
            0.3124015964942095
        ]
    },
    "i_awa": {
        "cat": [
            0.6418687800643141,
            0.6561873395423008,
            0.6715934813001918,
            0.6613917628212667,
            0.651370639765811
        ],
        "iso": [
            0.6687442408862811,
            0.6853578349815962,
            0.6834753938052183,
            0.6720247704012351,
            0.6972845795534794
        ],
        "lle": [
            0.7980347189091686,
            0.808196913331496,
            0.8118676722016365,
            0.8106059672458499,
            0.8115156736508256
        ],
        "pca": [
            0.4366130061683809,
            0.44521552201356246,
            0.4479417224543005,
            0.4639838087360284,
            0.4575013727624716
        ],
        "s2s": [
            0.5745319932338502,
            0.5741429002350642,
            0.5679831542291968,
            0.5728294842703885,
            0.5714263452254505
        ],
        "sae": [
            0.7532999140478108,
            0.7486059841078629,
            0.7431063975385744,
            0.7644384755080926,
            0.744608165109554
        ],
        "sem": [
            0.0843042339832505,
            0.0847304231949919,
            0.09129135646940983,
            0.09593258407387495,
            0.08445082622169027
        ],
        "vis": [
            0.858583657433302,
            0.859664629349545,
            0.8659552284279767,
            0.8600642871976507,
            0.8513343422490842
        ],
        "vse": [
            0.4981177391448467,
            0.5191523929478521,
            0.5007481201001275,
            0.5179313302898416,
            0.47945704454382754
        ]
    },
    "i_cub": {
        "cat": [
            0.015159090909090909,
            0.019537878787878785,
            0.018227272727272724,
            0.016219696969696967,
            0.018825757575757576
        ],
        "iso": [
            0.056734848484848485,
            0.05099242424242425,
            0.05237373737373737,
            0.054469696969696973,
            0.06274242424242424
        ],
        "lle": [
            0.23912373737373735,
            0.23519823232323234,
            0.23821464646464643,
            0.2329709595959596,
            0.2407651515151515
        ],
        "pca": [
            0.03643939393939394,
            0.03229040404040404,
            0.03863383838383838,
            0.03397348484848485,
            0.03526010101010101
        ],
        "s2s": [
            0.20730808080808083,
            0.20371464646464646,
            0.19556186868686867,
            0.18965404040404038,
            0.1927916666666667
        ],
        "sae": [
            0.6792424242424242,
            0.680675505050505,
            0.6752133838383838,
            0.6810328282828283,
            0.6659747474747475
        ],
        "sem": [
            0.00625,
            0.007916666666666667,
            0.008522727272727272,
            0.007196969696969697,
            0.004583333333333333
        ],
        "vis": [
            0.6578863636363637,
            0.6761704545454547,
            0.6531502525252526,
            0.6779671717171718,
            0.660486111111111
        ],
        "vse": [
            0.14855050505050504,
            0.13958080808080808,
            0.148375,
            0.14280555555555555,
            0.152094696969697
        ]
    },
    "i_sun": {
        "cat": [
            0.3312412831241283,
            0.3552998605299861,
            0.3521617852161785,
            0.34344490934449096,
            0.3291492329149233
        ],
        "lle": [
            0.09867503486750348,
            0.0899581589958159,
            0.08856345885634588,
            0.08751743375174338,
            0.08751743375174338
        ],
        "iso": [
            0.0903068340306834,
            0.0896094839609484,
            0.08577405857740586,
            0.09205020920502092,
            0.08542538354253836
        ],
        "pca": [
            0.08193863319386332,
            0.08333333333333333,
            0.08437935843793584,
            0.08228730822873083,
            0.0896094839609484
        ],
        "s2s": [
            0.021966527196652718,
            0.016736401673640166,
            0.016736401673640166,
            0.028591352859135284,
            0.01708507670850767
        ],
        "sae": [
            0.0400976290097629,
            0.038354253835425386,
            0.030683403068340307,
            0.02789400278940028,
            0.03556485355648536
        ],
        "sem": [
            0.0024407252440725243,
            0.0031380753138075313,
            0.0038354253835425384,
            0.0020920502092050207,
            0.001394700139470014
        ],
        "vis": [
            0.346931659693166,
            0.33751743375174337,
            0.3413528591352859,
            0.34344490934449096,
            0.3514644351464435
        ],
        "vse": [
            0.05404463040446304,
            0.038702928870292884,
            0.03277545327754533,
            0.04602510460251046,
            0.043933054393305436
        ]
    },
    "r_apy": {
        "cat": [
            0.6323224282972728,
            0.6463224369002949,
            0.6290276566792343,
            0.6371682137217601,
            0.6358705998466223
        ],
        "iso": [
            0.4237902314912263,
            0.4460777488818859,
            0.46282726599610396,
            0.4339074467634404,
            0.4742373440282431
        ],
        "lle": [
            0.4562500325546774,
            0.4292151978583773,
            0.49307968770483257,
            0.4517674256309488,
            0.45894194523861354
        ],
        "pca": [
            0.3350899991036972,
            0.36707536838064914,
            0.3460643497015149,
            0.34918137155943085,
            0.3601550988368831
        ],
        "s2s": [
            0.4220414687754984,
            0.33380472359381785,
            0.37698914190194943,
            0.3532719219797522,
            0.3009536042388557
        ],