{
    "i_apy": {
        "cat": [
            0.6448364235684843,
            0.6926473928667543,
            0.6803166039819215,
            0.6903714896725481,
            0.6881970570805124
        ],
        "iso": [
            0.4821242589136312,
            0.46973838173222887,
            0.5054913428306771,
            0.5177043148799321,
            0.47512275009334815
        ],
        "lle": [
            0.5411818916292364,
            0.524381782151917,
            0.5132241312774097,
            0.5106489136300523,
            0.5507366305650031
        ],
        "pca": [
            0.4119316558593257,
            0.4183223958579959,
            0.45632806497787565,
            0.4355724472058137,
            0.4251701037126012
        ],
        "s2s": [
            0.5229986190816114,
            0.4537764841739231,
            0.5076255621571792,
            0.49893971491218275,
            0.4986805231218683
        ],
        "sae": [
            0.45768830546813044,
            0.5017744752283659,
            0.4512249425694489,
            0.4012053231449235,
            0.42128174910126215
        ],
        "sem": [
            0.09649408959164701,
            0.09105105693004507,
            0.09341190248544422,
            0.09833591665089313,
            0.09803047083836092
        ],
        "vis": [
            0.6635070861592125,
            0.6537065755526599,
            0.6415194856676665,
            0.6501671296313329,
            0.6337003570801338
        ],
        "vse": [
            0.4045637202304362,
            0.39031037258199525,
            0.3636916679337472,
            0.39997619337681045,
            0.39266210716903716
        ]
    },
    "i_awa": {
        "cat": [
            0.8504743670671375,
            0.8354909238555851,
            0.851940713919641,
            0.843364424976019,
            0.8457204585781751
        ],
        "s2s": [
            0.6778117837948291,
            0.6746948858532865,
            0.6826990284249976,
            0.6813730251468592,
            0.6862133681818776
        ],
        "sae": [
            0.7532999140478108,
            0.7486059841078629,
            0.7431063975385744,
            0.7644384755080926,
            0.744608165109554
        ],
        "sem": [
            0.4407868629837264,
            0.4293771997099079,
            0.4428143398965601,
            0.43535406426377304,
            0.4378815421617304
        ],
        "vis": [
            0.858583657433302,
            0.859664629349545,
            0.8659552284279767,
            0.8600642871976507,
            0.8513343422490842
        ],
        "vse": [
            0.6646207290064855,
            0.698645077292049,
            0.6940777387020112,
            0.7038993153987576,
            0.6832484101693416
        ]
    },
    "i_cub": {
        "cat": [
            0.037032828282828285,
            0.04136111111111111,
            0.030390151515151516,
            0.034333333333333334,
            0.03789393939393939
        ],
        "iso": [
            0.19674747474747478,
            0.19866666666666666,
            0.2023838383838384,
            0.21316414141414142,
            0.20814141414141413
        ],
        "lle": [
            0.6175934343434344,
            0.6131186868686869,
            0.6270542929292929,
            0.5965353535353535,
            0.631659090909091
        ],
        "pca": [
            0.16612121212121214,
            0.17910479797979798,
            0.17530303030303032,
            0.16674747474747473,
            0.17835353535353535
        ],
        "s2s": [
            0.31584595959595957,
            0.2699280303030303,
            0.2958977272727273,
            0.2838901515151515,
            0.2747828282828283
        ],
        "sae": [
            0.6663181818181818,
            0.6714255050505051,
            0.6668535353535353,
            0.680094696969697,
            0.6835214646464647
        ],
        "sem": [
            0.017843434343434342,
            0.013888888888888888,
            0.013813131313131315,
            0.011098484848484849,
            0.012222222222222223
        ],
        "vis": [
            0.6622373737373738,
            0.6566780303030302,
            0.6648623737373737,
            0.6756414141414142,
            0.6733573232323232
        ],
        "vse": [
            0.41706818181818184,
            0.3978270202020202,
            0.38720075757575756,
            0.4719090909090909,
            0.44693560606060606
        ]
    },
    "i_sun": {
         "cat": [
            0.34344490934449096,
            0.35460251046025104,
            0.3382147838214784,
            0.3406555090655509,
            0.3427475592747559
        ],
        "lle": [
            0.11401673640167365,
            0.1098326359832636,
            0.11785216178521618,
            0.10634588563458856,
            0.09902370990237098
        ],
        "iso": [
            0.11610878661087866,
            0.09797768479776849,
            0.10460251046025104,
            0.11192468619246862,
            0.09449093444909344
        ],
        "pca": [
            0.10669456066945607,
            0.09135285913528592,
            0.08647140864714087,
            0.09414225941422594,
            0.09867503486750348
        ],
        "s2s": [
            0.03765690376569038,
            0.036610878661087864,
            0.043235704323570434,
            0.043235704323570434,
            0.15411436541143655
        ],
        "sae": [
            0.0400976290097629,
            0.038354253835425386,
            0.030683403068340307,
            0.02789400278940028,
            0.03556485355648536
        ],
        "sem": [
            0.006624825662482566,
            0.005927475592747559,
            0.004532775453277545,
            0.008716875871687587,
            0.00697350069735007
        ],
        "vis": [
            0.346931659693166,
            0.33751743375174337,
            0.3413528591352859,
            0.34344490934449096,
            0.3514644351464435
        ],
        "vse": [
            0.0599721059972106,
            0.048465829846582986,
            0.05299860529986053,
            0.05439330543933055,
            0.05613668061366806
        ]
    },
    "r_apy": {
        "cat": [
            0.6772793312653654,
            0.7076287470875673,
            0.6953687995973421,
            0.6980399105386412,
            0.7067094796897835
        ],
        "iso": [
            0.5073861521533506,
            0.5019420701777086,
            0.5313419890359605,
            0.48349529352115195,
            0.5110484367726886
        ],
        "lle": [
            0.5095948688343169,
            0.5338386231347632,
            0.5022836587373005,
            0.50568818888807,
            0.5093951031856827
        ],
        "pca": [
            0.4698484524895177,
            0.4723935951898343,
            0.4579621885778492,
            0.43282713210632956,
            0.4686280281048602
        ],
        "s2s": [
            0.4406698520667494,
            0.4245620443787569,
            0.47643789319232804,
            0.4129914116060197,
            0.3961680357954206
        ],
        "sae": [
            0.5212443029988487,
            0.5048222745262032,
            0.5174547367649125,
            0.47931544165066614,
            0.4775913006751579
        ],
        "sem": [
            0.1168275879180821,
            0.11270331135191913,
            0.0950107366238904,
            0.09968022408124541,
            0.10092935867505165
        ],
        "vis": [
            0.6407418803935578,
            0.6623526893938042,
            0.6634359739245799,
            0.6566866787736855,
            0.6655973455956067
        ],