{
    "i_apy": {
        "cat": [
            0.6795426359651943,
            0.6513369466305454,
            0.6554314112688856,
            0.620886019469759,
            0.6932918532807187
        ],
        "iso": [
            0.4536769680582785,
            0.4450562007790244,
            0.5210551234970486,
            0.5055400655855482,
            0.5124265208854905
        ],
        "lle": [
            0.5379147264746964,
            0.5203074607974918,
            0.5131258597580612,
            0.4950202676624771,
            0.5038501606553938
        ],
        "pca": [
            0.35291109245206703,
            0.3976955564490793,
            0.37998116303107127,
            0.37722467922312997,
            0.3751018699830922
        ],
        "s2s": [
            0.4421577189080222,
            0.4647087929149899,
            0.49015627689391267,
            0.46740951395352126,
            0.44940297884017755
        ],
        "sae": [
            0.45768830546813044,
            0.5017744752283659,
            0.4512249425694489,
            0.4012053231449235,
            0.42128174910126215
        ],
        "sem": [
            0.08559545520436353,
            0.08458216382466546,
            0.06811379797077477,
            0.07913543689961287,
            0.06672916516712799
        ],
        "vis": [
            0.6635070861592125,
            0.6537065755526599,
            0.6415194856676665,
            0.6501671296313329,
            0.6337003570801338
        ],
        "vse": [
            0.34086495357825086,
            0.3238127155322379,
            0.35856816672371805,
            0.34680427062984764,
            0.40017823694585575
        ]
    },
    "i_awa": {
        "cat": [
            0.7783470281230314,
            0.7758383441173154,
            0.7860285845426945,
            0.783061206916299,
            0.7790938278551525
        ],
        "s2s": [
            0.6775426112152715,
            0.6825771273719705,
            0.6658642919829734,
            0.653738465958102,
            0.6759574255316138
        ],
        "sae": [
            0.7532999140478108,
            0.7486059841078629,
            0.7431063975385744,
            0.7644384755080926,
            0.744608165109554
        ],
        "sem": [
            0.27563296317239144,
            0.2754869054075616,
            0.2732141382019643,
            0.2770955444287227,
            0.2790961218027607
        ],
        "vis": [
            0.858583657433302,
            0.859664629349545,
            0.8659552284279767,
            0.8600642871976507,
            0.8513343422490842
        ],
        "vse": [
            0.65584192372053,
            0.6231611971936276,
            0.6283314391020666,
            0.6036196664986163,
            0.6348807639762601
        ]
    },
    "i_cub": {
        "cat": [
            0.02430808080808081,
            0.02761111111111111,
            0.025967171717171715,
            0.024621212121212124,
            0.02801262626262626
        ],
        "s2s": [
            0.2697727272727273,
            0.27465656565656565,
            0.2519090909090909,
            0.2744078282828283,
            0.2635429292929293
        ],
        "sae": [
            0.6792424242424242,
            0.680675505050505,
            0.6752133838383838,
            0.6810328282828283,
            0.6659747474747475
        ],
        "sem": [
            0.011388888888888891,
            0.012083333333333333,
            0.007159090909090908,
            0.008977272727272728,
            0.011111111111111112
        ],
        "vis": [
            0.6578863636363637,
            0.6761704545454547,
            0.6531502525252526,
            0.6779671717171718,
            0.660486111111111
        ],
        "vse": [
            0.2842323232323232,
            0.2825126262626263,
            0.3105113636363636,
            0.26250252525252527,
            0.24210227272727272
        ]
    },
    "i_sun": {
        "sae": [
            0.0400976290097629,
            0.038354253835425386,
            0.030683403068340307,
            0.02789400278940028,
            0.03556485355648536
        ],
        "vis": [
            0.346931659693166,
            0.33751743375174337,
            0.3413528591352859,
            0.34344490934449096,
            0.3514644351464435
        ]
    },
    "r_apy": {
        "cat": [
            0.6731972742869333,
            0.6577785661956244,
            0.6811566719532511,
            0.7191629032748308,
            0.6434408183804332
        ],
        "iso": [
            0.4903975118338913,
            0.4750333586551525,
            0.4741795688840227,
            0.48768927949083785,
            0.4467431229062236
        ],
        "lle": [
            0.48524828645648954,
            0.4739861653780202,
            0.49534643919328697,
            0.5110175455251071,
            0.503998176722652
        ],
        "pca": [
            0.4190304700116662,
            0.414744916340962,
            0.39862309888663594,
            0.413318740957894,
            0.42489566918593036
        ],
        "s2s": [
            0.4024455951482814,
            0.398767288314672,
            0.4042613120727344,
            0.3609790225553233,
            0.4511176480816841
        ],
        "sae": [
            0.5212443029988487,
            0.5048222745262032,
            0.5174547367649125,
            0.47931544165066614,
            0.4775913006751579
        ],
        "sem": [
            0.08283214554087377,
            0.07859026450460692,
            0.07902643333618803,
            0.08185588577981123,
            0.08427639255150209
        ],
        "vis": [
            0.6407418803935578,
            0.6623526893938042,
            0.6634359739245799,
            0.6566866787736855,
            0.6655973455956067
        ],
        "vse": [
            0.40249830326474845,
            0.4369968079788001,
            0.4181066413271022,
            0.45858425973917405,
            0.3721343987050924
        ]
    },
    "r_awa": {
        "cat": [
            0.8613008151209879,
            0.8478242154137833,
            0.867667062772696,
            0.8520454558256535,
            0.8733256423830514
        ],
        "s2s": [
            0.7101084464085937,
            0.7065532625890589,
            0.705379826283174,
            0.699212145694759,
            0.7108024223555343
        ],
        "sae": [
            0.7496565529863857,
            0.763340342788924,
            0.752287561515354,
            0.7563670361723243,
            0.7375368012816785
        ],
        "sem": [
            0.28042197805072866,
            0.280026895923728,
            0.2768894458715292,
            0.2830556041667318,
            0.2898310310550621
        ],
        "vis": [
            0.8858305800586376,
            0.8764120409472338,
            0.8810823290884031,
            0.8726824722143575,
            0.8734028201458899
        ],
        "vse": [
            0.6043409380901654,
            0.6593646261586636,
            0.6300470840418773,
            0.6507317890079917,
            0.6018850036415668
        ]
    },
    "r_cub": {
        "cat": [
            0.02888131313131313,
            0.031222222222222228,
            0.028279040404040404,
            0.03691919191919192,
            0.03293686868686869
        ],
        "s2s": [
            0.245729797979798,
            0.24237373737373738,
            0.23141540404040406,
            0.2462487373737374,
            0.23517929292929296
        ],
        "sae": [
            0.6251363636363636,
            0.639070707070707,
            0.6209280303030303,
            0.613300505050505,
            0.6220820707070707
        ],