{
    "i_apy": {
        "cat": [
            0.897044565556621,
            0.8931839970241393,
            0.8933300046565196,
            0.8957517454446381,
            0.9156135682732951
        ],
        "iso": [
            0.8891850758753119,
            0.881164531380339,
            0.8738912168487512,
            0.8756764120937621,
            0.8815928927002912
        ],
        "lle": [
            0.8375190582649381,
            0.8483524807405183,
            0.8157407135102637,
            0.8326790976447223,
            0.8446148259199953
        ],
        "pca": [
            0.9086657489771532,
            0.9119500797310065,
            0.9089127387856963,
            0.9169840710861514,
            0.9031081621462349
        ],
        "s2s": [
            0.6010690821479674,
            0.6002300490644439,
            0.6000464926692335,
            0.5929627189534575,
            0.5837273830108467
        ],
        "sae": [
            0.45768830546813044,
            0.5017744752283659,
            0.4512249425694489,
            0.4012053231449235,
            0.42128174910126215
        ],
        "sem": [
            0.7163518413346815,
            0.7390749692565847,
            0.7233300137765828,
            0.7463515671187332,
            0.7147334854451965
        ],
        "vis": [
            0.6635070861592125,
            0.6537065755526599,
            0.6415194856676665,
            0.6501671296313329,
            0.6337003570801338
        ],
        "vse": [
            0.8987782805334692,
            0.9039777276043734,
            0.9123345621821847,
            0.9094849801531713,
            0.8950070567654049
        ]
    },
    "i_awa": {
        "cat": [
            1.0,
            1.0,
            0.9993132335365382,
            0.99914134993842,
            0.9998601398601399
        ],
        "iso": [
            0.9633007079393116,
            0.9659424328894946,
            0.9466578472354028,
            0.955030156447677,
            0.9473302229050549
        ],
        "lle": [
            0.9894482085745985,
            0.9893976305384755,
            0.9882308998191351,
            0.9827410083966881,
            0.9769996521842268
        ],
        "pca": [
            1.0,
            1.0,
            1.0,
            1.0,
            1.0
        ],
        "s2s": [
            0.8322701418108229,
            0.8330772302746806,
            0.8348726015354971,
            0.8328465325179647,
            0.8229602979098932
        ],
        "sae": [
            0.7532999140478108,
            0.7486059841078629,
            0.7431063975385744,
            0.7644384755080926,
            0.744608165109554
        ],
        "sem": [
            1.0,
            1.0,
            1.0,
            1.0,
            1.0
        ],
        "vis": [
            0.858583657433302,
            0.859664629349545,
            0.8659552284279767,
            0.8600642871976507,
            0.8513343422490842
        ],
        "vse": [
            0.9994524812305439,
            0.9997938144329896,
            1.0,
            1.0,
            0.9997647058823529
        ]
    },
    "i_cub": {
        "cat": [
            0.9983333333333333,
            0.9995833333333333,
            0.9991666666666665,
            1.0,
            1.0
        ],
        "iso": [
            0.7223333333333334,
            0.7315883838383838,
            0.7247853535353534,
            0.7002272727272727,
            0.6897575757575757
        ],
        "lle": [
            0.9805833333333334,
            0.9819696969696969,
            0.977989898989899,
            0.9824166666666666,
            0.9743106060606059
        ],
        "pca": [
            0.9995833333333333,
            0.9995833333333333,
            1.0,
            0.9991666666666665,
            0.9995833333333333
        ],
        "s2s": [
            0.6850808080808081,
            0.6688762626262627,
            0.6786830808080808,
            0.6712739898989899,
            0.6770808080808082
        ],
        "sae": [
            0.6792424242424242,
            0.680675505050505,
            0.6752133838383838,
            0.6810328282828283,
            0.6659747474747475
        ],
        "sem": [
            1.0,
            1.0,
            1.0,
            1.0,
            1.0
        ],
        "vis": [
            0.6578863636363637,
            0.6761704545454547,
            0.6531502525252526,
            0.6779671717171718,
            0.660486111111111
        ],
        "vse": [
            0.9969999999999999,
            0.9979166666666667,
            0.9966666666666666,
            0.9966666666666666,
            0.9970833333333334
        ]
    },
    "i_sun": {
        "cat": [
            0.3866806136680614,
            0.3688981868898187,
            0.36750348675034866,
            0.37796373779637377,
            0.3800557880055788
        ],
        "iso": [
            0.2388423988842399,
            0.24546722454672246,
            0.24337517433751743,
            0.23814504881450488,
            0.23117154811715482
        ],
        "lle": [
            0.2698744769874477,
            0.2709205020920502,
            0.2660390516039052,
            0.28486750348675033,
            0.27824267782426776
        ],
        "pca": [
            0.30299860529986056,
            0.3002092050209205,
            0.300557880055788,
            0.30578800557880054,
            0.30160390516039054
        ],
        "s2s": [
            0.2723152022315202,
            0.27266387726638774,
            0.2723152022315202,
            0.2681311018131102,
            0.26429567642956764
        ],
        "sae": [
            0.0400976290097629,
            0.038354253835425386,
            0.030683403068340307,
            0.02789400278940028,
            0.03556485355648536
        ],
        "sem": [
            0.20292887029288703,
            0.19874476987447698,
            0.1896792189679219,
            0.19769874476987448,
            0.1903765690376569
        ],
        "vis": [
            0.346931659693166,
            0.33751743375174337,
            0.3413528591352859,
            0.34344490934449096,
            0.3514644351464435
        ],
        "vse": [
            0.29845885634588565,
            0.28558577405857744,
            0.2801813110181311,
            0.2893514644351465,
            0.27864016736401676
        ]
    },
    "r_apy": {
        "cat": [
            0.8996174382641902,
            0.8977532451397079,
            0.9193069789284567,
            0.9008956990023924,
            0.9083695056730701
        ],
        "iso": [
            0.8420949347978304,
            0.8818795645657835,
            0.8796685457705842,
            0.8744973897142443,
            0.8503493575238079
        ],
        "lle": [
            0.8086341255577233,
            0.8035693784453501,
            0.8031354798160263,
            0.8100273586355079,
            0.8108061629715444
        ],
        "pca": [
            0.920354677868235,
            0.9198217768830481,
            0.8891758742989451,
            0.9097701536791011,
            0.9004366618459534
        ],
        "s2s": [
            0.6145529287132843,
            0.6092090556549841,
            0.6111227703949936,
            0.6122104109475781,
            0.6336291178244183
        ],
        "sae": [
            0.5212443029988487,
            0.5048222745262032,
            0.5174547367649125,
            0.47931544165066614,
            0.4775913006751579
        ],
        "sem": [
            0.7253849659357829,
            0.7478647896429083,
            0.7206876873537662,
            0.7206968287155417,
            0.7307080365819609
        ],