{
    "i_apy": {
        "cat": [
            0.6654394862785672,
            0.6347418408074867,
            0.6454401449999445,
            0.6103368407635528,
            0.6701236793845871
        ],
        "iso": [
            0.46943064649474386,
            0.4661655988178779,
            0.4576403185518978,
            0.4646937490289752,
            0.4624020137541562
        ],
        "lle": [
            0.4730116626322169,
            0.4984053505976856,
            0.4966742414937112,
            0.5124327480462973,
            0.47943241846378015
        ],
        "pca": [
            0.3778046259388025,
            0.3363850780477055,
            0.3561137487084323,
            0.34414571562981333,
            0.3447786642246688
        ],
        "s2s": [
            0.4871774510272836,
            0.41252459035133393,
            0.44279715889817123,
            0.4589486351388797,
            0.4797346739724081
        ],
        "sae": [
            0.45768830546813044,
            0.5017744752283659,
            0.4512249425694489,
            0.4012053231449235,
            0.42128174910126215
        ],
        "sem": [
            0.06424884872219824,
            0.06583750223040312,
            0.06271454688982891,
            0.06761307627653948,
            0.06498784008614045
        ],
        "vis": [
            0.6635070861592125,
            0.6537065755526599,
            0.6415194856676665,
            0.6501671296313329,
            0.6337003570801338
        ],
        "vse": [
            0.3377694454905069,
            0.3287408958534701,
            0.3004697049929579,
            0.32824015436418724,
            0.3325830676255843
        ]
    },
    "i_awa": {
        "cat": [
            0.722362172470453,
            0.7222585266821396,
            0.719200950423542,
            0.7199173929872257,
            0.7123160863780273
        ],
        "s2s": [
            0.6660885147882489,
            0.6577130394270941,
            0.632072555514917,
            0.6315882536426547,
            0.6293524290234063
        ],
        "sae": [
            0.7532999140478108,
            0.7486059841078629,
            0.7431063975385744,
            0.7644384755080926,
            0.744608165109554
        ],
        "sem": [
            0.14755602910574478,
            0.15718515376586015,
            0.15341384260613822,
            0.15461817195094432,
            0.1538926217241395
        ],
        "vis": [
            0.858583657433302,
            0.859664629349545,
            0.8659552284279767,
            0.8600642871976507,
            0.8513343422490842
        ],
        "vse": [
            0.5304769114298078,
            0.5223934842006076,
            0.5740830310757628,
            0.588167273121952,
            0.5481981704783451
        ]
    },
    "i_cub": {
        "cat": [
            0.023974747474747468,
            0.022472222222222223,
            0.021535353535353532,
            0.020108585858585853,
            0.022373737373737376
        ],
        "s2s": [
            0.24232323232323233,
            0.24076515151515154,
            0.24931060606060604,
            0.24588257575757574,
            0.2528358585858586
        ],
        "sae": [
            0.6792424242424242,
            0.680675505050505,
            0.6752133838383838,
            0.6810328282828283,
            0.6659747474747475
        ],
        "sem": [
            0.00875,
            0.008472222222222221,
            0.009772727272727273,
            0.007272727272727273,
            0.01090909090909091
        ],
        "vis": [
            0.6578863636363637,
            0.6761704545454547,
            0.6531502525252526,
            0.6779671717171718,
            0.660486111111111
        ],
        "vse": [
            0.22265404040404044,
            0.18714267676767676,
            0.17955050505050504,
            0.2055227272727273,
            0.21219823232323232
        ]
    },
    "i_sun": {
        "sae": [
            0.0400976290097629,
            0.038354253835425386,
            0.030683403068340307,
            0.02789400278940028,
            0.03556485355648536
        ],
        "vis": [
            0.346931659693166,
            0.33751743375174337,
            0.3413528591352859,
            0.34344490934449096,
            0.3514644351464435
        ]
    },
    "r_apy": {
        "cat": [
            0.6519166553156006,
            0.6362805674688086,
            0.6753288434367013,
            0.680675715377747,
            0.6479800580007041
        ],
        "iso": [
            0.44877849504732364,
            0.48341747031373883,
            0.47542391009783397,
            0.4520380984525697,
            0.4789566763963157
        ],
        "lle": [
            0.4604063964329998,
            0.4842190964631179,
            0.46075770775532154,
            0.4995534863674175,
            0.4596576236962578
        ],
        "pca": [
            0.382099415592111,
            0.38400529835742947,
            0.3857825873274616,
            0.39462141621979174,
            0.38678461074591997
        ],
        "s2s": [
            0.4110663788460994,
            0.3691744481770123,
            0.42306863346268425,
            0.40460883611340104,
            0.3702086093327073
        ],
        "sae": [
            0.5212443029988487,
            0.5048222745262032,
            0.5174547367649125,
            0.47931544165066614,
            0.4775913006751579
        ],
        "sem": [
            0.055941880198171555,
            0.05261176294067303,
            0.05643604391064626,
            0.059977217415641465,
            0.06740245187803795
        ],
        "vis": [
            0.6407418803935578,
            0.6623526893938042,
            0.6634359739245799,
            0.6566866787736855,
            0.6655973455956067
        ],
        "vse": [
            0.3506501927629071,
            0.39546532344984403,
            0.37663289990734694,
            0.38897011601802256,
            0.4062541342667147
        ]
    },
    "r_awa": {
        "cat": [
            0.8147251484605792,
            0.8112473691886933,
            0.8271567259526061,
            0.8198706150934693,
            0.8154072637797658
        ],
        "s2s": [
            0.6886683920741572,
            0.6771419516776767,
            0.6805548279095427,
            0.686460645166014,
            0.6904227741282541
        ],
        "sae": [
            0.7496565529863857,
            0.763340342788924,
            0.752287561515354,
            0.7563670361723243,
            0.7375368012816785
        ],
        "sem": [
            0.15707876016465983,
            0.16274944460883972,
            0.1612579975091772,
            0.15804055901954578,
            0.16457326850353626
        ],
        "vis": [
            0.8858305800586376,
            0.8764120409472338,
            0.8810823290884031,
            0.8726824722143575,
            0.8734028201458899
        ],
        "vse": [
            0.5666117042485389,
            0.5354645298740904,
            0.5432144629745601,
            0.5921055398448631,
            0.5146985760322957
        ]
    },
    "r_cub": {
        "cat": [
            0.0243989898989899,
            0.020166666666666666,
            0.024969696969696965,
            0.025138888888888888,
            0.022032828282828282
        ],
        "s2s": [
            0.20666414141414144,
            0.20095959595959595,
            0.20425505050505052,
            0.21006818181818182,
            0.20791792929292932
        ],
        "sae": [
            0.6251363636363636,
            0.639070707070707,
            0.6209280303030303,
            0.613300505050505,
            0.6220820707070707
        ],