{
    "i_apy": {
        "cat": [
            0.8429581350736453,
            0.8168260737303319,
            0.836362170310177,
            0.8262371047589896,
            0.8102988102111186
        ],
        "iso": [
            0.6966927658220694,
            0.7066273314562699,
            0.6995098030382556,
            0.7117678432501873,
            0.6953418713893023
        ],
        "lle": [
            0.729728663185913,
            0.715323508234693,
            0.7070014138476177,
            0.6783166300064315,
            0.7206509086988553
        ],
        "pca": [
            0.6982198089918636,
            0.7185718770016829,
            0.6882737663409103,
            0.6987838385372048,
            0.668293344222072
        ],
        "s2s": [
            0.5940952158969673,
            0.5749704570218701,
            0.5780123338618228,
            0.5763343207636188,
            0.567101297070917
        ],
        "sae": [
            0.45768830546813044,
            0.5017744752283659,
            0.4512249425694489,
            0.4012053231449235,
            0.42128174910126215
        ],
        "sem": [
            0.4397268374076886,
            0.3954718703949149,
            0.41030632912019394,
            0.4065683534406137,
            0.4041034921140409
        ],
        "vis": [
            0.6635070861592125,
            0.6537065755526599,
            0.6415194856676665,
            0.6501671296313329,
            0.6337003570801338
        ],
        "vse": [
            0.6550528274457972,
            0.6456325717047424,
            0.6213928492048433,
            0.6682446334993928,
            0.6473490421099526
        ]
    },
    "i_awa": {
        "cat": [
            0.9810775832233292,
            0.9839810599759816,
            0.9844028833742496,
            0.9842728128911294,
            0.9808203098778243
        ],
        "lle": [
            0.9893459436933089,
            0.9842940404650641,
            0.9777599025726702,
            0.9863905906042119,
            0.9806046278308475
        ],
        "pca": [
            0.9928295383490202,
            0.9954406661790987,
            0.9940506655408883,
            0.9949783064940563,
            0.9946930300718297
        ],
        "s2s": [
            0.800140653173319,
            0.790523574989126,
            0.7933310552814992,
            0.7947116768150708,
            0.7937806578060449
        ],
        "sae": [
            0.7532999140478108,
            0.7486059841078629,
            0.7431063975385744,
            0.7644384755080926,
            0.744608165109554
        ],
        "sem": [
            0.9430636175467577,
            0.9382699339942165,
            0.9334795325917247,
            0.939686787743364,
            0.937495669033493
        ],
        "vis": [
            0.858583657433302,
            0.859664629349545,
            0.8659552284279767,
            0.8600642871976507,
            0.8513343422490842
        ],
        "vse": [
            0.9860102466530623,
            0.98490063032045,
            0.9829837328987725,
            0.9795031356730434,
            0.9821173277368739
        ]
    },
    "i_cub": {
        "cat": [
            0.315260101010101,
            0.3145669191919192,
            0.3178131313131313,
            0.3217815656565656,
            0.2994772727272727
        ],
        "iso": [
            0.6302146464646465,
            0.6221136363636364,
            0.6185151515151515,
            0.6135378787878788,
            0.5990227272727272
        ],
        "lle": [
            0.9488333333333334,
            0.9402803030303031,
            0.9484520202020201,
            0.9524772727272728,
            0.9521136363636363
        ],
        "pca": [
            0.924,
            0.9251439393939392,
            0.9169747474747476,
            0.921590909090909,
            0.9173080808080809
        ],
        "s2s": [
            0.5251489898989898,
            0.5284823232323232,
            0.5064242424242424,
            0.5315669191919191,
            0.5043207070707071
        ],
        "sae": [
            0.6792424242424242,
            0.680675505050505,
            0.6752133838383838,
            0.6810328282828283,
            0.6659747474747475
        ],
        "sem": [
            0.13903030303030303,
            0.1380972222222222,
            0.1339520202020202,
            0.14631565656565657,
            0.1365959595959596
        ],
        "vis": [
            0.6578863636363637,
            0.6761704545454547,
            0.6531502525252526,
            0.6779671717171718,
            0.660486111111111
        ],
        "vse": [
            0.9493030303030302,
            0.9488005050505052,
            0.9506477272727273,
            0.9341893939393938,
            0.9424318181818181
        ]
    },
    "i_sun": {
        "cat": [
            0.36645746164574616,
            0.35460251046025104,
            0.3486750348675035,
            0.36297071129707115,
            0.34902370990237097
        ],
        "lle": [
            0.15725244072524408,
            0.1593444909344491,
            0.16422594142259414,
            0.1691073919107392,
            0.17433751743375175
        ],
        "iso": [
            0.1614365411436541,
            0.16352859135285913,
            0.14365411436541142,
            0.1705020920502092,
            0.16108786610878661
        ],
        "pca": [
            0.15446304044630405,
            0.16631799163179917,
            0.1579497907949791,
            0.1579497907949791,
            0.16387726638772665
        ],
        "s2s": [
            0.09623430962343096,
            0.20292887029288703,
            0.11715481171548117,
            0.10146443514644352,
            0.19142259414225943
        ],
        "sae": [
            0.0400976290097629,
            0.038354253835425386,
            0.030683403068340307,
            0.02789400278940028,
            0.03556485355648536
        ],
        "sem": [
            0.03556485355648536,
            0.0397489539748954,
            0.029288702928870293,
            0.035216178521617854,
            0.02789400278940028
        ],
        "vis": [
            0.346931659693166,
            0.33751743375174337,
            0.3413528591352859,
            0.34344490934449096,
            0.3514644351464435
        ],
        "vse": [
            0.13284518828451883,
            0.12308228730822873,
            0.12935843793584378,
            0.12587168758716877,
            0.12133891213389121
        ]
    },
    "r_apy": {
        "cat": [
            0.8270143087671746,
            0.8232639249774147,
            0.8268951852535148,
            0.8314045108097194,
            0.8260047243166747
        ],
        "iso": [
            0.7086103003746,
            0.7221626471696855,
            0.7095176790775188,
            0.7236591422607903,
            0.712319043688105
        ],
        "lle": [
            0.7020218588656986,
            0.7210432133280509,
            0.6724778459304281,
            0.6942118279015715,
            0.6840826007851557
        ],
        "pca": [
            0.7083372986241998,
            0.7361746323392634,
            0.7355027963179865,
            0.7102214268069459,
            0.700825307971019
        ],
        "s2s": [
            0.5696583095521284,
            0.5874533175663675,
            0.5831934002809775,
            0.5833116669212042,
            0.5748046560337334
        ],
        "sae": [
            0.5212443029988487,
            0.5048222745262032,
            0.5174547367649125,
            0.47931544165066614,
            0.4775913006751579
        ],
        "sem": [
            0.43326266365533206,
            0.38563985146950003,
            0.39581039614974384,
            0.3922173341430871,
            0.40719717449600257
        ],