{
    "i_apy": {
        "cat": [
            0.5798778952960586,
            0.6332873880189926,
            0.6426792572398481,
            0.5884605034991817,
            0.5885173724258755
        ],
        "iso": [
            0.4824537921098365,
            0.43100040534507916,
            0.4344643767088109,
            0.442345294957614,
            0.4650305377197318
        ],
        "lle": [
            0.4517445877881773,
            0.44771815536944615,
            0.4286463486525455,
            0.40994118892615633,
            0.45346738953126164
        ],
        "pca": [
            0.2645782784428923,
            0.26059798332812956,
            0.29523855162206236,
            0.24070419448642286,
            0.27266817678741356
        ],
        "s2s": [
            0.41788113792131387,
            0.36462981152901536,
            0.3863521569596909,
            0.36736257208407774,
            0.4228097740337854
        ],
        "sae": [
            0.45768830546813044,
            0.5017744752283659,
            0.4512249425694489,
            0.4012053231449235,
            0.42128174910126215
        ],
        "sem": [
            0.026235870140404714,
            0.03210380633870691,
            0.033166829099830195,
            0.037833801421703665,
            0.033168708368490264
        ],
        "vis": [
            0.6635070861592125,
            0.6537065755526599,
            0.6415194856676665,
            0.6501671296313329,
            0.6337003570801338
        ],
        "vse": [
            0.2978803001883062,
            0.24504293972168428,
            0.2907360552932702,
            0.2692120529659582,
            0.224891111027059
        ]
    },
    "i_awa": {
        "cat": [
            0.47285495377436637,
            0.47319221166567693,
            0.4827486116656416,
            0.4673540953406542,
            0.468249677904208
        ],
        "s2s": [
            0.5366957014009184,
            0.5454659473804524,
            0.568947363408412,
            0.5648307778350323,
            0.5467210092300576
        ],
        "sae": [
            0.7532999140478108,
            0.7486059841078629,
            0.7431063975385744,
            0.7644384755080926,
            0.744608165109554
        ],
        "sem": [
            0.020472772630420338,
            0.02386222575806256,
            0.018321641563512122,
            0.019207399715223374,
            0.020652996523464986
        ],
        "vis": [
            0.858583657433302,
            0.859664629349545,
            0.8659552284279767,
            0.8600642871976507,
            0.8513343422490842
        ],
        "vse": [
            0.2809576684683235,
            0.31935644140474206,
            0.28531694384663914,
            0.3245688737357048,
            0.2738134208457375
        ]
    },
    "i_cub": {
        "cat": [
            0.005416666666666668,
            0.008333333333333333,
            0.008068181818181818,
            0.005454545454545454,
            0.008333333333333333
        ],
        "s2s": [
            0.1584520202020202,
            0.16951388888888888,
            0.17881944444444442,
            0.1486590909090909,
            0.1590757575757576
        ],
        "sae": [
            0.6792424242424242,
            0.680675505050505,
            0.6752133838383838,
            0.6810328282828283,
            0.6659747474747475
        ],
        "sem": [
            0.00625,
            0.004583333333333333,
            0.005909090909090908,
            0.005492424242424242,
            0.005833333333333334
        ],
        "vis": [
            0.6578863636363637,
            0.6761704545454547,
            0.6531502525252526,
            0.6779671717171718,
            0.660486111111111
        ],
        "vse": [
            0.06582575757575757,
            0.08888636363636364,
            0.08202777777777777,
            0.07816161616161615,
            0.08107575757575755
        ]
    },
    "i_sun": {
        "sae": [
            0.0400976290097629,
            0.038354253835425386,
            0.030683403068340307,
            0.02789400278940028,
            0.03556485355648536
        ],
        "vis": [
            0.346931659693166,
            0.33751743375174337,
            0.3413528591352859,
            0.34344490934449096,
            0.3514644351464435
        ]
    },
    "r_apy": {
        "cat": [
            0.6229640505992693,
            0.6369525494678181,
            0.5834095816383518,
            0.6238803773369319,
            0.6148493063335674
        ],
        "iso": [
            0.44878672928309093,
            0.42834068898203276,
            0.41612007806606754,
            0.42612314002676355,
            0.42730221417574554
        ],
        "lle": [
            0.44288654419316825,
            0.3996055626966816,
            0.4290389166155564,
            0.4297588162814124,
            0.42330050544478715
        ],
        "pca": [
            0.29371158105577333,
            0.32462683893458105,
            0.21887628475058854,
            0.2872435208488242,
            0.29369313306679334
        ],
        "s2s": [
            0.2427928164045668,
            0.3012903232097061,
            0.25804062587235316,
            0.2871718390243645,
            0.30224956366833916
        ],
        "sae": [
            0.5212443029988487,
            0.5048222745262032,
            0.5174547367649125,
            0.47931544165066614,
            0.4775913006751579
        ],
        "sem": [
            0.03955506399959725,
            0.03228296267118323,
            0.03528151670365177,
            0.033935274560274564,
            0.03148393523048328
        ],
        "vis": [
            0.6407418803935578,
            0.6623526893938042,
            0.6634359739245799,
            0.6566866787736855,
            0.6655973455956067
        ],
        "vse": [
            0.3307761997690669,
            0.3374358306381736,
            0.3403013420539547,
            0.36521196296515107,
            0.35401325233319036
        ]
    },
    "r_awa": {
        "cat": [
            0.692039302766584,
            0.6668576785083385,
            0.6567655157102397,
            0.6610581304394106,
            0.6621056968636343
        ],
         "s2s": [
            0.5992546809100519,
            0.5900343485767852,
            0.5970881865815574,
            0.6015034177974568,
            0.5981178387506243
        ],
        "sae": [
            0.7496565529863857,
            0.763340342788924,
            0.752287561515354,
            0.7563670361723243,
            0.7375368012816785
        ],
        "sem": [
            0.01960843406154321,
            0.015329953537763624,
            0.021808378678505474,
            0.018616336319012224,
            0.019097528561072375
        ],
        "vis": [
            0.8858305800586376,
            0.8764120409472338,
            0.8810823290884031,
            0.8726824722143575,
            0.8734028201458899
        ],
        "vse": [
            0.2644157123031475,
            0.3293291918589805,
            0.3742800544282249,
            0.3173779634196767,
            0.32766753204031196
        ]
    },
    "r_cub": {
        "cat": [
            0.006249999999999999,
            0.007083333333333334,
            0.00928030303030303,
            0.005909090909090908,
            0.008787878787878787
        ],
        "s2s": [
            0.151010101010101,
            0.1416969696969697,
            0.14979671717171716,
            0.11733333333333333,
            0.14436363636363636
        ],
        "sae": [
            0.6251363636363636,
            0.639070707070707,
            0.6209280303030303,
            0.613300505050505,
            0.6220820707070707
        ],