{
    "i_apy": {
        "cat": [
            0.6261412283940664,
            0.5961462541514468,
            0.603544062270386,
            0.5844897832517543,
            0.6156153892903127
        ],
        "iso": [
            0.468825634658388,
            0.40827305582326834,
            0.4136530433942064,
            0.4685183434311343,
            0.3970008943040951
        ],
        "lle": [
            0.45595263453670043,
            0.43992530867576884,
            0.43239673059366124,
            0.4588010259493742,
            0.43753370580961276
        ],
        "pca": [
            0.2848500194920509,
            0.2911040347377115,
            0.28645282749799905,
            0.2831969339914663,
            0.2649285372412806
        ],
        "s2s": [
            0.37937171171808337,
            0.39449868461169413,
            0.40829598623580854,
            0.3992644863364083,
            0.3454703143341289
        ],
        "sae": [
            0.45768830546813044,
            0.5017744752283659,
            0.4512249425694489,
            0.4012053231449235,
            0.42128174910126215
        ],
        "sem": [
            0.03471662438625673,
            0.034662316128050485,
            0.04386614997216287,
            0.03613597851349838,
            0.0348664344956983
        ],
        "vis": [
            0.6635070861592125,
            0.6537065755526599,
            0.6415194856676665,
            0.6501671296313329,
            0.6337003570801338
        ],
        "vse": [
            0.2591834217379622,
            0.30567801859437965,
            0.2492777263660958,
            0.29616631581186353,
            0.25575892246393883
        ]
    },
    "i_awa": {
        "cat": [
            0.5453893226680553,
            0.5315336451063397,
            0.5274086907556386,
            0.5310952733462565,
            0.5337060715782783
        ],
        "s2s": [
            0.5714467433688051,
            0.5559739288202427,
            0.5751789961964626,
            0.5425764929967208,
            0.5683319515270435
        ],
        "sae": [
            0.7532999140478108,
            0.7486059841078629,
            0.7431063975385744,
            0.7644384755080926,
            0.744608165109554
        ],
        "sem": [
            0.033362160012187295,
            0.027657544951027537,
            0.03465003972070277,
            0.028794239740727798,
            0.02833414882990911
        ],
        "vis": [
            0.858583657433302,
            0.859664629349545,
            0.8659552284279767,
            0.8600642871976507,
            0.8513343422490842
        ],
        "vse": [
            0.3517912505060889,
            0.39501808347110057,
            0.42172340714870155,
            0.3283088725994283,
            0.381752228011383
        ]
    },
    "i_cub": {
        "cat": [
            0.009166666666666667,
            0.010833333333333332,
            0.013181818181818182,
            0.012007575757575757,
            0.01212121212121212
        ],
        "s2s": [
            0.1725580808080808,
            0.1643888888888889,
            0.18679924242424242,
            0.16064015151515154,
            0.16365404040404039
        ],
        "sae": [
            0.6792424242424242,
            0.680675505050505,
            0.6752133838383838,
            0.6810328282828283,
            0.6659747474747475
        ],
        "sem": [
            0.005833333333333334,
            0.004166666666666667,
            0.004659090909090909,
            0.00375,
            0.004583333333333333
        ],
        "vis": [
            0.6578863636363637,
            0.6761704545454547,
            0.6531502525252526,
            0.6779671717171718,
            0.660486111111111
        ],
        "vse": [
            0.08353787878787879,
            0.08111616161616161,
            0.08592929292929292,
            0.09388383838383837,
            0.09751515151515151
        ]
    },
    "i_sun": {
        "sae": [
            0.0400976290097629,
            0.038354253835425386,
            0.030683403068340307,
            0.02789400278940028,
            0.03556485355648536
        ],
        "vis": [
            0.346931659693166,
            0.33751743375174337,
            0.3413528591352859,
            0.34344490934449096,
            0.3514644351464435
        ]
    },
    "r_apy": {
        "cat": [
            0.5991828228302836,
            0.6157133805678816,
            0.6327568744773764,
            0.6096651741334671,
            0.619972206211373
        ],
        "iso": [
            0.4387132292554886,
            0.4375470604671849,
            0.44488106532727406,
            0.4534938245550002,
            0.4279390234933104
        ],
        "lle": [
            0.46329799040504016,
            0.45505321579837965,
            0.42468511497069106,
            0.44970225774660644,
            0.4240236973016817
        ],
        "pca": [
            0.31398324454124227,
            0.3068400584339883,
            0.29748130772322223,
            0.3249047599902161,
            0.3244874362673305
        ],
        "s2s": [
            0.2999645290383896,
            0.2773496193699433,
            0.3177356798636606,
            0.3776210557264136,
            0.3010566085384121
        ],
        "sae": [
            0.5212443029988487,
            0.5048222745262032,
            0.5174547367649125,
            0.47931544165066614,
            0.4775913006751579
        ],
         "sem": [
            0.03705741565464524,
            0.03177931951419067,
            0.031562356836095984,
            0.03620230562147155,
            0.038529589181371365
        ],
        "vis": [
            0.6407418803935578,
            0.6623526893938042,
            0.6634359739245799,
            0.6566866787736855,
            0.6655973455956067
        ],
        "vse": [
            0.3925318559588318,
            0.3909176596113553,
            0.33449781440774645,
            0.3539725118771162,
            0.3345959015695912
        ]
    },
    "r_awa": {
        "cat": [
            0.7041404144090968,
            0.6976708872495518,
            0.7020394326134094,
            0.7068647596851008,
            0.7080537641429672
        ],
        "s2s": [
            0.6044354953594357,
            0.6282716480202677,
            0.593847790448893,
            0.6202140524900409,
            0.5908839456092074
        ],
        "sae": [
            0.7496565529863857,
            0.763340342788924,
            0.752287561515354,
            0.7563670361723243,
            0.7375368012816785
        ],
        "sem": [
            0.02810595133265341,
            0.03229546323356757,
            0.028939369376014327,
            0.029877939531503597,
            0.03327577022729105
        ],
        "vis": [
            0.8858305800586376,
            0.8764120409472338,
            0.8810823290884031,
            0.8726824722143575,
            0.8734028201458899
        ],
        "vse": [
            0.38627908247638304,
            0.37716483468334966,
            0.3934607315393643,
            0.34922917948715954,
            0.35387582050003025
        ]
    },
    "r_cub": {
        "cat": [
            0.01087121212121212,
            0.010416666666666668,
            0.01268939393939394,
            0.010227272727272727,
            0.011704545454545454
        ],
        "s2s": [
            0.14899242424242423,
            0.16062626262626264,
            0.1449090909090909,
            0.14331565656565654,
            0.17655681818181818
        ],
        "sae": [
            0.6251363636363636,
            0.639070707070707,
            0.6209280303030303,
            0.613300505050505,
            0.6220820707070707
        ],