{
    "i_apy": {
        "cat": [
            0.6487105433380838,
            0.6381300464910544,
            0.635211544151141,
            0.5880033936667384,
            0.6439144216001004
        ],
        "iso": [
            0.4338696505958748,
            0.47353227013332166,
            0.44518358483339215,
            0.4664246318160481,
            0.44787115493356944
        ],
        "lle": [
            0.5164107215647453,
            0.45887060413227887,
            0.4867111343072613,
            0.46320982967821805,
            0.4948240283862901
        ],
        "pca": [
            0.32934491053766946,
            0.32078851392759355,
            0.3270509451076399,
            0.3178625389870846,
            0.30214338640825417
        ],
        "s2s": [
            0.42907776885209425,
            0.4567605746496485,
            0.4117074205862242,
            0.4495114137286373,
            0.45438491283766347
        ],
        "sae": [
            0.45768830546813044,
            0.5017744752283659,
            0.4512249425694489,
            0.4012053231449235,
            0.42128174910126215
        ],
        "sem": [
            0.046971920665088124,
            0.03851747451004149,
            0.057458427277998055,
            0.05282206186557242,
            0.04506742747552435
        ],
        "vis": [
            0.6635070861592125,
            0.6537065755526599,
            0.6415194856676665,
            0.6501671296313329,
            0.6337003570801338
        ],
        "vse": [
            0.3081325424690663,
            0.28361646453043377,
            0.3356436229335563,
            0.28878878129840574,
            0.3124015964942095
        ]
    },
    "i_awa": {
        "cat": [
            0.6418687800643141,
            0.6561873395423008,
            0.6715934813001918,
            0.6613917628212667,
            0.651370639765811
        ],
        "s2s": [
            0.622699455822472,
            0.6315560809847993,
            0.6159959137375186,
            0.6349922791972294,
            0.6245765786249474
        ],
        "sae": [
            0.7532999140478108,
            0.7486059841078629,
            0.7431063975385744,
            0.7644384755080926,
            0.744608165109554
        ],
        "sem": [
            0.0843042339832505,
            0.0847304231949919,
            0.09129135646940983,
            0.09593258407387495,
            0.08445082622169027
        ],
        "vis": [
            0.858583657433302,
            0.859664629349545,
            0.8659552284279767,
            0.8600642871976507,
            0.8513343422490842
        ],
        "vse": [
            0.48796138410303563,
            0.5175109263190802,
            0.5313799226761252,
            0.45515108443661134,
            0.5029490689860965
        ]
    },
    "i_cub": {
        "cat": [
            0.016964646464646464,
            0.018722222222222223,
            0.013106060606060605,
            0.01583333333333333,
            0.017335858585858586
        ],
        "s2s": [
            0.20476767676767677,
            0.2246641414141414,
            0.20983585858585854,
            0.2166060606060606,
            0.20345454545454544
        ],
        "sae": [
            0.6792424242424242,
            0.680675505050505,
            0.6752133838383838,
            0.6810328282828283,
            0.6659747474747475
        ],
        "sem": [
            0.004722222222222222,
            0.008472222222222221,
            0.005984848484848485,
            0.0076893939393939395,
            0.007499999999999999
        ],
        "vis": [
            0.6578863636363637,
            0.6761704545454547,
            0.6531502525252526,
            0.6779671717171718,
            0.660486111111111
        ],
        "vse": [
            0.1564520202020202,
            0.146114898989899,
            0.1325909090909091,
            0.13912373737373737,
            0.15682575757575756
        ]
    },
    "i_sun": {
        "sae": [
            0.0400976290097629,
            0.038354253835425386,
            0.030683403068340307,
            0.02789400278940028,
            0.03556485355648536
        ],
        "vis": [
            0.346931659693166,
            0.33751743375174337,
            0.3413528591352859,
            0.34344490934449096,
            0.3514644351464435
        ]
    },
    "r_apy": {
        "cat": [
            0.6323224282972728,
            0.6463224369002949,
            0.6290276566792343,
            0.6371682137217601,
            0.6358705998466223
        ],
        "iso": [
            0.4237902314912263,
            0.4460777488818859,
            0.46282726599610396,
            0.4339074467634404,
            0.4742373440282431
        ],
        "lle": [
            0.4562500325546774,
            0.4292151978583773,
            0.49307968770483257,
            0.4517674256309488,
            0.45894194523861354
        ],
        "pca": [
            0.3350899991036972,
            0.36707536838064914,
            0.3460643497015149,
            0.34918137155943085,
            0.3601550988368831
        ],
        "s2s": [
            0.4220414687754984,
            0.33380472359381785,
            0.37698914190194943,
            0.3532719219797522,
            0.3009536042388557
        ],
        "sae": [
            0.5212443029988487,
            0.5048222745262032,
            0.5174547367649125,
            0.47931544165066614,
            0.4775913006751579
        ],
        "sem": [
            0.06051083109781527,
            0.050925307870477075,
            0.055426397547162276,
            0.05444150976357493,
            0.048338418424701386
        ],
        "vis": [
            0.6407418803935578,
            0.6623526893938042,
            0.6634359739245799,
            0.6566866787736855,
            0.6655973455956067
        ],
        "vse": [
            0.4069250635733652,
            0.37103470360820123,
            0.37242415636274867,
            0.37687636446543193,
            0.3035580176350005
        ]
    },
    "r_awa": {
        "cat": [
            0.7747483545037377,
            0.7691013176292006,
            0.7885022366224576,
            0.7757253336373257,
            0.779969494592009
        ],
        "s2s": [
            0.6563327012035224,
            0.654892028755875,
            0.6578697897090329,
            0.6590798157826174,
            0.6680685566027802
        ],
        "sae": [
            0.7496565529863857,
            0.763340342788924,
            0.752287561515354,
            0.7563670361723243,
            0.7375368012816785
        ],
        "sem": [
            0.0956066778404643,
            0.09912911682201388,
            0.09559968282981218,
            0.09048124789867176,
            0.09420930446074552
        ],
        "vis": [
            0.8858305800586376,
            0.8764120409472338,
            0.8810823290884031,
            0.8726824722143575,
            0.8734028201458899
        ],
        "vse": [
            0.46773438458517175,
            0.4427487360068513,
            0.5178623123153406,
            0.49058934361896545,
            0.4367425927100729
        ]
    },
    "r_cub": {
        "cat": [
            0.01642676767676768,
            0.01925,
            0.013113636363636362,
            0.01916666666666667,
            0.020984848484848485
        ],
        "s2s": [
            0.1934621212121212,
            0.20161363636363638,
            0.1762348484848485,
            0.18963383838383838,
            0.18653787878787878
        ],
        "sae": [
            0.6251363636363636,
            0.639070707070707,
            0.6209280303030303,
            0.613300505050505,
            0.6220820707070707
        ],