{
    "i_apy": {
        "cat": [
            0.6261412283940664,
            0.5961462541514468,
            0.603544062270386,
            0.5844897832517543,
            0.6156153892903127
        ],
        "iso": [
            0.468825634658388,
            0.40827305582326834,
            0.4136530433942064,
            0.4685183434311343,
            0.3970008943040951
        ],
        "lle": [
            0.45595263453670043,
            0.43992530867576884,
            0.43239673059366124,
            0.4588010259493742,
            0.43753370580961276
        ],
        "pca": [
            0.2848500194920509,
            0.2911040347377115,
            0.28645282749799905,
            0.2831969339914663,
            0.2649285372412806
        ],
        "s2s": [
            0.37937171171808337,
            0.39449868461169413,
            0.40829598623580854,
            0.3992644863364083,
            0.3454703143341289
        ],
        "sae": [
            0.45768830546813044,
            0.5017744752283659,
            0.4512249425694489,
            0.4012053231449235,
            0.42128174910126215
        ],
        "sem": [
            0.03471662438625673,
            0.034662316128050485,
            0.04386614997216287,
            0.03613597851349838,
            0.0348664344956983
        ],
        "vis": [
            0.6635070861592125,
            0.6537065755526599,
            0.6415194856676665,
            0.6501671296313329,
            0.6337003570801338
        ],
        "vse": [
            0.2591834217379622,
            0.30567801859437965,
            0.2492777263660958,
            0.29616631581186353,
            0.25575892246393883
        ]
    },
    "i_awa": {
        "cat": [
            0.5453893226680553,
            0.5315336451063397,
            0.5274086907556386,
            0.5310952733462565,
            0.5337060715782783
        ],
        "iso": [
            0.5741934730745285,
            0.5699323943518144,
            0.5539229043501482,
            0.581592567362049,
            0.5668113658744177
        ],
        "lle": [
            0.6862225375220408,
            0.6893027942908371,
            0.6829105215678876,
            0.6782082795385171,
            0.6648826764477814
        ],
        "pca": [
            0.2652246833761712,
            0.26579543735543615,
            0.2761777790333155,
            0.25778186256033625,
            0.2673250867955
        ],
        "s2s": [
            0.5714467433688051,
            0.5559739288202427,
            0.5751789961964626,
            0.5425764929967208,
            0.5683319515270435
        ],
        "sae": [
            0.7532999140478108,
            0.7486059841078629,
            0.7431063975385744,
            0.7644384755080926,
            0.744608165109554
        ],
        "sem": [
            0.033362160012187295,
            0.027657544951027537,
            0.03465003972070277,
            0.028794239740727798,
            0.02833414882990911
        ],
        "vis": [
            0.858583657433302,
            0.859664629349545,
            0.8659552284279767,
            0.8600642871976507,
            0.8513343422490842
        ],
        "vse": [
            0.3517912505060889,
            0.39501808347110057,
            0.42172340714870155,
            0.3283088725994283,
            0.381752228011383
        ]
    },
    "i_cub": {
        "cat": [
            0.009666666666666665,
            0.009666666666666665,
            0.010568181818181819,
            0.008598484848484848,
            0.009583333333333333
        ],
        "iso": [
            0.03411363636363637,
            0.02786363636363636,
            0.026676767676767677,
            0.02868939393939394,
            0.03220454545454545
        ],
        "lle": [
            0.1396540404040404,
            0.09082828282828283,
            0.1312058080808081,
            0.12918939393939394,
            0.13929040404040405
        ],
        "pca": [
            0.01961363636363636,
            0.017083333333333336,
            0.014502525252525253,
            0.018446969696969698,
            0.020454545454545454
        ],
        "s2s": [
            0.15012373737373738,
            0.1533421717171717,
            0.1459570707070707,
            0.15330176767676768,
            0.15836868686868688
        ],
        "sae": [
            0.6792424242424242,
            0.680675505050505,
            0.6752133838383838,
            0.6810328282828283,
            0.6659747474747475
        ],
        "sem": [
            0.004166666666666667,
            0.00375,
            0.005946969696969696,
            0.0046212121212121215,
            0.00375
        ],
        "vis": [
            0.6578863636363637,
            0.6761704545454547,
            0.6531502525252526,
            0.6779671717171718,
            0.660486111111111
        ],
        "vse": [
            0.08956818181818182,
            0.10251010101010101,
            0.08454040404040404,
            0.07815151515151514,
            0.07744949494949493
        ]
    },
    "i_sun": {
        "cat": [
            0.33437935843793587,
            0.3319386331938633,
            0.34762900976290095,
            0.33751743375174337,
            0.33577405857740583
        ],
        "iso": [
            0.08298465829846582,
            0.08333333333333333,
            0.07775453277545327,
            0.08193863319386332,
            0.0801952580195258
        ],
        "lle": [
            0.08263598326359832,
            0.08507670850767085,
            0.08786610878661087,
            0.0801952580195258,
            0.08612273361227336
        ],
        "pca": [
            0.0798465829846583,
            0.08333333333333333,
            0.08786610878661087,
            0.08333333333333333,
            0.07914923291492329
        ],
        "s2s": [
            0.019177126917712693,
            0.02092050209205021,
            0.01882845188284519,
            0.07845188284518828,
            0.01708507670850767
        ],
        "sae": [
            0.0400976290097629,
            0.038354253835425386,
            0.030683403068340307,
            0.02789400278940028,
            0.03556485355648536
        ],
        "sem": [
            0.0020920502092050207,
            0.001394700139470014,
            0.001394700139470014,
            0.0010460251046025104,
            0.0010460251046025104
        ],
        "vis": [
            0.346931659693166,
            0.33751743375174337,
            0.3413528591352859,
            0.34344490934449096,
            0.3514644351464435
        ],
        "vse": [
            0.03417015341701534,
            0.02092050209205021,
            0.04428172942817294,
            0.04218967921896792,
            0.038702928870292884
        ]
    },
    "r_apy": {
        "cat": [
            0.5991828228302836,
            0.6157133805678816,
            0.6327568744773764,
            0.6096651741334671,
            0.619972206211373
        ],
        "iso": [
            0.4387132292554886,
            0.4375470604671849,
            0.44488106532727406,
            0.4534938245550002,
            0.4279390234933104
        ],
        "lle": [
            0.46329799040504016,
            0.45505321579837965,
            0.42468511497069106,
            0.44970225774660644,
            0.4240236973016817
        ],
        "pca": [
            0.31398324454124227,
            0.3068400584339883,
            0.29748130772322223,
            0.3249047599902161,
            0.3244874362673305
        ],
        "s2s": [
            0.2999645290383896,
            0.2773496193699433,
            0.3177356798636606,
            0.3776210557264136,
            0.3010566085384121
        ],