{
    "i_apy": {
        "cat": [
            0.7640321563202824,
            0.752466220545166,
            0.7759461449091446,
            0.7729371791983976,
            0.7638066207888345
        ],
        "iso": [
            0.5740836243703182,
            0.5686246578312457,
            0.5851645607558115,
            0.5593402269816696,
            0.5745841261691349
        ],
        "lle": [
            0.6301559167359152,
            0.6213876830141569,
            0.5991080522048164,
            0.6071894113475294,
            0.5909173068089657
        ],
        "pca": [
            0.5568795345117348,
            0.5238204773277515,
            0.5340890851737192,
            0.5332566222000417,
            0.5501676010383357
        ],
        "s2s": [
            0.5634238263577885,
            0.5234199511087958,
            0.5742878743780578,
            0.5492613763767453,
            0.5791873940559817
        ],
        "sae": [
            0.45768830546813044,
            0.5017744752283659,
            0.4512249425694489,
            0.4012053231449235,
            0.42128174910126215
        ],
        "sem": [
            0.23441601008261642,
            0.218373702320386,
            0.20397522626574904,
            0.21069253702315205,
            0.22542972120354082
        ],
        "vis": [
            0.6635070861592125,
            0.6537065755526599,
            0.6415194856676665,
            0.6501671296313329,
            0.6337003570801338
        ],
        "vse": [
            0.5118915705386999,
            0.5215997387961306,
            0.5160186773882998,
            0.5211587664033112,
            0.5172309503340815
        ]
    },
    "i_awa": {
        "cat": [
            0.9509493322335978,
            0.9480960950453727,
            0.9534253719321917,
            0.9489894506254778,
            0.9560978662766767
        ],
        "s2s": [
            0.7551159908531525,
            0.7576247690722028,
            0.7459573630558876,
            0.7496171419957147,
            0.745459227240428
        ],
        "sae": [
            0.7532999140478108,
            0.7486059841078629,
            0.7431063975385744,
            0.7644384755080926,
            0.744608165109554
        ],
        "sem": [
            0.8015292754031081,
            0.8161158487164069,
            0.8091161577909269,
            0.808331739335459,
            0.8174407268967022
        ],
        "vis": [
            0.858583657433302,
            0.859664629349545,
            0.8659552284279767,
            0.8600642871976507,
            0.8513343422490842
        ],
        "vse": [
            0.952900346991,
            0.946183088051,
            0.954146630634,
            0.94354541393,
            0.949144511836
        ]
    },
    "i_cub": {
        "cat": [
            0.10544949494949496,
            0.10740530303030303,
            0.11559848484848485,
            0.11089141414141417,
            0.10772474747474747
        ],
        "s2s": [
            0.4057247474747475,
            0.4053636363636363,
            0.4108964646464646,
            0.4008270202020202,
            0.40770959595959594
        ],
        "sae": [
            0.6792424242424242,
            0.680675505050505,
            0.6752133838383838,
            0.6810328282828283,
            0.6659747474747475
        ],
        "sem": [
            0.03828030303030303,
            0.03808964646464646,
            0.03962626262626263,
            0.03375,
            0.029068181818181823
        ],
        "vis": [
            0.6578863636363637,
            0.6761704545454547,
            0.6531502525252526,
            0.6779671717171718,
            0.660486111111111
        ],
        "vse": [
            0.7807373737373737,
            0.7642853535353535,
            0.8086249999999999,
            0.7849141414141414,
            0.7999242424242425
        ]
    },
    "i_sun": {
        "sae": [
            0.0400976290097629,
            0.038354253835425386,
            0.030683403068340307,
            0.02789400278940028,
            0.03556485355648536
        ],
        "vis": [
            0.346931659693166,
            0.33751743375174337,
            0.3413528591352859,
            0.34344490934449096,
            0.3514644351464435
        ]
    },
    "r_apy": {
        "cat": [
            0.774640551342102,
            0.7891837307287481,
            0.756537079621455,
            0.7740180285103209,
            0.7644565940127029
        ],
        "iso": [
            0.6112342601429132,
            0.5793555503991893,
            0.5945342696719961,
            0.5941941659596814,
            0.5868583648483173
        ],
        "lle": [
            0.5905062303391178,
            0.6016279009606701,
            0.5899373394923397,
            0.5658123628623926,
            0.6179516854343432
        ],
        "pca": [
            0.5611384877264495,
            0.5807212925379752,
            0.632750491287326,
            0.5977830381860831,
            0.6118709684980477
        ],
        "s2s": [
            0.49587069703136377,
            0.5404387552617798,
            0.5253535772483773,
            0.5176427593354503,
            0.509916535253366
        ],
        "sae": [
            0.5212443029988487,
            0.5048222745262032,
            0.5174547367649125,
            0.47931544165066614,
            0.4775913006751579
        ],
        "sem": [
            0.235241350341799,
            0.22408058101965372,
            0.24249836365946026,
            0.222852098292102,
            0.23725630726938213
        ],
        "vis": [
            0.6407418803935578,
            0.6623526893938042,
            0.6634359739245799,
            0.6566866787736855,
            0.6655973455956067
        ],
        "vse": [
            0.5603343387568226,
            0.5923814845999018,
            0.5380373642676859,
            0.5842554665772967,
            0.5633976876846873
        ]
    },
    "r_awa": {
        "cat": [
            0.9653717794549306,
            0.9607727227738514,
            0.9612017236510185,
            0.9675583857705246,
            0.9670753906335099
        ],
        "s2s": [
            0.7790449589360157,
            0.772693908529045,
            0.7777700072817028,
            0.7835660909074865,
            0.7874188430977871
        ],
        "sae": [
            0.7496565529863857,
            0.763340342788924,
            0.752287561515354,
            0.7563670361723243,
            0.7375368012816785
        ],
        "sem": [
            0.82327486673878,
            0.8298792928120189,
            0.8232074384377508,
            0.819937271066915,
            0.8268044321115957
        ],
        "vis": [
            0.8858305800586376,
            0.8764120409472338,
            0.8810823290884031,
            0.8726824722143575,
            0.8734028201458899
        ],
        "vse": [
            0.9247903686419296,
            0.939887677720981,
            0.9275382707487563,
            0.9288647381084627,
            0.9311985111580483
        ]
    },
    "r_cub": {
        "cat": [
            0.13662373737373737,
            0.14058333333333334,
            0.13992424242424242,
            0.13575631313131314,
            0.13676388888888888
        ],
        "s2s": [
            0.4037777777777778,
            0.4101477272727273,
            0.3750277777777778,
            0.40632449494949496,
            0.3909141414141413
        ],
        "sae": [
            0.6251363636363636,
            0.639070707070707,
            0.6209280303030303,
            0.613300505050505,
            0.6220820707070707
        ],
        "sem": [
            0.037717171717171726,
            0.03767676767676767,
            0.034934343434343436,
            0.0365530303030303,
            0.03662373737373737
        ],