{
    "i_awa": {
        "cat": [
            0.9509493322335978,
            0.9480960950453727,
            0.9534253719321917,
            0.9489894506254778,
            0.9560978662766767
        ],
        "pca": [
            0.468729293132117,
            0.3534199890201548,
            0.43289444982674985,
            0.4295591822058903,
            0.4748166725423332
        ],
        "s2s_v1": [
            0.7551159908531525,
            0.7576247690722028,
            0.7459573630558876,
            0.7496171419957147,
            0.745459227240428
        ],
        "s2s_v2": [
            0.7655506939119856,
            0.7586768165114931,
            0.743801211879484,
            0.7502656537745714,
            0.7496117883520741
        ],
        "sae": [
            0.744788314543673,
            0.73218072623263,
            0.7438019061197199,
            0.7672008521809096,
            0.7499102838850839
        ],
        "sec_v1": [
            0.8823875502221854,
            0.8929184775618504,
            0.8986291989447622,
            0.8756120743657624,
            0.8747762622777583
        ],
        "sec_v2": [
            0.7102613676120787,
            0.7899257717463286,
            0.8023284941164555,
            0.6965046011075222,
            0.8083213359471625
        ],
        "sem": [
            0.8015292754031081,
            0.8161158487164069,
            0.8091161577909269,
            0.808331739335459,
            0.8174407268967022
        ],
        "vis": [
            0.8607283998679998,
            0.8564446288315801,
            0.8552788653550957,
            0.8526368776145162,
            0.856442085851367
        ]
    },
    "i_cub": {
        "cat": [
            0.10544949494949496,
            0.10740530303030303,
            0.11559848484848485,
            0.11089141414141417,
            0.10772474747474747
        ],
        "pca": [
            0.022787878787878784,
            0.019659090909090907,
            0.03220454545454546,
            0.010416666666666664,
            0.014356060606060605
        ],
        "s2s_v1": [
            0.4609696969696969,
            0.4457398989898989,
            0.44098863636363633,
            0.4366388888888889,
            0.43547095959595966
        ],
        "s2s_v2": [
            0.3093813131313131,
            0.26441540404040403,
            0.2821212121212121,
            0.28451893939393935,
            0.3051666666666667
        ],
        "sae": [
            0.6656540404040405,
            0.6682361111111113,
            0.6663699494949494,
            0.6728661616161616,
            0.6720202020202021
        ],
        "sec_v1": [
            0.7397525252525253,
            0.729016414141414,
            0.7343838383838385,
            0.7543535353535353,
            0.719989898989899
        ],
        "sec_v2": [
            0.30423232323232324,
            0.30468813131313127,
            0.3606098484848485,
            0.3079090909090909,
            0.3402020202020202
        ],
        "sem": [
            0.03828030303030303,
            0.03808964646464646,
            0.03962626262626263,
            0.03375,
            0.029068181818181823
        ],
        "vis": [
            0.6708080808080809,
            0.6577967171717171,
            0.6725669191919192,
            0.6786578282828283,
            0.6667638888888888
        ]
    },
    "r_awa": {
        "cat": [
            0.9653717794549306,
            0.9607727227738514,
            0.9612017236510185,
            0.9675583857705246,
            0.9670753906335099
        ],
        "pca": [
            0.408602213528104,
            0.34381835322498316,
            0.11389394278962878,
            0.21211353247644762,
            0.14675599330347938
        ],
        "s2s_v1": [
            0.7744284620828381,
            0.7737224073433977,
            0.7812014526981618,
            0.7562464480030491,
            0.7739467304995068
        ],
        "s2s_v2": [
            0.7745444613985092,
            0.7886473770160621,
            0.7829156952096384,
            0.7819486188983249,
            0.7655592862160502
        ],
        "sae": [
            0.7530589106811556,
            0.7230737062889729,
            0.7457278549226384,
            0.7610085204921907,
            0.7578834674797106
        ],
        "sec_v1": [
            0.8991213867427426,
            0.8940747165267925,
            0.9040714249443041,
            0.899519822232546,
            0.9006311283492474
        ],
        "sec_v2": [
            0.7032088274000361,
            0.7161946789201914,
            0.7164130596326693,
            0.4954358125362826,
            0.6684789793862319
        ],
        "sem": [
            0.82327486673878,
            0.8298792928120189,
            0.8232074384377508,
            0.819937271066915,
            0.8268044321115957
        ],
        "vis": [
            0.8746035148478079,
            0.8897206566961314,
            0.8720890522625937,
            0.8798816272060198,
            0.8689874611128399
        ]
    },
    "r_cub": {
        "cat": [
            0.13662373737373737,
            0.14058333333333334,
            0.13992424242424242,
            0.13575631313131314,
            0.13676388888888888
        ],
        "pca": [
            0.008825757575757575,
            0.01087121212121212,
            0.012613636363636362,
            0.01765151515151515,
            0.013863636363636363
        ],
        "s2s_v1": [
            0.39232070707070704,
            0.3781590909090909,
            0.37586489898989894,
            0.4095467171717172,
            0.3992260101010101
        ],
        "s2s_v2": [
            0.18459848484848482,
            0.1831780303030303,
            0.20506313131313136,
            0.20426262626262626,
            0.20211994949494946
        ],
        "sae": [
            0.6126590909090909,
            0.6319772727272727,
            0.6297714646464647,
            0.6202954545454545,
            0.631806818181818
        ],
        "sec_v1": [
            0.7642929292929292,
            0.7795909090909092,
            0.7749431818181819,
            0.7789444444444444,
            0.7711376262626263
        ],
        "sec_v2": [
            0.10674494949494949,
            0.06934848484848485,
            0.12932575757575757,
            0.10673737373737373,
            0.09858333333333334
        ],
        "sem": [
            0.037717171717171726,
            0.03767676767676767,
            0.034934343434343436,
            0.0365530303030303,
            0.03662373737373737
        ],
        "vis": [
            0.6391843434343434,
            0.6453270202020203,
            0.6499646464646466,
            0.644489898989899,
            0.6565189393939395
        ]
    }
}