{
    "i_apy": {
        "cat": [
            0.7259915216526254,
            0.7220294750395382,
            0.7465317411413548,
            0.721025153518456,
            0.7123294757893679
        ],
        "iso": [
            0.5349645600436274,
            0.5330853266509982,
            0.5127177917011305,
            0.5265789739429043,
            0.5219139613123491
        ],
        "lle": [
            0.5623765420698779,
            0.5779192176577894,
            0.5868129436764612,
            0.5407746666068449,
            0.5831062277746139
        ],
        "pca": [
            0.5077702303579879,
            0.4649590059393888,
            0.4660258011182531,
            0.47947730354911144,
            0.48102343263080727
        ],
        "s2s": [
            0.5385183224786432,
            0.5251624528196147,
            0.5001325010796331,
            0.5595805308825323,
            0.5352215160562729
        ],
        "sae": [
            0.45768830546813044,
            0.5017744752283659,
            0.4512249425694489,
            0.4012053231449235,
            0.42128174910126215
        ],
        "sem": [
            0.16895814316002222,
            0.13718158197519792,
            0.1395730295029076,
            0.14894709871224193,
            0.14811082087350186
        ],
        "vis": [
            0.6635070861592125,
            0.6537065755526599,
            0.6415194856676665,
            0.6501671296313329,
            0.6337003570801338
        ],
        "vse": [
            0.45941091070517037,
            0.44462045469277217,
            0.454926041903159,
            0.4330162562942179,
            0.4270528366100871
        ]
    },
    "i_awa": {
        "cat": [
            0.8990971560840181,
            0.9059320793947627,
            0.913236496301835,
            0.9064338917037698,
            0.9036622614189938
        ],
        "s2s": [
            0.7279375784953305,
            0.7200668011988411,
            0.7299844832335318,
            0.7165234249961345,
            0.7152486516509354
        ],
        "sae": [
            0.7532999140478108,
            0.7486059841078629,
            0.7431063975385744,
            0.7644384755080926,
            0.744608165109554
        ],
        "sem": [
            0.6259489287937153,
            0.6190910962492707,
            0.6215169351253719,
            0.6270602152748803,
            0.6211317843125055
        ],
        "vis": [
            0.858583657433302,
            0.859664629349545,
            0.8659552284279767,
            0.8600642871976507,
            0.8513343422490842
        ],
        "vse": [
            0.8179383695509049,
            0.7927841402745188,
            0.7852088783422049,
            0.7838054727771884,
            0.7937196551021397
        ]
    },
    "i_cub": {
        "cat": [
            0.05272727272727273,
            0.05388131313131313,
            0.06145202020202021,
            0.05210732323232323,
            0.0531540404040404
        ],
        "s2s": [
            0.3702727272727273,
            0.35826515151515154,
            0.3419065656565657,
            0.3364065656565657,
            0.35591035353535355
        ],
        "sae": [
            0.6792424242424242,
            0.680675505050505,
            0.6752133838383838,
            0.6810328282828283,
            0.6659747474747475
        ],
        "sem": [
            0.02211111111111111,
            0.01778787878787879,
            0.01916161616161616,
            0.02061868686868687,
            0.01851010101010101
        ],
        "vis": [
            0.6578863636363637,
            0.6761704545454547,
            0.6531502525252526,
            0.6779671717171718,
            0.660486111111111
        ],
        "vse": [
            0.5187979797979798,
            0.5511363636363636,
            0.5383800505050504,
            0.5448775252525252,
            0.500969696969697
        ]
    },
    "i_sun": {
        "sae": [
            0.0400976290097629,
            0.038354253835425386,
            0.030683403068340307,
            0.02789400278940028,
            0.03556485355648536
        ],
        "vis": [
            0.346931659693166,
            0.33751743375174337,
            0.3413528591352859,
            0.34344490934449096,
            0.3514644351464435
        ]
    },
    "r_apy": {
        "cat": [
            0.724409847619299,
            0.7268685655894552,
            0.7375661322264064,
            0.7474596114719658,
            0.7201135320222753
        ],
        "iso": [
            0.5494270513164241,
            0.5440522901538525,
            0.5268565858117747,
            0.5311963624442722,
            0.5342584874734033
        ],
        "lle": [
            0.5238900849267816,
            0.5705770307829126,
            0.5659875255748806,
            0.5693358659364594,
            0.5623016144029394
        ],
        "pca": [
            0.5125604233493251,
            0.4886746705649765,
            0.5290089714252157,
            0.4880264198864297,
            0.5141092726908968
        ],
        "s2s": [
            0.496163927667971,
            0.4932638023910368,
            0.44606966696608596,
            0.5021019649261309,
            0.4512472118001535
        ],
        "sae": [
            0.5212443029988487,
            0.5048222745262032,
            0.5174547367649125,
            0.47931544165066614,
            0.4775913006751579
        ],
        "sem": [
            0.14797602693091416,
            0.13979462421742567,
            0.1712941228403479,
            0.15836991836077585,
            0.15511153533759364
        ],
        "vis": [
            0.6407418803935578,
            0.6623526893938042,
            0.6634359739245799,
            0.6566866787736855,
            0.6655973455956067
        ],
        "vse": [
            0.5071011923775329,
            0.5283914522413415,
            0.5103486352823595,
            0.5231415629460116,
            0.5163666022347091
        ]
    },
    "r_awa": {
        "cat": [
            0.9258178944543761,
            0.9305712216820291,
            0.9301412625246068,
            0.9298204234205509,
            0.9273951407274137
        ],
        "s2s": [
            0.738237454240158,
            0.7428508827172066,
            0.7451409817870798,
            0.7488776651536216,
            0.738670096232942
        ],
        "sae": [
            0.7496565529863857,
            0.763340342788924,
            0.752287561515354,
            0.7563670361723243,
            0.7375368012816785
        ],
        "sem": [
            0.6239287545145351,
            0.6242661497529595,
            0.6201011451730603,
            0.6387860753458728,
            0.6407395672721862
        ],
        "vis": [
            0.8858305800586376,
            0.8764120409472338,
            0.8810823290884031,
            0.8726824722143575,
            0.8734028201458899
        ],
        "vse": [
            0.8283061382648245,
            0.816545615090002,
            0.7987674374868726,
            0.8105098683757335,
            0.8005181301726649
        ]
    },
    "r_cub": {
        "cat": [
            0.0691439393939394,
            0.06543560606060606,
            0.07392045454545454,
            0.06377146464646465,
            0.06465151515151515
        ],
        "s2s": [
            0.3296489898989899,
            0.31103156565656565,
            0.30780429292929296,
            0.31289141414141414,
            0.32474242424242417
        ],
        "sae": [
            0.6251363636363636,
            0.639070707070707,
            0.6209280303030303,
            0.613300505050505,
            0.6220820707070707
        ],