{
    "i_apy": {
        "cat": [
            0.6448364235684843,
            0.6926473928667543,
            0.6803166039819215,
            0.6903714896725481,
            0.6881970570805124
        ],
        "iso": [
            0.4821242589136312,
            0.46973838173222887,
            0.5054913428306771,
            0.5177043148799321,
            0.47512275009334815
        ],
        "lle": [
            0.5411818916292364,
            0.524381782151917,
            0.5132241312774097,
            0.5106489136300523,
            0.5507366305650031
        ],
        "pca": [
            0.4119316558593257,
            0.4183223958579959,
            0.45632806497787565,
            0.4355724472058137,
            0.4251701037126012
        ],
        "s2s": [
            0.5229986190816114,
            0.4537764841739231,
            0.5076255621571792,
            0.49893971491218275,
            0.4986805231218683
        ],
        "sae": [
            0.45768830546813044,
            0.5017744752283659,
            0.4512249425694489,
            0.4012053231449235,
            0.42128174910126215
        ],
        "sem": [
            0.09649408959164701,
            0.09105105693004507,
            0.09341190248544422,
            0.09833591665089313,
            0.09803047083836092
        ],
        "vis": [
            0.6635070861592125,
            0.6537065755526599,
            0.6415194856676665,
            0.6501671296313329,
            0.6337003570801338
        ],
        "vse": [
            0.4045637202304362,
            0.39031037258199525,
            0.3636916679337472,
            0.39997619337681045,
            0.39266210716903716
        ]
    },
    "i_awa": {
        "cat": [
            0.8504743670671375,
            0.8354909238555851,
            0.851940713919641,
            0.843364424976019,
            0.8457204585781751
        ],
        "s2s": [
            0.6778117837948291,
            0.6746948858532865,
            0.6826990284249976,
            0.6813730251468592,
            0.6862133681818776
        ],
        "sae": [
            0.7532999140478108,
            0.7486059841078629,
            0.7431063975385744,
            0.7644384755080926,
            0.744608165109554
        ],
        "sem": [
            0.4407868629837264,
            0.4293771997099079,
            0.4428143398965601,
            0.43535406426377304,
            0.4378815421617304
        ],
        "vis": [
            0.858583657433302,
            0.859664629349545,
            0.8659552284279767,
            0.8600642871976507,
            0.8513343422490842
        ],
        "vse": [
            0.6646207290064855,
            0.698645077292049,
            0.6940777387020112,
            0.7038993153987576,
            0.6832484101693416
        ]
    },
    "i_cub": {
        "cat": [
            0.039290404040404035,
            0.0419090909090909,
            0.033007575757575756,
            0.03764141414141415,
            0.03369949494949495
        ],
        "s2s": [
            0.27803282828282827,
            0.27227904040404044,
            0.28079166666666666,
            0.2805921717171717,
            0.2762626262626262
        ],
        "sae": [
            0.6663181818181818,
            0.6714255050505051,
            0.6668535353535353,
            0.680094696969697,
            0.6835214646464647
        ],
        "sem": [
            0.0105,
            0.01725,
            0.01518939393939394,
            0.014090909090909091,
            0.014204545454545454
        ],
        "vis": [
            0.6622373737373738,
            0.6566780303030302,
            0.6648623737373737,
            0.6756414141414142,
            0.6733573232323232
        ],
        "vse": [
            0.39431565656565654,
            0.394405303030303,
            0.42370075757575754,
            0.36231565656565656,
            0.38473232323232326
        ]
    },
    "i_sun": {
        "sae": [
            0.0400976290097629,
            0.038354253835425386,
            0.030683403068340307,
            0.02789400278940028,
            0.03556485355648536
        ],
        "vis": [
            0.346931659693166,
            0.33751743375174337,
            0.3413528591352859,
            0.34344490934449096,
            0.3514644351464435
        ]
    },
    "r_apy": {
        "s2s": [
            0.4406698520667494,
            0.4245620443787569,
            0.47643789319232804,
            0.4129914116060197,
            0.3961680357954206
        ],
        "sae": [
            0.5212443029988487,
            0.5048222745262032,
            0.5174547367649125,
            0.47931544165066614,
            0.4775913006751579
        ],
        "vis": [
            0.6407418803935578,
            0.6623526893938042,
            0.6634359739245799,
            0.6566866787736855,
            0.6655973455956067
        ],
        "vse": [
            0.40504476972767683,
            0.43363733325514925,
            0.48033213463377755,
            0.4267338101809115,
            0.48397699513104087
        ]
    },
    "r_awa": {
        "cat": [
            0.8937522206169625,
            0.8960737607661057,
            0.8956698026190392,
            0.9001639821573895,
            0.899651860335444
        ],
        "s2s": [
            0.7320796850510655,
            0.7225179807528609,
            0.7227369142898202,
            0.7402703937514858,
            0.7199787512597807
        ],
        "sae": [
            0.7496565529863857,
            0.763340342788924,
            0.752287561515354,
            0.7563670361723243,
            0.7375368012816785
        ],
        "sem": [
            0.4450887186196875,
            0.44940823801478685,
            0.44793383118470975,
            0.4384398575802734,
            0.45747466029354333
        ],
        "vis": [
            0.8858305800586376,
            0.8764120409472338,
            0.8810823290884031,
            0.8726824722143575,
            0.8734028201458899
        ],
        "vse": [
            0.7558546484701353,
            0.7379855979943433,
            0.7527333230032407,
            0.7092321639453399,
            0.7042855112058969
        ]
    },
    "r_cub": {
        "cat": [
            0.04536616161616162,
            0.036954545454545455,
            0.046757575757575755,
            0.04001515151515151,
            0.041002525252525256
        ],
        "s2s": [
            0.2395050505050505,
            0.255635101010101,
            0.26996085858585855,
            0.26408207070707074,
            0.2591073232323232
        ],
        "sae": [
            0.6251363636363636,
            0.639070707070707,
            0.6209280303030303,
            0.613300505050505,
            0.6220820707070707
        ],
        "sem": [
            0.012936868686868686,
            0.018621212121212122,
            0.014924242424242425,
            0.01281060606060606,
            0.015315656565656564
        ],
        "vis": [
            0.6451414141414142,
            0.65114898989899,
            0.6401931818181817,
            0.6470416666666666,
            0.6497853535353536
        ],
        "vse": [
            0.518989898989899,
            0.4574570707070707,
            0.4545505050505051,
            0.47351515151515144,
            0.4570479797979798
        ]
    },
    "r_sun": {
        "sae": [
            0.10495118549511855,
            0.07357043235704323,
            0.09379358437935843,
            0.08542538354253836,
            0.08647140864714087
        ],
        "vis": [
            0.43479776847977686,
            0.4316596931659693,
            0.4271269177126918,
            0.4389818688981869,
            0.4351464435146444
        ]
    }
}
