{
    "i_apy": {
        "cat": [
            0.6065977334967836,
            0.6342673431239749,
            0.6453356849636485,
            0.5988793796036029,
            0.6102747166340783
        ],
        "iso": [
            0.44711650492930843,
            0.46241545080068136,
            0.47155411999039315,
            0.44595649431037,
            0.47307480399043833
        ],
        "lle": [
            0.4927592417750747,
            0.47778717980301594,
            0.44859964532359253,
            0.46142739198016536,
            0.47011636379382504
        ],
        "pca": [
            0.2969486619649747,
            0.30087130203426676,
            0.29786358524036527,
            0.34069032581408265,
            0.31193407261198114
        ],
        "s2s": [
            0.38218794671206757,
            0.4117042036560215,
            0.42112277609379156,
            0.41700921740083985,
            0.4047762660075841
        ],
        "sae": [
            0.45768830546813044,
            0.5017744752283659,
            0.4512249425694489,
            0.4012053231449235,
            0.42128174910126215
        ],
        "sem": [
            0.0456957778203782,
            0.045606394845999126,
            0.03177711527821013,
            0.036338183902974,
            0.039853004634708936
        ],
        "vis": [
            0.6635070861592125,
            0.6537065755526599,
            0.6415194856676665,
            0.6501671296313329,
            0.6337003570801338
        ],
        "vse": [
            0.29543756783104896,
            0.3199231534388254,
            0.29332647095018616,
            0.31427151425400135,
            0.2733754523498836
        ]
    },
    "i_awa": {
        "cat": [
            0.58511195483202,
            0.5858461814575131,
            0.5828474552518474,
            0.5944893110698171,
            0.5883166006489844
        ],
        "s2s": [
            0.5863701625755383,
            0.5813610061665917,
            0.5827393120748472,
            0.5939397879703159,
            0.5892532274476586
        ],
        "sae": [
            0.7532999140478108,
            0.7486059841078629,
            0.7431063975385744,
            0.7644384755080926,
            0.744608165109554
        ],
        "sem": [
            0.04878984601609366,
            0.05370042304265939,
            0.04621889106161924,
            0.04872871287750227,
            0.05896102541784746
        ],
        "vis": [
            0.858583657433302,
            0.859664629349545,
            0.8659552284279767,
            0.8600642871976507,
            0.8513343422490842
        ],
        "vse": [
            0.419292284124104,
            0.4307026995100632,
            0.44841946314173775,
            0.39669473695073854,
            0.4018988999003616
        ]
    },
    "i_cub": {
        "cat": [
            0.0125,
            0.011749999999999998,
            0.01321969696969697,
            0.011515151515151513,
            0.012613636363636365
        ],
        "s2s": [
            0.1928207070707071,
            0.2042651515151515,
            0.1771060606060606,
            0.19983207070707074,
            0.18998232323232322
        ],
        "sae": [
            0.6792424242424242,
            0.680675505050505,
            0.6752133838383838,
            0.6810328282828283,
            0.6659747474747475
        ],
        "sem": [
            0.00625,
            0.00625,
            0.0076893939393939395,
            0.005151515151515152,
            0.005833333333333333
        ],
        "vis": [
            0.6578863636363637,
            0.6761704545454547,
            0.6531502525252526,
            0.6779671717171718,
            0.660486111111111
        ],
        "vse": [
            0.12284848484848485,
            0.1459090909090909,
            0.11002777777777778,
            0.12738636363636363,
            0.10702525252525254
        ]
    },
    "i_sun": {
        "sae": [
            0.0400976290097629,
            0.038354253835425386,
            0.030683403068340307,
            0.02789400278940028,
            0.03556485355648536
        ],
        "vis": [
            0.346931659693166,
            0.33751743375174337,
            0.3413528591352859,
            0.34344490934449096,
            0.3514644351464435
        ]
    },
    "r_apy": {
        "cat": [
            0.6355441302377516,
            0.6455133643433946,
            0.645130658262046,
            0.6205604611496713,
            0.5965291509712446
        ],
        "iso": [
            0.45929172807133256,
            0.4540209137142729,
            0.4710186509596201,
            0.43088855713815216,
            0.45596735359630697
        ],
        "lle": [
            0.42306094380277365,
            0.4718487774197538,
            0.4573156833069635,
            0.4555302281778949,
            0.45223967356335204
        ],
        "pca": [
            0.3683052312426698,
            0.327055950243904,
            0.3151857951021523,
            0.32617725784041607,
            0.31571255861245884
        ],
        "s2s": [
            0.3116823927081037,
            0.344836329887404,
            0.3573312173775022,
            0.41853760792563466,
            0.275579909928774
        ],
        "sae": [
            0.5212443029988487,
            0.5048222745262032,
            0.5174547367649125,
            0.47931544165066614,
            0.4775913006751579
        ],
        "sem": [
            0.047560852386941126,
            0.04381419547014723,
            0.04200928066229044,
            0.0461295451197806,
            0.04221523891641158
        ],
        "vis": [
            0.6407418803935578,
            0.6623526893938042,
            0.6634359739245799,
            0.6566866787736855,
            0.6655973455956067
        ],
        "vse": [
            0.3417789924096757,
            0.37910515966693453,
            0.41028474595408015,
            0.3718468438731476,
            0.3763858169753665
        ]
    },
    "r_awa": {
        "cat": [
            0.7379701231410136,
            0.7501155136600297,
            0.745861617986793,
            0.7336885781815319,
            0.7272251013951483
        ],
        "s2s": [
            0.6417892796873446,
            0.6492745914822744,
            0.6299098570737318,
            0.6289095976981145,
            0.6036359667197294
        ],
        "sae": [
            0.7496565529863857,
            0.763340342788924,
            0.752287561515354,
            0.7563670361723243,
            0.7375368012816785
        ],
        "sem": [
            0.05209692418739207,
            0.051050370192160015,
            0.051802182576198674,
            0.05128797322983579,
            0.05517485127163417
        ],
        "vis": [
            0.8858305800586376,
            0.8764120409472338,
            0.8810823290884031,
            0.8726824722143575,
            0.8734028201458899
        ],
        "vse": [
            0.4218117458206339,
            0.39377449071585974,
            0.42169438539436854,
            0.39308973097476246,
            0.4194512793847062
        ]
    },
    "r_cub": {
        "cat": [
            0.01690909090909091,
            0.013833333333333335,
            0.015265151515151516,
            0.015340909090909093,
            0.012121212121212121
        ],
        "s2s": [
            0.14427272727272727,
            0.16516792929292934,
            0.15493939393939393,
            0.1779141414141414,
            0.14872474747474748
        ],
        "sae": [
            0.6251363636363636,
            0.639070707070707,
            0.6209280303030303,
            0.613300505050505,
            0.6220820707070707
        ],