{
    "best_loss": [
        0.00016964411357466678,
        48
    ],
    "loss": [
        0.0007506603737279843,
        0.0006247205362003764,
        0.0005457193256613918,
        0.0004915156437389337,
        0.00044739861991352356,
        0.00041549223809504054,
        0.00038253509143598556,
        0.0003580824777073992,
        0.0003388383445271918,
        0.0003215891707045403,
        0.0003083201409208717,
        0.0002936482277976605,
        0.00028877403533592006,
        0.0002780527889949586,
        0.0002659219723976382,
        0.00025756615759523946,
        0.00025558819817051315,
        0.00024926394399923555,
        0.0002420832693054531,
        0.00023772607993595738,
        0.00023371009642467406,
        0.00023087534822572052,
        0.00022735303655175028,
        0.00022209745643398185,
        0.00022360652361703133,
        0.00021516222094222447,
        0.0002124072625545363,
        0.00021107102959426135,
        0.00020719330038795788,
        0.00020486151636759536,
        0.00020487332610113096,
        0.000199286698698132,
        0.00019839269826349345,
        0.00019690218846499973,
        0.0001954089333995157,
        0.0001925705556678583,
        0.0001884720559140204,
        0.00018881578884147362,
        0.000186906097301722,
        0.0001833934411433726,
        0.00018130713318664795,
        0.00018062288444681,
        0.0001794600634697413,
        0.00017796540198634903,
        0.00017708924172200473,
        0.00017277244345658668,
        0.00017146036120141458,
        0.00017398661750276263,
        0.00016964411357466678,
        0.00017404030021445896
    ],
    "svm_test": [
        0.7084195572119563,
        0.7621649002159769,
        0.8039745148714444,
        0.8359645704226935,
        0.8556057323491666,
        0.8654416524461821,
        0.8672594021154942,
        0.878561121167136,
        0.8785374582110592,
        0.8807444659520971,
        0.8800951342303456,
        0.887630255841009,
        0.8868478080339949,
        0.9000289076021943,
        0.8996132657982727,
        0.9050193019584444,
        0.9059540560039914,
        0.9107370383257982,
        0.9084242165583911,
        0.9078090371417251,
        0.9173040738177063,
        0.9202234071162263,
        0.9157855890409767,
        0.9107909120533647,
        0.9160673351383815,
        0.9103753722584952,
        0.9098728240473264,
        0.9139211179561524,
        0.9105790896981056,
        0.9098245346568252,
        0.906979407495724,
        0.9115862063684633,
        0.9079606657170392,
        0.9054379717739305,
        0.905599476128021,
        0.9067017954361494,
        0.9045941565472606,
        0.9014998800574248,
        0.9053052034638783,
        0.9070413803533848,
        0.9068581727277851,
        0.9049814559242592,
        0.9088568876765322,
        0.9095925242935634,
        0.9079269909902175,
        0.907171273943179,
        0.9080380763844894,
        0.9049057429366916,
        0.9098262084070972,
        0.9098028489230894
    ],
    "svm_train": [
        0.8763996002043373,
        0.8583872082864055,
        0.8927516713158019,
        0.919592333416819,
        0.932861513191769,
        0.9371056065477392,
        0.9468029651370482,
        0.9546057154681395,
        0.9556682851716666,
        0.9586064812487209,
        0.9598750293948102,
        0.9635177058003679,
        0.9643228175894893,
        0.965884051787574,
        0.9686204436932984,
        0.971473079695123,
        0.9722172255300847,
        0.9720458902379473,
        0.9727951784205445,
        0.9742403645976956,
        0.9776594968471541,
        0.9755296411943131,
        0.9788453972841222,
        0.9793548762423663,
        0.9777878956901055,
        0.9783623281477882,
        0.9791069032456283,
        0.9796858398815173,
        0.9800675223548335,
        0.9782663473239155,
        0.9787229272807892,
        0.9806202823123255,
        0.9811808386016749,
        0.9799127778682636,
        0.9814333866395047,
        0.9811533296665227,
        0.9823490149032048,
        0.9811042951287916,
        0.9809482506126059,
        0.9810721303221638,
        0.9813141389818795,
        0.9805941449460591,
        0.9827489175235857,
        0.982622791303793,
        0.9827330287088667,
        0.9826800171391198,
        0.9823626066986437,
        0.9822704776978718,
        0.9828563957343006,
        0.982858460008311
    ],
    "val_loss": [
        0.0006734792142847184,
        0.0005736082219539463,
        0.0005182048895983295,
        0.00047178186900407606,
        0.0004351240510685174,
        0.000402998863817929,
        0.0003788178944275746,
        0.0003571799371722372,
        0.0003436348568373266,
        0.0003296673302549064,
        0.0003113658310024105,
        0.00030188653510497396,
        0.00029547920840520636,
        0.000283179491087338,
        0.0002743507216747784,
        0.0002729842578784826,
        0.00026821195961283166,
        0.00025745529536508387,
        0.0002545162913273348,
        0.0002558789813485544,
        0.0002507649272377447,
        0.00025017993318026923,
        0.00023902003250949764,
        0.000256279915165963,
        0.00023542873216284759,
        0.00022980170378892917,
        0.0002310425771674129,
        0.0002268782518594059,
        0.00022174331412976297,
        0.00022854753757618526,
        0.00021915349875730285,
        0.00021788564013220776,
        0.0002207768763900882,
        0.00021697416815249238,
        0.00021468609413168371,
        0.0002097792967916456,
        0.00020770123789117014,
        0.0002061068256025748,
        0.00020765105151168936,
        0.00020253340975419807,
        0.00020482220287945015,
        0.0002015221966464251,
        0.00019910676458763385,
        0.0001990991568528344,
        0.0001957858806343247,
        0.000193713357295366,
        0.00019683544523365804,
        0.00019519153983956554,
        0.00020640358935656826,
        0.00019238398496978368
    ]
}