{
    "best_loss": [
        0.0001428683649518584,
        48
    ],
    "loss": [
        0.0007379046849337828,
        0.0006090723845212423,
        0.0005218180074279782,
        0.00047113942043779073,
        0.00042576525420424374,
        0.00039068747402409967,
        0.00036076162894617566,
        0.00033663916995547245,
        0.00031801141523761273,
        0.00029954513543909637,
        0.0002838003735758219,
        0.00027249984429289796,
        0.00026074878526657485,
        0.0002528977143867755,
        0.0002433696999360696,
        0.00023512883216133713,
        0.00022926304930414427,
        0.0002217426755856685,
        0.00021744690726317322,
        0.000213870282946897,
        0.00020698646245179204,
        0.00020444995817419024,
        0.00020012138581968075,
        0.00020492107054981967,
        0.00019222168046707674,
        0.00018884466164576606,
        0.0001863642350494324,
        0.0001848585914351467,
        0.00018495622157480173,
        0.00017874230273504714,
        0.00017584930482017973,
        0.00017529666029480592,
        0.0001717977644435059,
        0.0001690525322824143,
        0.00016567661139470487,
        0.00016562110755739145,
        0.0001645858696346449,
        0.00015931567074885846,
        0.00015986864036486885,
        0.0001575659989612177,
        0.0001571580396036318,
        0.00015286826266322018,
        0.0001518636364951762,
        0.0001506383966510733,
        0.0001488595687558227,
        0.00014838724161012114,
        0.0001482969882669608,
        0.00014587027588963515,
        0.0001428683649518584,
        0.0001502828188389064
    ],
    "svm_test": [
        0.7208212197919512,
        0.8057290567150177,
        0.8314140098489753,
        0.8462300363975506,
        0.8742295413268879,
        0.8802680542743777,
        0.8892455952547687,
        0.8785121796935706,
        0.8795742066725685,
        0.894519494106672,
        0.8974443501053039,
        0.8964439559193156,
        0.8882499223824429,
        0.8923248643595254,
        0.8988856733498987,
        0.905342688995981,
        0.8973206282617974,
        0.9006571480715209,
        0.89512224721591,
        0.9039620970592577,
        0.8986255448126353,
        0.9044542186367479,
        0.9018491849773758,
        0.901605379746035,
        0.9054609176358646,
        0.9028064758938221,
        0.9036207395990654,
        0.9010545584874476,
        0.9058575893661461,
        0.9034921589719715,
        0.904085495355438,
        0.9077207457393848,
        0.906904031311492,
        0.9070953068348904,
        0.9087068167100669,
        0.9121275724217949,
        0.9069606652493449,
        0.9084405123622408,
        0.9102382572447961,
        0.9125882726953066,
        0.9102138066865897,
        0.9087240248920936,
        0.9102778363745518,
        0.9107582481644267,
        0.9084796023310935,
        0.9076965927590214,
        0.9067017388588083,
        0.9053265689649013,
        0.9106693395729857,
        0.906126115401698
    ],
    "svm_train": [
        0.8610507670179498,
        0.8788714278883224,
        0.8999399684963549,
        0.9180208402911032,
        0.9389040781982534,
        0.9435732865546995,
        0.9503465850559815,
        0.9555804969250647,
        0.9611706728969068,
        0.9652711518184954,
        0.9672526447042934,
        0.9678533609923535,
        0.9739551884018969,
        0.9762073318178774,
        0.9754369654779931,
        0.9767319441401969,
        0.9787486685612269,
        0.9786396572899458,
        0.9799767189431872,
        0.9801633569618005,
        0.9796687661551422,
        0.9812386763901844,
        0.9827613440887426,
        0.9866751474422661,
        0.9876142720660928,
        0.987162527789454,
        0.9885349420433023,
        0.9883833968059181,
        0.9878930795884819,
        0.989654365035705,
        0.9893336199244571,
        0.98855568036997,
        0.9886509088375697,
        0.9883651315894821,
        0.9883843999808861,
        0.9892646491918216,
        0.9885108486931207,
        0.9886178410189022,
        0.9882998643405259,
        0.9881979771004684,
        0.9884105645611999,
        0.9880116490060467,
        0.9884194523293528,
        0.9876100000225292,
        0.9885018768324861,
        0.9878174079773083,
        0.987536108736512,
        0.9882460540235454,
        0.9884906104072413,
        0.9885882419567252
    ],
    "val_loss": [
        0.0006611978228159382,
        0.0005517470284738786,
        0.0004917705106304344,
        0.0004497264384195669,
        0.0004088816758662174,
        0.0003784453005863703,
        0.00035023843897682804,
        0.00033210882190568296,
        0.0003152910544858073,
        0.0002971167190714455,
        0.00028485456296069414,
        0.00028363435488229467,
        0.00026627198358979305,
        0.000267143933111299,
        0.000251915807468826,
        0.00024385600514277458,
        0.00023616299591401387,
        0.00023576306266396354,
        0.0002290159522025324,
        0.0002208675064111406,
        0.00022424447421173934,
        0.0002146492046293682,
        0.0002432707595443545,
        0.00020815059156386407,
        0.00020629777806754286,
        0.00020430473888257406,
        0.0002047331722327039,
        0.00020253636882226845,
        0.00019713947739600867,
        0.00019386481211839982,
        0.00019332923108914481,
        0.00018704320866186753,
        0.00019187043812519803,
        0.00018431447367569972,
        0.00018455451746160527,
        0.00018520632027302448,
        0.0001790214585414121,
        0.00018052476710160757,
        0.00017625301524128146,
        0.00018123948122747863,
        0.00017429987673574368,
        0.00017288839748998898,
        0.00017143146830489656,
        0.00017174359562237472,
        0.00017251747909073785,
        0.00017133695160721066,
        0.0001695107986205234,
        0.00016681091731277377,
        0.00017428139214315563,
        0.00016659446085339882
    ]
}