{
    "best_loss": [
        0.00016112809008315162,
        49
    ],
    "loss": [
        0.0007539317922811026,
        0.0006144804571385526,
        0.0005363673889344496,
        0.0004846547296548298,
        0.0004343969428087843,
        0.00039990506204433065,
        0.0003713261538944349,
        0.00035098657219871437,
        0.00033406533133113503,
        0.00031676317632332586,
        0.00030102936154171434,
        0.00029063531915034957,
        0.0002883070543589747,
        0.00027267888014038803,
        0.0002622255054540625,
        0.0002608843666189175,
        0.000249771908867943,
        0.00024225372096578523,
        0.00024007170363111975,
        0.00023418600134012067,
        0.00022764309520224277,
        0.00022862412226189077,
        0.0002205903417399005,
        0.00021713642113279285,
        0.00021546253748727268,
        0.000208859958561485,
        0.00020646434774130483,
        0.0002042783355525894,
        0.00020308468824648237,
        0.00019940056544578584,
        0.00019514860267453457,
        0.00019201475357089252,
        0.00018949442066032782,
        0.00018990715292057378,
        0.00018614237963153805,
        0.0001843354953683605,
        0.0001825562605256723,
        0.0001797889502137794,
        0.00018136962662515502,
        0.0001758692087727081,
        0.00017700835277425668,
        0.00017508322435751385,
        0.00017151321619999168,
        0.00017915441428028157,
        0.00016801298217789242,
        0.00016815854233754205,
        0.00016392400995037424,
        0.00016426734454197094,
        0.00016202129526937523,
        0.00016112809008315162
    ],
    "svm_test": [
        0.6916555768753919,
        0.755571716179529,
        0.8005140442331327,
        0.8255342263438425,
        0.8517137379642081,
        0.8747838157616981,
        0.8769212203645183,
        0.8727194053136627,
        0.8837221596241887,
        0.8895375123912648,
        0.8854744154216032,
        0.8922098826393328,
        0.8879838181123987,
        0.8917089749034111,
        0.8961161086876848,
        0.8960572119622762,
        0.9028423251860465,
        0.8960659839617406,
        0.8980121010060629,
        0.8941185203928272,
        0.898773099695003,
        0.8951798194875025,
        0.9122661438807538,
        0.9094657660552716,
        0.9083534514731353,
        0.9084870765584792,
        0.9033166186975001,
        0.9089802360008894,
        0.9092058852496763,
        0.9067670624863684,
        0.9093968831751591,
        0.9112412798510277,
        0.9021221398235899,
        0.9017856499055918,
        0.9100392121422267,
        0.9106274564793453,
        0.9107202655322066,
        0.9089031361450168,
        0.9071415031581451,
        0.9089297240766095,
        0.9046007959406624,
        0.9057626398729259,
        0.9018331441691684,
        0.908311208508838,
        0.9068412126786813,
        0.9098986182129514,
        0.9038993765644249,
        0.9021882628081475,
        0.9048671495334262,
        0.9032188631405604
    ],
    "svm_train": [
        0.8543080300522128,
        0.8549235838260892,
        0.877045625438319,
        0.9023700489540765,
        0.9167957749408836,
        0.9317972252430237,
        0.9408540441726785,
        0.9474806608499532,
        0.9556538476852305,
        0.9556892276661941,
        0.9621439755892585,
        0.9625455041065668,
        0.963593778743379,
        0.9678662126995787,
        0.9699905278706664,
        0.9710538288338028,
        0.9713629539934655,
        0.9746812604677693,
        0.9747135689144337,
        0.975310542680047,
        0.9757613211327425,
        0.977048154641353,
        0.9782476540226909,
        0.9789493895768459,
        0.9788650962766752,
        0.9772394327835185,
        0.9803144020511776,
        0.9801367305873815,
        0.9817238179856572,
        0.9820613881936239,
        0.9829168684841979,
        0.9820143503173364,
        0.9821894482448486,
        0.9816391460320375,
        0.9818753070622754,
        0.9819531579721829,
        0.9805853510340793,
        0.9816606278443545,
        0.9810384020581893,
        0.9810482332422192,
        0.980925867496367,
        0.9812309766714935,
        0.9805981170832104,
        0.9814429180972735,
        0.9823690951757018,
        0.9825728813496433,
        0.9828853060048217,
        0.9837802121809653,
        0.9837751189607762,
        0.9835581919269647
    ],
    "val_loss": [
        0.0006669928178460164,
        0.0005625841937681663,
        0.0005090547826684779,
        0.00045862967272418143,
        0.0004197858032277066,
        0.0003898450374977977,
        0.00037691066925943573,
        0.0003471555844616325,
        0.0003344767021501678,
        0.00031556222454305795,
        0.00030758346363874366,
        0.000310932700299066,
        0.00028897666192067293,
        0.00027677437886748613,
        0.00028199380971182967,
        0.0002683832644064883,
        0.0002550784675537883,
        0.0002561272931188416,
        0.0002524516749043903,
        0.00024191196581945301,
        0.00024733436486629884,
        0.00024008936193718798,
        0.00023861434659208018,
        0.00022932428622359963,
        0.00022548917454820797,
        0.00022471537325727148,
        0.00021986841624752973,
        0.00021989729003301828,
        0.00021608400813347421,
        0.00021467269831995233,
        0.00021184892467825331,
        0.0002104371505314987,
        0.00020887890320339146,
        0.00020730329473590004,
        0.00020973241854979646,
        0.00020205444647825873,
        0.00019999120374445732,
        0.00020496314904900267,
        0.0001975652534141774,
        0.00019756373752084232,
        0.00019402468653665787,
        0.00019441416427205718,
        0.00020214738566573536,
        0.00019191759378060026,
        0.00019383751227194937,
        0.00018739990932977322,
        0.00018536146094597065,
        0.0001874153456483793,
        0.00018706088546525146,
        0.00018457073084600622
    ]
}