{
    "best_loss": [
        0.00015863408765340146,
        49
    ],
    "loss": [
        0.0007430612235395486,
        0.0006198383364159729,
        0.0005398292666227528,
        0.0004929254471757649,
        0.0004473162762663211,
        0.00040745828284111503,
        0.0003752862915088733,
        0.00034990210654788084,
        0.000331774716594417,
        0.00031485023697710155,
        0.0002996429033329677,
        0.0002890023809618713,
        0.00027845270104859325,
        0.0002688453928635501,
        0.0002601902202417455,
        0.000256142973854422,
        0.00024246822138367403,
        0.00023767101114121887,
        0.00022951236819711447,
        0.00023327796862292408,
        0.00022094231571670632,
        0.00021658168051002635,
        0.0002125695399490097,
        0.00021008148022217998,
        0.00020753316677076848,
        0.00020343383846736662,
        0.00019970904631738833,
        0.0001964185946874565,
        0.00019651259906972648,
        0.0001937718388881358,
        0.0001967124347854263,
        0.00018741765399171262,
        0.00018598960533409834,
        0.00018271297583082364,
        0.00018725425358894404,
        0.00017899253204297036,
        0.00017828573841141326,
        0.00017617604928488022,
        0.00017561992252891457,
        0.00017213428368498688,
        0.00017013831199528756,
        0.00016972955799824787,
        0.00016985849434919943,
        0.000168004454123845,
        0.0001647669991234997,
        0.00016469720528923396,
        0.00016440479132755065,
        0.00016051130194245282,
        0.00015890329482729523,
        0.00015863408765340146
    ],
    "svm_test": [
        0.7349136221090731,
        0.7508822974172876,
        0.804715158868565,
        0.8531224257538186,
        0.8647751098531462,
        0.867958193056336,
        0.8705459653735662,
        0.880643807322017,
        0.8867067903365138,
        0.886939014115909,
        0.8925386982333297,
        0.8947301455824085,
        0.8957608767233058,
        0.9024088864268067,
        0.8997682868322008,
        0.9043325790403254,
        0.913808364116683,
        0.9051340591200728,
        0.9050364358123324,
        0.9088544438556776,
        0.9111445877730733,
        0.9130618040407353,
        0.9127034667743881,
        0.9109561015200535,
        0.9094436509052741,
        0.9116236700286429,
        0.9093238686512184,
        0.9156697671135166,
        0.9220959059471486,
        0.9166077342748015,
        0.9239789371825662,
        0.9227853750420049,
        0.9237506647364188,
        0.9253951919369646,
        0.927560969396019,
        0.9244138914800947,
        0.9212785089914513,
        0.9218222563896104,
        0.9249419245979988,
        0.9194526205392809,
        0.92373218508167,
        0.9224054382765529,
        0.923401918745473,
        0.9230877487217632,
        0.919981182484579,
        0.9210308293826495,
        0.91415228306123,
        0.9166221509520227,
        0.9168314931017654,
        0.9133086677247225
    ],
    "svm_train": [
        0.8707349995182231,
        0.8781334504211302,
        0.906189302197443,
        0.92596615109846,
        0.9342989099572714,
        0.9447361650809647,
        0.9471953357727275,
        0.9544561606517211,
        0.960292199276525,
        0.9627487554597536,
        0.9668533918275309,
        0.9690396948752016,
        0.9729348841595573,
        0.9726613061704169,
        0.971821453147272,
        0.9738789235516043,
        0.9762591458010674,
        0.9783452157096522,
        0.9774522259109016,
        0.9776539047479635,
        0.9792164539489733,
        0.9778170707866767,
        0.9798432329377027,
        0.9801718939396591,
        0.9811998099051695,
        0.9809219919260683,
        0.9826133109434505,
        0.9829453326595834,
        0.9831443113821412,
        0.9815661855894824,
        0.9826133503874566,
        0.9828553991691988,
        0.9816419612830388,
        0.9819843027213977,
        0.9814647861492376,
        0.9831488924388967,
        0.9822429340088804,
        0.9832566772514357,
        0.9830322513691034,
        0.9813747806299216,
        0.9831857055297863,
        0.9846083608025166,
        0.9841701964452727,
        0.9848810289906875,
        0.983612697985101,
        0.9837243177665445,
        0.9846135897637511,
        0.9833759103612943,
        0.9840694986230294,
        0.9843313701314094
    ],
    "val_loss": [
        0.0006646736009228088,
        0.0005654580893885638,
        0.0005164020715198963,
        0.00046663208831330727,
        0.00042535056491640517,
        0.00039095600459151464,
        0.0003661216833077021,
        0.0003455337299427622,
        0.0003259295714962357,
        0.00031502005081598136,
        0.00030418069781898796,
        0.0002863797617556126,
        0.00028210636554506146,
        0.0002799927504375861,
        0.00027968376283550714,
        0.0002580222204327842,
        0.0002530954574726747,
        0.00024446585592439345,
        0.00024206134456560444,
        0.00023708844272164305,
        0.00023114022902942754,
        0.00022520526614764152,
        0.0002262636660550279,
        0.0002180416441768585,
        0.0002191175384663743,
        0.00021666135171800955,
        0.00021353662383595442,
        0.00021034983749343078,
        0.00021262020263307805,
        0.00021366154891050082,
        0.00020536728397225023,
        0.00020165917012450774,
        0.00020083212982167418,
        0.00020264140240854283,
        0.000198157863504485,
        0.00019613720962695328,
        0.0001962383666461744,
        0.00019372102120242344,
        0.00019216265240590863,
        0.00018986054712597593,
        0.00018790050593524047,
        0.00019270917466148718,
        0.00018770518841229185,
        0.00018649029245507593,
        0.00018679414564425165,
        0.00018267682107291395,
        0.00018204860109369424,
        0.00018169751728691304,
        0.0001797806871703162,
        0.00018900669138460343
    ]
}