{
    "best_loss": [
        0.00016768548882308066,
        48
    ],
    "loss": [
        0.0007477893219885334,
        0.0006205303748610584,
        0.0005483015415086877,
        0.0005004786953269912,
        0.00045865634021359487,
        0.00042538671544600754,
        0.0003954431704040505,
        0.00037032784631295553,
        0.0003535445451980911,
        0.00033636911740378574,
        0.00032276849386120803,
        0.0003023464139746921,
        0.000290970497801449,
        0.00027847263020729844,
        0.00026986750453558684,
        0.00026364321489187966,
        0.0002559101270026032,
        0.00024948787240761355,
        0.00024360267242394515,
        0.00023557251103231634,
        0.00023209489368514435,
        0.00022953259619348102,
        0.00022258713590943686,
        0.00022279609211646535,
        0.000215433066916966,
        0.00021705637828562126,
        0.0002114040335301837,
        0.0002095833121004678,
        0.00021261516576120352,
        0.00020330748076965202,
        0.00020154333941762418,
        0.0001980115657947523,
        0.0001957235887511065,
        0.00019340656943563466,
        0.00019544742982946668,
        0.00018932340974155338,
        0.0001870565432404973,
        0.00018591051436076607,
        0.0001839085113952325,
        0.00018139148647090608,
        0.00017974731176404154,
        0.00017879944639928035,
        0.00017595695944966732,
        0.00017599318487445547,
        0.00017524820186636206,
        0.00017122816283878664,
        0.00017148627689150302,
        0.0001702696090933026,
        0.00016768548882308066,
        0.00017294970187866206
    ],
    "svm_test": [
        0.7314278781365091,
        0.78941052913802,
        0.8107046469231443,
        0.8374325008734459,
        0.8632571872846642,
        0.8777281431966533,
        0.8755150431461505,
        0.8754127762140238,
        0.8823629568910392,
        0.8924174974408833,
        0.8980237952939933,
        0.8947322603176839,
        0.9025329852642189,
        0.896056637644409,
        0.9069879860292305,
        0.8927168145158405,
        0.8946693806723002,
        0.8914464704517137,
        0.893769145935393,
        0.8935479202090231,
        0.892789222873951,
        0.900084912024592,
        0.8991073850011425,
        0.8934961538687494,
        0.8918612755123976,
        0.893115459047767,
        0.8998675008308175,
        0.8902434538182056,
        0.8985993797430565,
        0.8949924486781637,
        0.891062501538223,
        0.8874560769432929,
        0.8933853640354238,
        0.8831622797599251,
        0.8898565545454485,
        0.8917601283425536,
        0.8855707469016029,
        0.8882558178391022,
        0.8851170627796437,
        0.8911445987426172,
        0.884985552591858,
        0.8807794539318188,
        0.8839219829622103,
        0.889570605451522,
        0.8810360447055169,
        0.8860457883291124,
        0.8817003022569853,
        0.8846576152635511,
        0.8812211819207395,
        0.885305247152818
    ],
    "svm_train": [
        0.8858404061358462,
        0.877148391036892,
        0.900935838642493,
        0.9153052323360551,
        0.9312422416405994,
        0.9456472520940905,
        0.9442544150916701,
        0.9503131342060225,
        0.9530540856890777,
        0.9581956553161177,
        0.9633836939962936,
        0.9672785411811431,
        0.9672710340077951,
        0.9716819503296465,
        0.9730294838828076,
        0.9743933236841474,
        0.9762181349920667,
        0.9780822041164755,
        0.9770434116689002,
        0.9789892108182214,
        0.9800678689065347,
        0.9796046748240383,
        0.9801839586777554,
        0.9809548016031258,
        0.9799250969648057,
        0.9822232149706986,
        0.9822553527988801,
        0.9797454773061889,
        0.9803855732968649,
        0.9814432438534946,
        0.9819464533602902,
        0.9828918333407861,
        0.981978767357768,
        0.9844053422912504,
        0.9824681394869172,
        0.9808570721470705,
        0.9823527661106168,
        0.9831862345650264,
        0.9824654867780982,
        0.9851175016739342,
        0.9821215971668061,
        0.9814505603471713,
        0.9805107641912021,
        0.9839030974674783,
        0.9815481696836211,
        0.9826873139789536,
        0.980647210694517,
        0.9814927890257656,
        0.979929268316426,
        0.9810977049801151
    ],
    "val_loss": [
        0.0006714478998441606,
        0.000571764512556363,
        0.0005215994612576567,
        0.00047859182833571095,
        0.00044027293747424164,
        0.0004115614623961681,
        0.00038390187459153577,
        0.00036552185754050204,
        0.000353212252743962,
        0.0003380495286559604,
        0.00032632831225853725,
        0.0003015416197900639,
        0.0002988048893079249,
        0.00028514397769423207,
        0.00028339828765623556,
        0.00026980741464537576,
        0.0002620202726643697,
        0.0002549468809574206,
        0.0002507553855656881,
        0.00024560655486452796,
        0.00025356344983589867,
        0.00024003294251797515,
        0.0002365704524961394,
        0.00023234706554970246,
        0.00023103477917092038,
        0.0002291338726312998,
        0.0002236280799512977,
        0.00024058537814715896,
        0.00022162102123903307,
        0.00022582081238044457,
        0.0002168945464429704,
        0.000216999143544669,
        0.00020981955118298543,
        0.00021691775490953775,
        0.0002104897261558346,
        0.00020456851069591567,
        0.00020426644646105526,
        0.00020198056435587718,
        0.00020064581326968527,
        0.00019823269393072455,
        0.00019910308831650193,
        0.00019618148858654822,
        0.0001954960044644178,
        0.00019287862427235707,
        0.00019165673641544705,
        0.00019307647267055662,
        0.00019212052802053582,
        0.0001910648863529657,
        0.00020199088622288832,
        0.00018937580819682488
    ]
}