{
    "i_awa": {
        "s2s_dba1": [
            0.6558684105961344,
            0.6671838642958063,
            0.660732849890805,
            0.6562471162278831,
            0.6718465267807018
        ],
        "s2s_dba2": [
            0.6812747773200931,
            0.6370640279092372,
            0.6583191724130646,
            0.6618763358153649,
            0.6656577040513464
        ],
        "s2s_dba3": [
            0.6438204758472115,
            0.6460404425738886,
            0.6532849409737037,
            0.6790382341274456,
            0.6564112468249812
        ],
        "s2s_dp00": [
            0.6012843639085151,
            0.6256146247432475,
            0.626677835697475,
            0.6244789455542251,
            0.6347921842931431
        ],
        "s2s_dpa1": [
            0.6512270945071938,
            0.6366958646768363,
            0.6532984992401122,
            0.6374894440069768,
            0.6494033207472332
        ],
        "s2s_dpa2": [
            0.6621665735037254,
            0.632521916305308,
            0.6489649308696741,
            0.6368515390706038,
            0.6609246018601064
        ],
        "s2s_dpa3": [
            0.6606421373947075,
            0.6553056464638972,
            0.6508802180561635,
            0.6687026929625611,
            0.6618483614489563
        ],
        "s2s_dpb1": [
            0.6316283788338585,
            0.6117681597402442,
            0.594910817923452,
            0.5973522911983095,
            0.6092250639584359
        ],
        "s2s_dpb2": [
            0.6280614378239744,
            0.6384202477469874,
            0.6324523647610856,
            0.6634803893168746,
            0.635717961348079
        ],
        "s2s_dpb3": [
            0.6403124751924757,
            0.6494281817243283,
            0.6416126390443345,
            0.6326399074502352,
            0.6471785689766825
        ],
        "vse_dba1": [
            0.5479950611720599,
            0.5841651641720398,
            0.5676789319470483,
            0.5610291383885349,
            0.593167401836703
        ],
        "vse_dba2": [
            0.566275022042824,
            0.571824378773733,
            0.5718839262276904,
            0.6387835511476644,
            0.5609060622502057
        ],
        "vse_dba3": [
            0.5581260602559523,
            0.5112292735501538,
            0.5788821272456287,
            0.5605257528506149,
            0.5637902109239237
        ],
        "vse_dp00": [
            0.5012911465078274,
            0.49659518315648604,
            0.5039109354006602,
            0.5056012174702107,
            0.5237418417263998
        ],
        "vse_dpa1": [
            0.5651175302147861,
            0.5535524130728215,
            0.5360304499231647,
            0.5593937183228275,
            0.58787473190053
        ],
        "vse_dpa2": [
            0.5516618875133524,
            0.546482886540949,
            0.5714811949587937,
            0.5859677204858323,
            0.5582805278930185
        ],
        "vse_dpa3": [
            0.5624308378238652,
            0.5933977385956359,
            0.557526709229365,
            0.5732469600322204,
            0.5933752524904776
        ],
        "vse_dpb1": [
            0.4176129813052532,
            0.47110320209948303,
            0.5232844737431791,
            0.4827516797551521,
            0.5320468229628287
        ],
        "vse_dpb2": [
            0.4762678866573683,
            0.4995821284747499,
            0.48596761466621813,
            0.49058529376204574,
            0.4293914673559305
        ],
        "vse_dpb3": [
            0.5038461806834726,
            0.4781262319422887,
            0.4515265399889614,
            0.5022408738257547,
            0.4929054585425451
        ]
    },
    "i_cub": {
        "s2s_dba1": [
            0.23834343434343436,
            0.24718686868686868,
            0.2587146464646464,
            0.2562348484848485,
            0.24202525252525256
        ],
        "s2s_dba2": [
            0.2636767676767677,
            0.24060479797979795,
            0.22142803030303032,
            0.26168434343434344,
            0.2796729797979798
        ],
        "s2s_dba3": [
            0.267709595959596,
            0.2573207070707071,
            0.2409558080808081,
            0.2525732323232323,
            0.2424962121212121
        ],
        "s2s_dp00": [
            0.21569191919191918,
            0.22916414141414143,
            0.2107070707070707,
            0.23367550505050502,
            0.21826767676767678
        ],
        "s2s_dpa1": [
            0.23231313131313133,
            0.24891919191919193,
            0.23777651515151516,
            0.22128030303030305,
            0.25417803030303027
        ],
        "s2s_dpa2": [
            0.2553030303030303,
            0.2514078282828283,
            0.22801388888888888,
            0.2446666666666667,
            0.24563005050505052
        ],
        "s2s_dpa3": [
            0.243530303030303,
            0.2453371212121212,
            0.24430934343434343,
            0.24175505050505053,
            0.26052525252525255
        ],
        "s2s_dpb1": [
            0.22564141414141417,
            0.2063080808080808,
            0.21533459595959595,
            0.2310151515151515,
            0.21780808080808078
        ],
        "s2s_dpb2": [
            0.24204040404040406,
            0.2389835858585859,
            0.2153787878787879,
            0.23523232323232324,
            0.24528535353535352
        ],
        "s2s_dpb3": [
            0.24093686868686873,
            0.2388989898989899,
            0.2372146464646465,
            0.2156982323232323,
            0.22895833333333332
        ],
        "vse_dba1": [
            0.15883838383838383,
            0.1767121212121212,
            0.20316161616161615,
            0.19467171717171716,
            0.19229292929292932
        ],
        "vse_dba2": [
            0.21632828282828281,
            0.21229040404040403,
            0.18066035353535356,
            0.14725,
            0.19962121212121212
        ],
        "vse_dba3": [
            0.13714898989898988,
            0.15110353535353535,
            0.20528030303030304,
            0.16517424242424242,
            0.20213636363636361
        ],
        "vse_dp00": [
            0.18261111111111109,
            0.2089128787878788,
            0.18796338383838385,
            0.17366540404040404,
            0.1829040404040404
        ],
        "vse_dpa1": [
            0.20539646464646466,
            0.20564267676767678,
            0.1772878787878788,
            0.2114141414141414,
            0.20072727272727275
        ],
        "vse_dpa2": [
            0.19850757575757577,
            0.1533080808080808,
            0.20067424242424245,
            0.19816035353535355,
            0.21044949494949494
        ],
        "vse_dpa3": [
            0.18963383838383838,
            0.1897260101010101,
            0.19103030303030302,
            0.2070580808080808,
            0.2019671717171717
        ],
        "vse_dpb1": [
            0.17857575757575758,
            0.19989015151515152,
            0.17370959595959598,
            0.19412247474747474,
            0.16953030303030303
        ],
        "vse_dpb2": [
            0.1924393939393939,
            0.17279671717171716,
            0.16442045454545454,
            0.19616161616161612,
            0.17327146464646465
        ],
        "vse_dpb3": [
            0.19209848484848485,
            0.18060353535353535,
            0.16369444444444445,
            0.1706161616161616,
            0.19648863636363637
        ]
    },
    "r_awa": {
        "s2s_dba1": [
            0.6984436179957194,
            0.6744287735452684,
            0.6833902647976566,
            0.6739617799882037,
            0.6944730979805921
        ],