{
    "i_awa": {
        "s2s_dba1": [
            0.6176779706788362,
            0.6183214574615067,
            0.6166448371720564,
            0.619192888696481,
            0.6224397938449545
        ],
        "s2s_dba2": [
            0.6123883838540161,
            0.6313136141420883,
            0.6231117734395183,
            0.6187729491688733,
            0.6267509152628551
        ],
        "s2s_dba3": [
            0.6069477565759887,
            0.589731771211324,
            0.6104130669218122,
            0.5957689889495412,
            0.6294556785846175
        ],
        "s2s_dp00": [
            0.587832170730404,
            0.57835666923071,
            0.5684614796864192,
            0.5647638693689149,
            0.53534691118713
        ],
        "s2s_dpa1": [
            0.5815739796656283,
            0.5744291007258087,
            0.5962568241456716,
            0.5935036325400318,
            0.5856469566933327
        ],
        "s2s_dpa2": [
            0.6247353285679451,
            0.5955151693615361,
            0.6061833952374382,
            0.6187810792562013,
            0.6104753254258282
        ],
        "s2s_dpa3": [
            0.6199171141775686,
            0.5878352620299228,
            0.6243872225952972,
            0.6185559140292927,
            0.6231839130194169
        ],
        "s2s_dpb1": [
            0.5551925996403093,
            0.5575562108108485,
            0.5649884460733569,
            0.5687387894631444,
            0.5652830825394126
        ],
        "s2s_dpb2": [
            0.596859237181198,
            0.5916209146253434,
            0.5842453743405136,
            0.5830510385716544,
            0.5796685846180357
        ],
        "s2s_dpb3": [
            0.592166946655005,
            0.5941857737171815,
            0.6017667830287787,
            0.6029052542506428,
            0.6091274017280471
        ],
        "vse_dba1": [
            0.4462531050829361,
            0.4581779448048016,
            0.4929101708674085,
            0.4707127977934873,
            0.45162976203969535
        ],
        "vse_dba2": [
            0.43552146108550843,
            0.5044825308964624,
            0.49911824584261305,
            0.45319525654309756,
            0.4497326047855502
        ],
        "vse_dba3": [
            0.42667579007941436,
            0.3933088815883696,
            0.4257377562551731,
            0.3649174176622488,
            0.3672954723565474
        ],
        "vse_dp00": [
            0.33356639836048574,
            0.3526742634121387,
            0.33773213630639387,
            0.3466377303185513,
            0.3577121638602411
        ],
        "vse_dpa1": [
            0.40423802783964236,
            0.44134507145001045,
            0.4570769831163807,
            0.413321029275401,
            0.3564576311367426
        ],
        "vse_dpa2": [
            0.41377562087013986,
            0.4331537391239737,
            0.44078650142966647,
            0.43679651323257546,
            0.41677201704712624
        ],
        "vse_dpa3": [
            0.5024255624624763,
            0.4260342295773164,
            0.4838984681872573,
            0.45094332317191754,
            0.4432928235921447
        ],
        "vse_dpb1": [
            0.3429270310831394,
            0.3539055111924761,
            0.36901663408713253,
            0.36788231129812543,
            0.3181510082266501
        ],
        "vse_dpb2": [
            0.3262352988724121,
            0.34155234733514733,
            0.36579415244683594,
            0.3637111436154661,
            0.3444142324224271
        ],
        "vse_dpb3": [
            0.36863522401115423,
            0.3858470086605017,
            0.37868151992744076,
            0.3181679493691743,
            0.3995397594658925
        ]
    },
    "i_cub": {
        "s2s_dba1": [
            0.20185858585858585,
            0.19626641414141419,
            0.19651136363636368,
            0.2183611111111111,
            0.2063282828282828
        ],
        "s2s_dba2": [
            0.21104040404040403,
            0.22890656565656564,
            0.2211426767676768,
            0.2114116161616162,
            0.23175252525252524
        ],
        "s2s_dba3": [
            0.2148964646464646,
            0.20242171717171714,
            0.20880681818181818,
            0.23803787878787877,
            0.21761363636363637
        ],
        "s2s_dp00": [
            0.16514646464646465,
            0.15733333333333335,
            0.1694823232323232,
            0.20134090909090907,
            0.17011489898989895
        ],
        "s2s_dpa1": [
            0.20109343434343432,
            0.2147929292929293,
            0.1881641414141414,
            0.19096717171717173,
            0.19216161616161614
        ],
        "s2s_dpa2": [
            0.20985353535353535,
            0.18911742424242425,
            0.21552651515151514,
            0.18871464646464645,
            0.21266414141414142
        ],
        "s2s_dpa3": [
            0.19682070707070706,
            0.20340025252525254,
            0.17593560606060607,
            0.194614898989899,
            0.2018838383838384
        ],
        "s2s_dpb1": [
            0.17709595959595958,
            0.17145959595959595,
            0.17189267676767678,
            0.17227272727272727,
            0.17316666666666666
        ],
        "s2s_dpb2": [
            0.20672222222222225,
            0.20339141414141415,
            0.17094823232323234,
            0.19045454545454546,
            0.1839469696969697
        ],
        "s2s_dpb3": [
            0.1868459595959596,
            0.19445075757575758,
            0.2035315656565657,
            0.1947462121212121,
            0.17086616161616164
        ],
        "vse_dba1": [
            0.11167929292929295,
            0.11790151515151515,
            0.10517424242424245,
            0.11388005050505051,
            0.12896969696969698
        ],
        "vse_dba2": [
            0.1336060606060606,
            0.12943181818181818,
            0.11032323232323232,
            0.11832828282828281,
            0.11018939393939392
        ],
        "vse_dba3": [
            0.11743939393939393,
            0.10172979797979798,
            0.11050757575757576,
            0.10470454545454545,
            0.1193459595959596
        ],
        "vse_dp00": [
            0.11388131313131312,
            0.13397222222222221,
            0.07895454545454546,
            0.10912626262626261,
            0.11834848484848486
        ],
        "vse_dpa1": [
            0.11292171717171716,
            0.11048106060606061,
            0.12828282828282828,
            0.12531060606060607,
            0.10565656565656566
        ],
        "vse_dpa2": [
            0.12074242424242425,
            0.12289646464646463,
            0.12327020202020203,
            0.1446868686868687,
            0.1209090909090909
        ],
        "vse_dpa3": [
            0.1211338383838384,
            0.11082323232323234,
            0.12363131313131313,
            0.13862121212121212,
            0.12793434343434343
        ],
        "vse_dpb1": [
            0.10571464646464646,
            0.1218560606060606,
            0.12555050505050505,
            0.1294040404040404,
            0.08536237373737374
        ],
        "vse_dpb2": [
            0.0901439393939394,
            0.1042020202020202,
            0.11495959595959596,
            0.11350757575757577,
            0.12335858585858585
        ],
        "vse_dpb3": [
            0.10507828282828284,
            0.11131818181818183,
            0.12403282828282829,
            0.10572474747474747,
            0.09414393939393939
        ]
    },