{
    "i_awa": {
        "s2s_dba1": [
            0.7142355329145903,
            0.7218212006979325,
            0.7207544251839516,
            0.7175911650276389,
            0.7337097080680823
        ],
        "s2s_dba2": [
            0.7166817508141965,
            0.727664147058529,
            0.7220540141792818,
            0.7237043179826308,
            0.7303225829544056
        ],
        "s2s_dba3": [
            0.7154519700847434,
            0.7261964498677432,
            0.7286618254345324,
            0.7261837814767738,
            0.7193210262791456
        ],
        "s2s_dp00": [
            0.7216141834637184,
            0.6999778071423824,
            0.7262412761394255,
            0.7094012103517915,
            0.7050247642094222
        ],
        "s2s_dpa1": [
            0.721504421946299,
            0.7215499631649155,
            0.7184173187252657,
            0.7147721685572698,
            0.7133067505061976
        ],
        "s2s_dpa2": [
            0.7152184672749913,
            0.7202611968067862,
            0.7259132281458969,
            0.732316220234125,
            0.7212495591861036
        ],
        "s2s_dpa3": [
            0.7298465477935351,
            0.7326852104666098,
            0.722189160200029,
            0.73638732504476,
            0.7400008137297384
        ],
        "s2s_dpb1": [
            0.7113135085857804,
            0.7014652017592771,
            0.7178170155815837,
            0.6963719939600752,
            0.7093958459425217
        ],
        "s2s_dpb2": [
            0.7201172397129255,
            0.7038581929850474,
            0.7161263492459505,
            0.7250970017952417,
            0.7085743734531544
        ],
        "s2s_dpb3": [
            0.7089567542847607,
            0.7213101393227543,
            0.7149707174452746,
            0.7330989350663204,
            0.7189702335756079
        ],
        "sec_dba1": [
            0.7833842889761219,
            0.788485821850589,
            0.8069355810556987,
            0.7964353191703057,
            0.8012104183013181
        ],
        "sec_dba2": [
            0.7874599706036187,
            0.7978226241788475,
            0.8154217709409949,
            0.8117601711544298,
            0.7876115339166146
        ],
        "sec_dba3": [
            0.781412368910382,
            0.7788633980040446,
            0.7809340393385146,
            0.7510649536213951,
            0.7793114402829764
        ],
        "sec_dp00": [
            0.80431839892036,
            0.7960094021780606,
            0.8192509103800469,
            0.8089610458806417,
            0.8169085560732441
        ],
        "sec_dpa1": [
            0.7592022481791197,
            0.78494287846292,
            0.8134081841369487,
            0.7902420854867015,
            0.8252140496237004
        ],
        "sec_dpa2": [
            0.8090815948257845,
            0.7884911194120882,
            0.8238782463326256,
            0.8025581171278627,
            0.8113152670978525
        ],
        "sec_dpa3": [
            0.7934590217461382,
            0.8133707572555754,
            0.8313464657399038,
            0.8317709546830394,
            0.8108788396237236
        ],
        "sec_dpb1": [
            0.728911539797963,
            0.7521014271008292,
            0.7729128947582946,
            0.7696797621998778,
            0.808182900611543
        ],
        "sec_dpb2": [
            0.7497510139894088,
            0.7634662576667841,
            0.7398271285180243,
            0.7881586399728078,
            0.7582548141376019
        ],
        "sec_dpb3": [
            0.7644480163599789,
            0.751633982051402,
            0.768935108092005,
            0.7827714167640167,
            0.766607890936067
        ]
    },
    "i_cub": {
        "s2s_dba1": [
            0.37348737373737373,
            0.3615606060606061,
            0.37504797979797977,
            0.3663409090909091,
            0.3768295454545455
        ],
        "s2s_dba2": [
            0.36318686868686867,
            0.3496931818181818,
            0.35091161616161615,
            0.3868737373737373,
            0.37759595959595954
        ],
        "s2s_dba3": [
            0.34494696969696975,
            0.3725896464646465,
            0.340655303030303,
            0.3474974747474748,
            0.3255328282828283
        ],
        "s2s_dp00": [
            0.34465656565656566,
            0.3122058080808081,
            0.33485984848484845,
            0.32199747474747475,
            0.3504532828282828
        ],
        "s2s_dpa1": [
            0.345030303030303,
            0.3560037878787879,
            0.37737499999999996,
            0.38012626262626253,
            0.34583333333333327
        ],
        "s2s_dpa2": [
            0.39911868686868684,
            0.35643434343434344,
            0.3534570707070707,
            0.3717184343434344,
            0.33990530303030303
        ],
        "s2s_dpa3": [
            0.342270202020202,
            0.3606767676767677,
            0.356824494949495,
            0.34246464646464647,
            0.3584709595959596
        ],
        "s2s_dpb1": [
            0.3238207070707071,
            0.3368308080808081,
            0.3371414141414141,
            0.339854797979798,
            0.3505656565656565
        ],
        "s2s_dpb2": [
            0.3273106060606061,
            0.3499520202020202,
            0.31625,
            0.3412803030303031,
            0.3481944444444444
        ],
        "s2s_dpb3": [
            0.3365959595959596,
            0.37118181818181817,
            0.33003787878787877,
            0.33622979797979796,
            0.3416565656565656
        ],
        "sec_dba1": [
            0.4774419191919192,
            0.5085732323232323,
            0.4975820707070707,
            0.489145202020202,
            0.4498560606060606
        ],
        "sec_dba2": [
            0.41361111111111115,
            0.4396717171717172,
            0.4305227272727272,
            0.4433131313131312,
            0.3874797979797979
        ],
        "sec_dba3": [
            0.37903535353535356,
            0.4239684343434344,
            0.44259722222222225,
            0.3910795454545454,
            0.38609469696969695
        ],
        "sec_dp00": [
            0.502969696969697,
            0.5908282828282828,
            0.5364558080808081,
            0.5481767676767677,
            0.5609532828282828
        ],
        "sec_dpa1": [
            0.5321111111111111,
            0.5176527777777777,
            0.5013977272727272,
            0.5314116161616161,
            0.5597411616161616
        ],
        "sec_dpa2": [
            0.5009646464646464,
            0.48749747474747473,
            0.4830997474747475,
            0.4843876262626263,
            0.46024116161616163
        ],
        "sec_dpa3": [
            0.46641414141414145,
            0.49534217171717176,
            0.45804545454545453,
            0.47759722222222223,
            0.455979797979798
        ],
        "sec_dpb1": [
            0.5129494949494949,
            0.4728181818181818,
            0.49169823232323234,
            0.5240479797979798,
            0.4694595959595959
        ],
        "sec_dpb2": [
            0.43231565656565657,
            0.4594772727272728,
            0.4815126262626263,
            0.43800126262626266,
            0.46375631313131316
        ],
        "sec_dpb3": [
            0.45859848484848487,
            0.39245202020202025,
            0.4449886363636364,
            0.418395202020202,
            0.4744078282828283
        ]
    },
    "r_awa": {
        "s2s_dba1": [
            0.7566445391605373,
            0.7443423719490805,
            0.7504990383649194,
            0.7473649194035501,
            0.7355166368201982
        ],