{
    "i_awa": {
        "s2s_dba1": [
            0.8248041828867575,
            0.8062165674620441,
            0.8218865767132063,
            0.8131778348140375,
            0.8138551714359324
        ],
        "s2s_dba2": [
            0.8045115876389717,
            0.8063069802034895,
            0.8076997186697991,
            0.811485618173921,
            0.7983230254289134
        ],
        "s2s_dba3": [
            0.8101141382146819,
            0.797651314101291,
            0.8035472969503258,
            0.8017629783436113,
            0.7961045517898466
        ],
        "s2s_dp00": [
            0.8260580069443694,
            0.8324455712735046,
            0.830498953193943,
            0.84282771359324,
            0.8320157869484908
        ],
        "s2s_dpa1": [
            0.8176129184395728,
            0.8205006003959704,
            0.8321508623149694,
            0.8124760049930616,
            0.821646648734577
        ],
        "s2s_dpa2": [
            0.8086701156593269,
            0.8112713902257521,
            0.8075841777099919,
            0.8227995892172646,
            0.8161936284269242
        ],
        "s2s_dpa3": [
            0.818498132916762,
            0.811355962448712,
            0.803708428746372,
            0.8017589261569009,
            0.8042359536160175
        ],
        "s2s_dpb1": [
            0.831376785456051,
            0.8296051674301386,
            0.8227228143937607,
            0.8210370946477394,
            0.810571248188386
        ],
        "s2s_dpb2": [
            0.8181011142123938,
            0.8108258043458774,
            0.8136587528381248,
            0.8204292121526797,
            0.8183748469368384
        ],
        "s2s_dpb3": [
            0.8227015252774059,
            0.8328193104375938,
            0.8157113123124644,
            0.8203818885210787,
            0.8051497785193752
        ],
        "sec_dba1": [
            0.99306369528373,
            0.9898248391104387,
            0.9927733416250608,
            0.9909679816366799,
            0.9904341294913891
        ],
        "sec_dba2": [
            0.9903839277230472,
            0.9869102959201649,
            0.9877858672443424,
            0.986229994614491,
            0.9884137034684727
        ],
        "sec_dba3": [
            0.9838688333666681,
            0.9817608662370386,
            0.9858280748983157,
            0.985622115452513,
            0.9858222898960366
        ],
        "sec_dp00": [
            0.9996428571428573,
            0.9990472829922371,
            0.998365327152801,
            0.9992875157629257,
            0.9976247086247086
        ],
        "sec_dpa1": [
            0.99286701972311,
            0.9939667621358882,
            0.993691342185297,
            0.9956722798611541,
            0.9946960424697884
        ],
        "sec_dpa2": [
            0.9938823580022926,
            0.9899783070539673,
            0.9929812909895382,
            0.9910081435058029,
            0.9875713866601282
        ],
        "sec_dpa3": [
            0.9892829780712611,
            0.9904905551113616,
            0.9895045247850318,
            0.9882865181222517,
            0.9906788542196778
        ],
        "sec_dpb1": [
            0.9958637811253972,
            0.9971529608911628,
            0.9939062761028407,
            0.9953928056049682,
            0.9970163841610216
        ],
        "sec_dpb2": [
            0.9944645271666721,
            0.9962743349741262,
            0.9926025629967673,
            0.9938217299758907,
            0.9944953894429233
        ],
        "sec_dpb3": [
            0.9949657731786226,
            0.9965984680574046,
            0.9959885463262842,
            0.9907621140685364,
            0.99037955620997
        ]
    },
    "i_cub": {
        "s2s_dba1": [
            0.6622828282828283,
            0.6685075757575757,
            0.6690151515151516,
            0.6587449494949494,
            0.662635101010101
        ],
        "s2s_dba2": [
            0.6512348484848485,
            0.642409090909091,
            0.6582335858585858,
            0.6532032828282829,
            0.6470631313131312
        ],
        "s2s_dba3": [
            0.6431287878787879,
            0.6330315656565656,
            0.6452348484848486,
            0.6447260101010102,
            0.6403497474747475
        ],
        "s2s_dp00": [
            0.6753636363636363,
            0.6779810606060608,
            0.6655858585858586,
            0.6631414141414141,
            0.6702613636363637
        ],
        "s2s_dpa1": [
            0.6581843434343435,
            0.6783118686868687,
            0.7005366161616162,
            0.676415404040404,
            0.6621767676767678
        ],
        "s2s_dpa2": [
            0.6749368686868686,
            0.6669015151515151,
            0.6672664141414141,
            0.6585366161616162,
            0.6622588383838384
        ],
        "s2s_dpa3": [
            0.6626540404040404,
            0.6563169191919193,
            0.6542664141414142,
            0.6613838383838383,
            0.6551426767676767
        ],
        "s2s_dpb1": [
            0.6628055555555555,
            0.6687297979797981,
            0.6715618686868686,
            0.6648068181818182,
            0.6591186868686869
        ],
        "s2s_dpb2": [
            0.6631161616161617,
            0.6568358585858586,
            0.6603497474747475,
            0.6706957070707071,
            0.656554292929293
        ],
        "s2s_dpb3": [
            0.6494873737373738,
            0.669800505050505,
            0.6539103535353535,
            0.6626641414141414,
            0.6376199494949495
        ],
        "sec_dba1": [
            0.997,
            0.9941287878787878,
            0.99625,
            0.99625,
            0.9936287878787878
        ],
        "sec_dba2": [
            0.9925,
            0.9952575757575758,
            0.99575,
            0.994090909090909,
            0.99375
        ],
        "sec_dba3": [
            0.9893787878787879,
            0.9919696969696968,
            0.9911666666666668,
            0.9925,
            0.9949621212121212
        ],
        "sec_dp00": [
            0.9970833333333333,
            0.9966666666666667,
            0.9966666666666666,
            0.9970454545454546,
            0.9958333333333335
        ],
        "sec_dpa1": [
            0.9966666666666666,
            0.994090909090909,
            0.99625,
            0.9941287878787878,
            0.9970454545454546
        ],
        "sec_dpa2": [
            0.9945833333333333,
            0.9966666666666666,
            0.99625,
            0.9945833333333333,
            0.9932954545454545
        ],
        "sec_dpa3": [
            0.9945833333333333,
            0.9945075757575756,
            0.99625,
            0.9941287878787878,
            0.9958333333333335
        ],
        "sec_dpb1": [
            0.99625,
            0.9947651515151514,
            0.9954166666666667,
            0.9966287878787878,
            0.99625
        ],
        "sec_dpb2": [
            0.9970833333333333,
            0.9965909090909091,
            0.9969999999999999,
            0.995,
            0.9954166666666667
        ],
        "sec_dpb3": [
            0.9953787878787879,
            0.9945075757575758,
            0.9961666666666666,
            0.9975,
            0.9924621212121213
        ]
    },
    "r_awa": {
        "s2s_dba1": [
            0.8326467952739209,
            0.8180026698304406,
            0.8165988057878802,
            0.8229976765962111,
            0.8133630580598507
        ],
        "s2s_dba2": [
            0.8172170602656198,
            0.8057418602001184,
            0.823005949506401,
            0.8124221795422227,
            0.8193247476131191
        ],