{
    "i_awa": {
        "s2s_dba1": [
            0.6393322094200317,
            0.6294051597216082,
            0.6201391239902058,
            0.6435480667922806,
            0.6278112350441429
        ],
        "s2s_dba2": [
            0.6474955481713254,
            0.6519580535143358,
            0.6418494352036133,
            0.6503504904846333,
            0.6458735486353636
        ],
        "s2s_dba3": [
            0.6009145911287397,
            0.6383880164541474,
            0.6228834466567386,
            0.6304244725721264,
            0.6373600792617062
        ],
        "s2s_dp00": [
            0.6114322267483909,
            0.5895366247504954,
            0.5972210267700989,
            0.5895594366799803,
            0.589256173978072
        ],
        "s2s_dpa1": [
            0.6241273195353739,
            0.6016858455689078,
            0.6178008368600182,
            0.6031183179431887,
            0.6146977098895444
        ],
        "s2s_dpa2": [
            0.6489267345936998,
            0.6458002169858882,
            0.6492799566196171,
            0.637339241832889,
            0.6461353479849008
        ],
        "s2s_dpa3": [
            0.6406753186497789,
            0.6379375765457921,
            0.6567692635713136,
            0.642269540458074,
            0.6485833011509176
        ],
        "s2s_dpb1": [
            0.5848121461147333,
            0.6079926123285715,
            0.6017824161193154,
            0.6030512095988118,
            0.6107808077796002
        ],
        "s2s_dpb2": [
            0.6011499260671893,
            0.578839730976783,
            0.6106452497002792,
            0.6170552260439127,
            0.5914395613975162
        ],
        "s2s_dpb3": [
            0.6168362758170051,
            0.6133319434068383,
            0.5986811162900714,
            0.6416263428837587,
            0.6190011245737541
        ],
        "sec_dba1": [
            0.4875065351174749,
            0.5123836008401288,
            0.4681963320197366,
            0.5185392155549957,
            0.553077075409284
        ],
        "sec_dba2": [
            0.5047013084022177,
            0.4880479867777735,
            0.48022089565209947,
            0.4898994374572752,
            0.5077237211590044
        ],
        "sec_dba3": [
            0.42227320091496123,
            0.5237098913691001,
            0.4497918966144414,
            0.465036395811236,
            0.48843436046954836
        ],
        "sec_dp00": [
            0.4448694240469845,
            0.42317099516611106,
            0.4233110267214903,
            0.43254684566998636,
            0.43016429680094975
        ],
        "sec_dpa1": [
            0.4825968677539598,
            0.4841521305299662,
            0.48546342833312467,
            0.5380630761260301,
            0.48762984028148426
        ],
        "sec_dpa2": [
            0.5105400619325677,
            0.45006213354524865,
            0.4991416303368875,
            0.4470425753223352,
            0.5466759296797938
        ],
        "sec_dpa3": [
            0.4939346622814279,
            0.5042689293944282,
            0.46679662821602114,
            0.5550345218421336,
            0.519047798511242
        ],
        "sec_dpb1": [
            0.43582217821867547,
            0.423566743214435,
            0.41670559328766393,
            0.4003078453415533,
            0.3779960123216186
        ],
        "sec_dpb2": [
            0.4359061997263693,
            0.4018980503375515,
            0.44698882644729226,
            0.3958269336869795,
            0.4260266581441534
        ],
        "sec_dpb3": [
            0.4562588380128109,
            0.41877401115245455,
            0.44191202140437474,
            0.44908433730111663,
            0.3944314326561238
        ]
    },
    "i_cub": {
        "s2s_dba1": [
            0.22455555555555556,
            0.2236628787878788,
            0.21005176767676764,
            0.22245833333333334,
            0.22776136363636368
        ],
        "s2s_dba2": [
            0.23135353535353537,
            0.22402398989898992,
            0.24484848484848484,
            0.2501843434343434,
            0.24725252525252522
        ],
        "s2s_dba3": [
            0.20323232323232326,
            0.24910479797979795,
            0.2204078282828283,
            0.2197260101010101,
            0.22987752525252525
        ],
        "s2s_dp00": [
            0.2087373737373737,
            0.1975050505050505,
            0.20741035353535353,
            0.18040025252525255,
            0.1882361111111111
        ],
        "s2s_dpa1": [
            0.21947979797979797,
            0.19997853535353535,
            0.20785479797979797,
            0.2297790404040404,
            0.21326010101010098
        ],
        "s2s_dpa2": [
            0.21597727272727274,
            0.2171439393939394,
            0.22528914141414141,
            0.2154027777777778,
            0.24214772727272726
        ],
        "s2s_dpa3": [
            0.22727272727272727,
            0.23890404040404042,
            0.21317424242424246,
            0.2040113636363636,
            0.2104621212121212
        ],
        "s2s_dpb1": [
            0.19549999999999998,
            0.1778308080808081,
            0.19603282828282828,
            0.2082171717171717,
            0.20420959595959595
        ],
        "s2s_dpb2": [
            0.21945202020202018,
            0.19372095959595959,
            0.22360732323232327,
            0.19536742424242426,
            0.20786994949494947
        ],
        "s2s_dpb3": [
            0.22272474747474746,
            0.211104797979798,
            0.18029924242424245,
            0.23492424242424242,
            0.21706818181818183
        ],
        "sec_dba1": [
            0.1514570707070707,
            0.15008838383838385,
            0.1658030303030303,
            0.1556262626262626,
            0.15103535353535352
        ],
        "sec_dba2": [
            0.14503535353535355,
            0.1523232323232323,
            0.14748737373737375,
            0.16502525252525252,
            0.15025
        ],
        "sec_dba3": [
            0.1397651515151515,
            0.13580808080808082,
            0.15748232323232322,
            0.12401515151515151,
            0.1371590909090909
        ],
        "sec_dp00": [
            0.12832575757575757,
            0.1435909090909091,
            0.1563308080808081,
            0.1508800505050505,
            0.1381969696969697
        ],
        "sec_dpa1": [
            0.14870959595959596,
            0.1364848484848485,
            0.13882323232323235,
            0.1325909090909091,
            0.1413939393939394
        ],
        "sec_dpa2": [
            0.14617171717171715,
            0.15841414141414142,
            0.16287373737373734,
            0.1564671717171717,
            0.14407828282828283
        ],
        "sec_dpa3": [
            0.15876767676767678,
            0.1551489898989899,
            0.1695328282828283,
            0.1500479797979798,
            0.14086868686868687
        ],
        "sec_dpb1": [
            0.13710606060606062,
            0.16089646464646465,
            0.15625757575757576,
            0.12270454545454544,
            0.15065151515151518
        ],
        "sec_dpb2": [
            0.12134848484848484,
            0.14818939393939395,
            0.13796717171717174,
            0.1376060606060606,
            0.11973232323232325
        ],
        "sec_dpb3": [
            0.13549999999999998,
            0.15783838383838383,
            0.12470707070707071,
            0.1592929292929293,
            0.13733333333333334
        ]
    },
    "r_awa": {
        "s2s_dba1": [
            0.6562492556268711,
            0.6604730252797776,
            0.6697248663105835,
            0.677324749064887,
            0.6546662844503716
        ],