{
    "i_awa": {
        "s2s_dba1": [
            0.746266990348095,
            0.7666525643510432,
            0.7530295547941503,
            0.757138196419383,
            0.7435135797628999
        ],
        "s2s_dba2": [
            0.7628502558225025,
            0.7558281662167432,
            0.7487990792345967,
            0.7463967465501277,
            0.7460848027124757
        ],
        "s2s_dba3": [
            0.742676072247858,
            0.7454649159100613,
            0.7527004585437741,
            0.7405971437287876,
            0.7493897713896941
        ],
        "s2s_dp00": [
            0.748050571719951,
            0.7420568562507167,
            0.7587439164784285,
            0.7527424746723311,
            0.7555838672045238
        ],
        "s2s_dpa1": [
            0.7547213004620232,
            0.7477999683738029,
            0.7460853268355143,
            0.7537955618580219,
            0.743886499332167
        ],
        "s2s_dpa2": [
            0.7485053784078177,
            0.7620483995054066,
            0.7494233836478358,
            0.7542856899340943,
            0.7534124570197812
        ],
        "s2s_dpa3": [
            0.7578376464097911,
            0.7538097169842058,
            0.7591594983185971,
            0.7502925480309751,
            0.7427792159014623
        ],
        "s2s_dpb1": [
            0.7392057566355856,
            0.7440076980163539,
            0.7559854149909284,
            0.752145358649428,
            0.7447164397698234
        ],
        "s2s_dpb2": [
            0.7380083260623728,
            0.7605597805587208,
            0.7561775254881067,
            0.742819260121493,
            0.7591310847463957
        ],
        "s2s_dpb3": [
            0.7543170406340601,
            0.7733465150089756,
            0.7379011232726738,
            0.7497365725019448,
            0.756252917082655
        ],
        "sec_dba1": [
            0.8858466799003779,
            0.891810160486078,
            0.8735997816746983,
            0.8888316591068127,
            0.8705372246784555
        ],
        "sec_dba2": [
            0.8870995002507958,
            0.8800979594871065,
            0.8720840889693113,
            0.8802305517400326,
            0.8858812064417517
        ],
        "sec_dba3": [
            0.8818848485468331,
            0.8615957109824861,
            0.8660897511426687,
            0.8753941950958122,
            0.8616521545536233
        ],
        "sec_dp00": [
            0.8996627483614168,
            0.9093625127431859,
            0.8919208529832252,
            0.8931569292792402,
            0.8969873329363502
        ],
        "sec_dpa1": [
            0.8980132708842669,
            0.8823454036574547,
            0.885235111653075,
            0.9083977926549979,
            0.9062923488083493
        ],
        "sec_dpa2": [
            0.892838748527289,
            0.8698400915621788,
            0.8748775573260859,
            0.8879381937048705,
            0.8867235755289181
        ],
        "sec_dpa3": [
            0.8631474535273853,
            0.8793284061977676,
            0.8915195197690915,
            0.8972489956591637,
            0.8876237081824766
        ],
        "sec_dpb1": [
            0.8985500382334115,
            0.8672920008243181,
            0.8889119414754195,
            0.865899052270445,
            0.8751174759712508
        ],
        "sec_dpb2": [
            0.871138102147613,
            0.8691116040778369,
            0.8798392357751845,
            0.8724315443193988,
            0.8634011481218561
        ],
        "sec_dpb3": [
            0.8704862915383202,
            0.8488329400148809,
            0.8591116135137393,
            0.8718359444180578,
            0.8734865097802522
        ]
    },
    "i_cub": {
        "s2s_dba1": [
            0.4392878787878787,
            0.4383219696969697,
            0.42974873737373737,
            0.42082828282828283,
            0.44125252525252523
        ],
        "s2s_dba2": [
            0.436520202020202,
            0.42329797979797973,
            0.4381515151515152,
            0.4198219696969697,
            0.4101666666666667
        ],
        "s2s_dba3": [
            0.4251969696969697,
            0.4026717171717171,
            0.40151641414141415,
            0.4334027777777778,
            0.4080681818181819
        ],
        "s2s_dp00": [
            0.4083030303030303,
            0.41601262626262625,
            0.39961616161616165,
            0.43542803030303034,
            0.4112058080808081
        ],
        "s2s_dpa1": [
            0.4406818181818182,
            0.4479810606060606,
            0.45033964646464647,
            0.4277462121212121,
            0.40412878787878787
        ],
        "s2s_dpa2": [
            0.43990909090909086,
            0.4413661616161616,
            0.4345669191919191,
            0.4230214646464646,
            0.43447095959595955
        ],
        "s2s_dpa3": [
            0.44142676767676775,
            0.4406805555555555,
            0.39956691919191917,
            0.41733080808080814,
            0.42545075757575757
        ],
        "s2s_dpb1": [
            0.4124116161616162,
            0.41028409090909096,
            0.41212373737373736,
            0.43272853535353534,
            0.43266919191919184
        ],
        "s2s_dpb2": [
            0.43494444444444447,
            0.42166792929292923,
            0.42208080808080806,
            0.42254671717171716,
            0.40714646464646465
        ],
        "s2s_dpb3": [
            0.39522474747474745,
            0.4238813131313131,
            0.39196590909090906,
            0.4152272727272727,
            0.42506565656565654
        ],
        "sec_dba1": [
            0.7071818181818181,
            0.7056325757575758,
            0.7116780303030303,
            0.684330808080808,
            0.6830883838383838
        ],
        "sec_dba2": [
            0.6492727272727273,
            0.6317007575757576,
            0.641659090909091,
            0.6663345959595959,
            0.6467550505050506
        ],
        "sec_dba3": [
            0.634,
            0.597104797979798,
            0.6283042929292929,
            0.5732361111111111,
            0.5803434343434344
        ],
        "sec_dp00": [
            0.7599621212121211,
            0.7581212121212121,
            0.7761944444444444,
            0.7879318181818181,
            0.7466893939393938
        ],
        "sec_dpa1": [
            0.7376767676767676,
            0.7212348484848485,
            0.7227436868686868,
            0.7020126262626263,
            0.739189393939394
        ],
        "sec_dpa2": [
            0.7065530303030303,
            0.6763143939393939,
            0.6875227272727272,
            0.6874785353535353,
            0.6744179292929292
        ],
        "sec_dpa3": [
            0.6683712121212122,
            0.6725075757575758,
            0.6759621212121212,
            0.650425505050505,
            0.6640959595959596
        ],
        "sec_dpb1": [
            0.7122424242424242,
            0.7067361111111111,
            0.6994128787878787,
            0.6931174242424243,
            0.677439393939394
        ],
        "sec_dpb2": [
            0.6638560606060606,
            0.6486401515151516,
            0.6795568181818181,
            0.6752474747474748,
            0.6637512626262625
        ],
        "sec_dpb3": [
            0.6441060606060606,
            0.6874734848484849,
            0.6547310606060606,
            0.6451881313131312,
            0.657513888888889
        ]
    },
    "r_awa": {
        "s2s_dba1": [
            0.7788881232860753,
            0.7701549972760994,
            0.7655446960910662,
            0.7832017686240305,
            0.7655817827953392
        ],