{
    "i_awa": {
        "s2s_dba1": [
            0.7704646240586385,
            0.79056855319525,
            0.7884785211852859,
            0.7848224446624466,
            0.772326151237221
        ],
        "s2s_dba2": [
            0.7743695850475022,
            0.7890119771188724,
            0.7654204875295261,
            0.771701906422943,
            0.7797615364812442
        ],
        "s2s_dba3": [
            0.7758264370534667,
            0.7781547125913458,
            0.7751372170490594,
            0.7698575622839295,
            0.7773356392327102
        ],
        "s2s_dp00": [
            0.7892958072777715,
            0.7784004738196074,
            0.788801242951522,
            0.7886252524121954,
            0.7885918329847259
        ],
        "s2s_dpa1": [
            0.7748269191106096,
            0.7815284425074777,
            0.7890967116219116,
            0.7933299192550299,
            0.7808507049465273
        ],
        "s2s_dpa2": [
            0.7871565644490863,
            0.780968207333532,
            0.7826073146540515,
            0.7765585177047626,
            0.7722989099418963
        ],
        "s2s_dpa3": [
            0.7905282135787134,
            0.7821972360635455,
            0.7814371784420789,
            0.781729760727344,
            0.7787033571037622
        ],
        "s2s_dpb1": [
            0.7955186448464644,
            0.7811688502430367,
            0.7769530798760239,
            0.7878688951782675,
            0.7802638333932239
        ],
        "s2s_dpb2": [
            0.773220495307076,
            0.7866606558565082,
            0.7854255687689018,
            0.7850264635457933,
            0.7915153739434712
        ],
        "s2s_dpb3": [
            0.7779504424946451,
            0.7745235940242339,
            0.7860607756862115,
            0.7865232373865527,
            0.7903574336212661
        ],
        "vse_dba1": [
            0.9617728269351788,
            0.9592374961374951,
            0.9516003682811143,
            0.9571254287905117,
            0.9622650029031681
        ],
        "vse_dba2": [
            0.9542942971414994,
            0.9539984194934705,
            0.9526129394206707,
            0.9575684460973855,
            0.9456716131549634
        ],
        "vse_dba3": [
            0.9502488585467116,
            0.9462218000534369,
            0.942953732413051,
            0.9452555452844048,
            0.9403548224759665
        ],
        "vse_dp00": [
            0.9744903165505309,
            0.9754144901919654,
            0.9747298557848738,
            0.9723170301641939,
            0.9750577344178827
        ],
        "vse_dpa1": [
            0.9688880564298127,
            0.9601683805493687,
            0.9666635069831395,
            0.9655549021661369,
            0.9620627156872352
        ],
        "vse_dpa2": [
            0.9499122910722325,
            0.9682963698758473,
            0.9685399171178196,
            0.9618655798485883,
            0.9584123486645049
        ],
        "vse_dpa3": [
            0.9572944463856595,
            0.9644256986679187,
            0.9591739328807668,
            0.9530172181832736,
            0.9582524248519095
        ],
        "vse_dpb1": [
            0.9674230874874017,
            0.9647062267436444,
            0.9593860419001642,
            0.9668260067936177,
            0.9638216831606239
        ],
        "vse_dpb2": [
            0.9632994663034138,
            0.9610293730206654,
            0.9543760803884528,
            0.9582578453989724,
            0.9612634016234073
        ],
        "vse_dpb3": [
            0.9642986405395843,
            0.9627076274971249,
            0.9565937227695754,
            0.9529881567258,
            0.959809079807355
        ]
    },
    "i_cub": {
        "s2s_dba1": [
            0.5096641414141414,
            0.522080808080808,
            0.522871212121212,
            0.5328194444444444,
            0.527455808080808
        ],
        "s2s_dba2": [
            0.5300858585858585,
            0.523415404040404,
            0.5158472222222222,
            0.5030782828282828,
            0.5037424242424242
        ],
        "s2s_dba3": [
            0.49968939393939393,
            0.5049747474747475,
            0.5113434343434343,
            0.49823989898989895,
            0.4871969696969697
        ],
        "s2s_dp00": [
            0.5274621212121212,
            0.5061477272727273,
            0.5255782828282828,
            0.537760101010101,
            0.5122525252525252
        ],
        "s2s_dpa1": [
            0.5270934343434344,
            0.5287133838383837,
            0.5547790404040405,
            0.5248914141414142,
            0.5297386363636364
        ],
        "s2s_dpa2": [
            0.5359368686868686,
            0.5523308080808081,
            0.5230138888888889,
            0.5119987373737374,
            0.5139570707070708
        ],
        "s2s_dpa3": [
            0.5128611111111111,
            0.5252916666666667,
            0.52114898989899,
            0.5316401515151515,
            0.5287853535353535
        ],
        "s2s_dpb1": [
            0.49835101010101013,
            0.51925,
            0.5162878787878787,
            0.5296919191919192,
            0.5160530303030303
        ],
        "s2s_dpb2": [
            0.513449494949495,
            0.525885101010101,
            0.48656565656565653,
            0.496280303030303,
            0.529219696969697
        ],
        "s2s_dpb3": [
            0.5023560606060606,
            0.5347184343434344,
            0.49294444444444435,
            0.5123636363636364,
            0.5119040404040404
        ],
        "vse_dba1": [
            0.905,
            0.9116666666666666,
            0.9109507575757576,
            0.8842272727272728,
            0.897232323232323
        ],
        "vse_dba2": [
            0.8776439393939393,
            0.8908181818181817,
            0.8713219696969696,
            0.8606098484848484,
            0.8824141414141414
        ],
        "vse_dba3": [
            0.8258030303030304,
            0.8420555555555554,
            0.8556704545454545,
            0.8258636363636362,
            0.8483484848484848
        ],
        "vse_dp00": [
            0.939060606060606,
            0.942409090909091,
            0.9276401515151513,
            0.9341515151515151,
            0.9342500000000001
        ],
        "vse_dpa1": [
            0.9231893939393939,
            0.9061818181818182,
            0.9254090909090908,
            0.9182727272727272,
            0.9311590909090909
        ],
        "vse_dpa2": [
            0.9079015151515151,
            0.9018939393939394,
            0.9038181818181817,
            0.9010580808080809,
            0.9099469696969698
        ],
        "vse_dpa3": [
            0.8836085858585858,
            0.8980530303030304,
            0.8719166666666667,
            0.8752575757575758,
            0.8846363636363637
        ],
        "vse_dpb1": [
            0.8976363636363637,
            0.9170075757575757,
            0.9161136363636363,
            0.9170454545454545,
            0.9196742424242424
        ],
        "vse_dpb2": [
            0.9057272727272728,
            0.9142651515151514,
            0.8953560606060605,
            0.8897272727272727,
            0.9015833333333333
        ],
        "vse_dpb3": [
            0.872739898989899,
            0.8956452020202019,
            0.8723724747474748,
            0.8894469696969697,
            0.9012777777777778
        ]
    },
    "r_awa": {
        "s2s_dba1": [
            0.799213436718522,
            0.7971509108792919,
            0.804566429932395,
            0.7903422552395913,
            0.784496858343842
        ],