{
    "i_awa": {
        "s2s_dba1": [
            0.6059190508805721,
            0.5816632176096238,
            0.5987939155131327,
            0.6068079343651709,
            0.6122536937127828
        ],
        "s2s_dba2": [
            0.5958967138081167,
            0.5995146812480301,
            0.6036920417676989,
            0.6030761545259168,
            0.6004089317640809
        ],
        "s2s_dba3": [
            0.5867193095387312,
            0.6116452327096178,
            0.5714499781707204,
            0.5697768641141999,
            0.5891875109632528
        ],
        "s2s_dp00": [
            0.5177894620207746,
            0.5351874969369185,
            0.573746948036784,
            0.5324433145528451,
            0.5286694506674429
        ],
        "s2s_dpa1": [
            0.5842479976662626,
            0.5753219127816382,
            0.5724397382123145,
            0.5412300380680312,
            0.5681756391291366
        ],
        "s2s_dpa2": [
            0.6051078045677495,
            0.6066952501274627,
            0.5934269301925981,
            0.5817197916121579,
            0.6018264782976395
        ],
        "s2s_dpa3": [
            0.5961081786042106,
            0.5859228014210539,
            0.5582896629487145,
            0.5935116197586239,
            0.5972926826011162
        ],
        "s2s_dpb1": [
            0.4928242654569955,
            0.5428307407999313,
            0.5451910882362612,
            0.541081266533583,
            0.5374796782791667
        ],
        "s2s_dpb2": [
            0.5632492003556372,
            0.554909818521348,
            0.5651195828014839,
            0.558962875849758,
            0.5543798939100132
        ],
        "s2s_dpb3": [
            0.5816181326700578,
            0.5466579532285486,
            0.58971304215271,
            0.5658617075856819,
            0.5716961244050143
        ],
        "sec_dba1": [
            0.37183872083834807,
            0.43119461743710324,
            0.42449401707520246,
            0.382629228756058,
            0.40903451153999176
        ],
        "sec_dba2": [
            0.45163828099742914,
            0.40295505771261303,
            0.3633678286416175,
            0.3906655977974026,
            0.42813126603726176
        ],
        "sec_dba3": [
            0.3373219711952488,
            0.3900010746598108,
            0.37460457088112376,
            0.38263481592497245,
            0.3808877195881539
        ],
        "sec_dp00": [
            0.31485698766505493,
            0.2649611198812034,
            0.2768383537225233,
            0.2524063705846422,
            0.27880118059299236
        ],
        "sec_dpa1": [
            0.3388094538536554,
            0.34523113200808303,
            0.40251662843515873,
            0.3621786112625084,
            0.4087303128338512
        ],
        "sec_dpa2": [
            0.40498884549511766,
            0.349029198831442,
            0.40456387521247605,
            0.3807623833031777,
            0.3836484836960167
        ],
        "sec_dpa3": [
            0.37868775722127745,
            0.4357574015254788,
            0.4036477304066481,
            0.4253556429301258,
            0.3884985549003864
        ],
        "sec_dpb1": [
            0.34151966514812665,
            0.28390549508651214,
            0.3136706640321393,
            0.28563503239070065,
            0.29777363623658315
        ],
        "sec_dpb2": [
            0.33126714136470065,
            0.2813855923939041,
            0.2863834708610169,
            0.3134819209693818,
            0.2625057684986898
        ],
        "sec_dpb3": [
            0.34924867209321486,
            0.32132303566643294,
            0.31559904447607107,
            0.28005510577143927,
            0.3567739761448076
        ]
    },
    "i_cub": {
        "s2s_dba1": [
            0.1829419191919192,
            0.18909595959595962,
            0.17425252525252524,
            0.1846868686868687,
            0.18566666666666662
        ],
        "s2s_dba2": [
            0.21428535353535352,
            0.21010479797979797,
            0.17742676767676768,
            0.19336868686868683,
            0.20609722222222224
        ],
        "s2s_dba3": [
            0.2014242424242424,
            0.20899116161616163,
            0.1983661616161616,
            0.16417676767676767,
            0.19435858585858587
        ],
        "s2s_dp00": [
            0.1681540404040404,
            0.1552209595959596,
            0.1550871212121212,
            0.13016666666666668,
            0.1543510101010101
        ],
        "s2s_dpa1": [
            0.17814898989898992,
            0.18560353535353535,
            0.17403661616161614,
            0.1818232323232323,
            0.17382575757575758
        ],
        "s2s_dpa2": [
            0.18112373737373738,
            0.18853535353535356,
            0.1870328282828283,
            0.17334595959595958,
            0.17095959595959598
        ],
        "s2s_dpa3": [
            0.17912121212121213,
            0.1958131313131313,
            0.1932588383838384,
            0.19588510101010098,
            0.18601515151515152
        ],
        "s2s_dpb1": [
            0.16991161616161615,
            0.1636073232323232,
            0.1768813131313131,
            0.16676262626262628,
            0.14901515151515152
        ],
        "s2s_dpb2": [
            0.18122222222222223,
            0.15651262626262627,
            0.15907323232323234,
            0.17490151515151514,
            0.15993939393939394
        ],
        "s2s_dpb3": [
            0.17940151515151517,
            0.17505555555555552,
            0.18674368686868686,
            0.1719709595959596,
            0.1808080808080808
        ],
        "sec_dba1": [
            0.09753787878787878,
            0.09376515151515152,
            0.08998484848484849,
            0.09484595959595961,
            0.08582070707070706
        ],
        "sec_dba2": [
            0.10330050505050505,
            0.11171212121212122,
            0.10882070707070707,
            0.09972727272727272,
            0.10654040404040403
        ],
        "sec_dba3": [
            0.12098737373737373,
            0.1108510101010101,
            0.10213131313131313,
            0.08588131313131314,
            0.10405555555555555
        ],
        "sec_dp00": [
            0.09033333333333332,
            0.11190909090909092,
            0.08560858585858586,
            0.103739898989899,
            0.09394570707070705
        ],
        "sec_dpa1": [
            0.1097121212121212,
            0.10111616161616162,
            0.10722474747474747,
            0.10094696969696969,
            0.09675252525252524
        ],
        "sec_dpa2": [
            0.09347474747474749,
            0.0830479797979798,
            0.10213383838383837,
            0.09366161616161615,
            0.10356818181818182
        ],
        "sec_dpa3": [
            0.10366414141414142,
            0.12228282828282828,
            0.09579040404040404,
            0.1006439393939394,
            0.12406565656565656
        ],
        "sec_dpb1": [
            0.09343434343434343,
            0.09037121212121212,
            0.08124999999999999,
            0.07589646464646466,
            0.08217929292929294
        ],
        "sec_dpb2": [
            0.09243939393939395,
            0.09459343434343434,
            0.08224242424242424,
            0.10106060606060606,
            0.08561616161616162
        ],
        "sec_dpb3": [
            0.09054545454545454,
            0.09055808080808081,
            0.08791666666666666,
            0.09921717171717172,
            0.0913510101010101
        ]
    },