{
    "i_awa": {
        "s2s_dba1": [
            0.7016292689107557,
            0.6984405505851368,
            0.7036168549676398,
            0.6958851602366125,
            0.6950627985382384
        ],
        "s2s_dba2": [
            0.7084514110626996,
            0.6946955109277632,
            0.6926592627809894,
            0.7112429483252872,
            0.7146358598318956
        ],
        "s2s_dba3": [
            0.6881146018612736,
            0.6981246580458036,
            0.6939969739441573,
            0.6931453841618034,
            0.6828025347971761
        ],
        "s2s_dp00": [
            0.6758843137751689,
            0.6625583183789989,
            0.6921414763779892,
            0.685880691609517,
            0.6752666291081691
        ],
        "s2s_dpa1": [
            0.6934210579215417,
            0.7015878244880035,
            0.6931355767799952,
            0.6892514349280201,
            0.7071598652528317
        ],
        "s2s_dpa2": [
            0.7020804198801796,
            0.7091895737893766,
            0.7124494285922556,
            0.7099178450406921,
            0.7053670669402174
        ],
        "s2s_dpa3": [
            0.709876209985319,
            0.7096611540075208,
            0.7121643374133009,
            0.7147550482031031,
            0.6900410203563727
        ],
        "s2s_dpb1": [
            0.6819406886343198,
            0.6632685319260702,
            0.6837712737992679,
            0.6619451839499041,
            0.6748559313086543
        ],
        "s2s_dpb2": [
            0.6797039106526906,
            0.7099881284086935,
            0.6967955945805562,
            0.6954407217565364,
            0.6957500565020989
        ],
        "s2s_dpb3": [
            0.6979228665766173,
            0.6908456563185655,
            0.6891884005410784,
            0.7119476058800904,
            0.6947092698250448
        ],
        "vse_dba1": [
            0.6929260270170507,
            0.6957215976639992,
            0.7282740856591019,
            0.7130706881877568,
            0.7343272965271156
        ],
        "vse_dba2": [
            0.7216629880776889,
            0.7097181746032116,
            0.700951633928585,
            0.7391242913365175,
            0.7186688081204506
        ],
        "vse_dba3": [
            0.7100032283655647,
            0.6710863596516691,
            0.7203032996625783,
            0.6755370922923855,
            0.7112761581216439
        ],
        "vse_dp00": [
            0.7085570261204596,
            0.7118840961598447,
            0.6695048979828073,
            0.6969045304371047,
            0.7156308351952169
        ],
        "vse_dpa1": [
            0.6834957665894378,
            0.7264413621620924,
            0.6806428549373834,
            0.7187607631287994,
            0.7104878793936027
        ],
        "vse_dpa2": [
            0.7240329272126246,
            0.7164077174653923,
            0.701614211934713,
            0.7448353971374989,
            0.7194775180137567
        ],
        "vse_dpa3": [
            0.7315444172617876,
            0.6967145227541627,
            0.7476092554950049,
            0.7560257613557927,
            0.7299295073087009
        ],
        "vse_dpb1": [
            0.6856945174956884,
            0.6415707224576878,
            0.6947629153542753,
            0.6654684470043207,
            0.6535503612944822
        ],
        "vse_dpb2": [
            0.6541904553917519,
            0.6679867370080647,
            0.6838789165455766,
            0.6515913920421329,
            0.649406884614192
        ],
        "vse_dpb3": [
            0.657337448669864,
            0.6585547304333781,
            0.6641403319932645,
            0.6747410873820168,
            0.6755128270064629
        ]
    },
    "i_cub": {
        "s2s_dba1": [
            0.3203055555555555,
            0.31139015151515154,
            0.3153459595959596,
            0.32023358585858586,
            0.3081957070707071
        ],
        "s2s_dba2": [
            0.32512373737373734,
            0.3012853535353536,
            0.30604292929292926,
            0.3227765151515151,
            0.3290252525252525
        ],
        "s2s_dba3": [
            0.30023737373737375,
            0.29496338383838383,
            0.30111237373737376,
            0.3278219696969697,
            0.31225505050505054
        ],
        "s2s_dp00": [
            0.3020959595959596,
            0.2622348484848485,
            0.3143169191919192,
            0.2588434343434343,
            0.27990530303030303
        ],
        "s2s_dpa1": [
            0.3061111111111111,
            0.2923686868686869,
            0.3033876262626262,
            0.2969078282828283,
            0.3146439393939394
        ],
        "s2s_dpa2": [
            0.3002070707070707,
            0.33188762626262625,
            0.31982449494949494,
            0.3164848484848485,
            0.3278055555555555
        ],
        "s2s_dpa3": [
            0.2862550505050505,
            0.31693939393939397,
            0.3283775252525253,
            0.29343055555555553,
            0.30180050505050504
        ],
        "s2s_dpb1": [
            0.26955050505050504,
            0.29435353535353537,
            0.27501136363636364,
            0.29495075757575756,
            0.2625972222222222
        ],
        "s2s_dpb2": [
            0.29241666666666666,
            0.27937121212121213,
            0.30505176767676767,
            0.28977020202020204,
            0.2777058080808081
        ],
        "s2s_dpb3": [
            0.2985883838383839,
            0.3007689393939394,
            0.30237121212121215,
            0.3052575757575758,
            0.3058409090909091
        ],
        "vse_dba1": [
            0.3092979797979798,
            0.32733207070707077,
            0.3294482323232323,
            0.3497525252525253,
            0.3722651515151515
        ],
        "vse_dba2": [
            0.2802348484848485,
            0.3016628787878788,
            0.2966388888888889,
            0.34362878787878787,
            0.325030303030303
        ],
        "vse_dba3": [
            0.2613510101010101,
            0.2662222222222222,
            0.3118611111111111,
            0.269435606060606,
            0.2991540404040404
        ],
        "vse_dp00": [
            0.4113383838383838,
            0.40401641414141415,
            0.3792462121212121,
            0.36879166666666663,
            0.404625
        ],
        "vse_dpa1": [
            0.38480555555555557,
            0.35843560606060604,
            0.37247979797979797,
            0.35467424242424245,
            0.3538421717171717
        ],
        "vse_dpa2": [
            0.35494444444444445,
            0.3341578282828283,
            0.37578282828282833,
            0.39580934343434343,
            0.3588219696969697
        ],
        "vse_dpa3": [
            0.34779797979797983,
            0.35694318181818185,
            0.2768623737373737,
            0.331236111111111,
            0.31606691919191915
        ],
        "vse_dpb1": [
            0.34243181818181817,
            0.34751641414141415,
            0.3062512626262626,
            0.34974494949494955,
            0.3623712121212121
        ],
        "vse_dpb2": [
            0.35284090909090904,
            0.3172967171717172,
            0.33720707070707073,
            0.2647260101010101,
            0.36103030303030303
        ],
        "vse_dpb3": [
            0.2980808080808081,
            0.33522474747474745,
            0.3147676767676768,
            0.31739141414141414,
            0.3173712121212121
        ]
    },
    "r_awa": {
        "s2s_dba1": [
            0.7349731029818511,
            0.7239248471765553,
            0.7236069435741121,
            0.7227115693801526,
            0.7341946804311981
        ],