{
    "i_awa": {
        "s2s_dba1": [
            0.6880463805517727,
            0.6794870494268228,
            0.6787367384504962,
            0.6657026673303149,
            0.6830041465808747
        ],
        "s2s_dba2": [
            0.6892802177386166,
            0.6890288151347197,
            0.6644047534593127,
            0.6704180463014161,
            0.6722780198867297
        ],
        "s2s_dba3": [
            0.689843190669623,
            0.66997648771944,
            0.6800100197586323,
            0.6910158034839644,
            0.6560586148749884
        ],
        "s2s_dp00": [
            0.6559586203984036,
            0.6347199861887006,
            0.6417225884996647,
            0.6408641416391542,
            0.6608300742202783
        ],
        "s2s_dpa1": [
            0.6616388458630408,
            0.6717790515432617,
            0.6802001395503102,
            0.6476543285948559,
            0.677852819487542
        ],
        "s2s_dpa2": [
            0.6835969772516887,
            0.6763875580550198,
            0.6742495016276356,
            0.6926383790944033,
            0.6762800861592285
        ],
        "s2s_dpa3": [
            0.6558575125525613,
            0.6779222003953796,
            0.6749498027932431,
            0.6887718660990473,
            0.6850596465162967
        ],
        "s2s_dpb1": [
            0.6373524181886322,
            0.658157972009778,
            0.6356624007544175,
            0.6399086656716135,
            0.6569740979075468
        ],
        "s2s_dpb2": [
            0.658100554193898,
            0.6651246003476493,
            0.6756441781564816,
            0.6751709599337048,
            0.6654521794305296
        ],
        "s2s_dpb3": [
            0.6760044202535592,
            0.6870884587201609,
            0.6848067844958396,
            0.6824105740303464,
            0.6642213182326
        ],
        "sec_dba1": [
            0.6629597522364308,
            0.616313151601526,
            0.6001627330434527,
            0.6107318699623238,
            0.6002871581251219
        ],
        "sec_dba2": [
            0.6563768398129076,
            0.6368754535606436,
            0.6823779892035502,
            0.6438449721659077,
            0.6667731380974764
        ],
        "sec_dba3": [
            0.6506071340416396,
            0.636410343466105,
            0.6197608515650799,
            0.6399498574790051,
            0.6267572339657556
        ],
        "sec_dp00": [
            0.612331369571121,
            0.5887219512512465,
            0.5564713107992183,
            0.5925677701393368,
            0.5934463055768666
        ],
        "sec_dpa1": [
            0.6344551737543476,
            0.6485086616131749,
            0.6141061007129669,
            0.5976858874501276,
            0.6538920731078419
        ],
        "sec_dpa2": [
            0.6125946836221448,
            0.6417050076103739,
            0.6281944952555899,
            0.611493658167738,
            0.6309820677915865
        ],
        "sec_dpa3": [
            0.6530365068806474,
            0.6156604025682519,
            0.6399772401873203,
            0.6413830808001396,
            0.6372362947227266
        ],
        "sec_dpb1": [
            0.5888457933971756,
            0.5900386719817827,
            0.5851636859546056,
            0.593869470606649,
            0.6100001542243848
        ],
        "sec_dpb2": [
            0.5811216652872324,
            0.5904055335802422,
            0.5828586262100682,
            0.590324768444335,
            0.5398841506504987
        ],
        "sec_dpb3": [
            0.5488973308772072,
            0.6205329285918461,
            0.6097750375774423,
            0.5893641320365129,
            0.5530143436263566
        ]
    },
    "i_cub": {
        "s2s_dba1": [
            0.27958333333333335,
            0.2935189393939394,
            0.2760378787878788,
            0.2662070707070707,
            0.28377525252525254
        ],
        "s2s_dba2": [
            0.3101414141414141,
            0.2623371212121212,
            0.2884141414141414,
            0.27381691919191925,
            0.2770669191919192
        ],
        "s2s_dba3": [
            0.2887272727272727,
            0.27216540404040407,
            0.28546085858585857,
            0.2990530303030303,
            0.27519065656565656
        ],
        "s2s_dp00": [
            0.24035606060606063,
            0.24462373737373738,
            0.24535858585858583,
            0.24867550505050504,
            0.24918560606060605
        ],
        "s2s_dpa1": [
            0.2610909090909091,
            0.28032449494949496,
            0.266270202020202,
            0.2763901515151515,
            0.2749520202020202
        ],
        "s2s_dpa2": [
            0.2706767676767676,
            0.2909305555555555,
            0.2726489898989899,
            0.27663257575757577,
            0.27639646464646467
        ],
        "s2s_dpa3": [
            0.26361111111111113,
            0.28917676767676764,
            0.29615404040404036,
            0.2959722222222222,
            0.26661111111111113
        ],
        "s2s_dpb1": [
            0.25347979797979797,
            0.2771376262626263,
            0.2505770202020202,
            0.23716414141414144,
            0.24716035353535354
        ],
        "s2s_dpb2": [
            0.25729040404040404,
            0.24609343434343436,
            0.283530303030303,
            0.24982070707070705,
            0.24521969696969698
        ],
        "s2s_dpb3": [
            0.2743484848484849,
            0.257979797979798,
            0.2643914141414141,
            0.24329924242424245,
            0.27367297979797983
        ],
        "sec_dba1": [
            0.24556313131313132,
            0.2565138888888889,
            0.28517045454545453,
            0.25722474747474744,
            0.24896969696969698
        ],
        "sec_dba2": [
            0.2721489898989899,
            0.2404368686868687,
            0.25102651515151514,
            0.22649242424242427,
            0.24435353535353535
        ],
        "sec_dba3": [
            0.24291666666666664,
            0.1988800505050505,
            0.22494570707070707,
            0.22111363636363637,
            0.2213169191919192
        ],
        "sec_dp00": [
            0.2586540404040404,
            0.2775921717171717,
            0.27632954545454547,
            0.23515530303030302,
            0.2725353535353536
        ],
        "sec_dpa1": [
            0.2938914141414141,
            0.25365656565656564,
            0.2188207070707071,
            0.2840429292929293,
            0.2601679292929293
        ],
        "sec_dpa2": [
            0.22258080808080805,
            0.2566186868686869,
            0.2294760101010101,
            0.26321717171717174,
            0.2722651515151515
        ],
        "sec_dpa3": [
            0.2643383838383839,
            0.2230959595959596,
            0.2125050505050505,
            0.2117209595959596,
            0.24773611111111107
        ],
        "sec_dpb1": [
            0.2432070707070707,
            0.26534722222222223,
            0.24813005050505052,
            0.24253661616161615,
            0.2653838383838384
        ],
        "sec_dpb2": [
            0.21383838383838383,
            0.23415656565656565,
            0.2069166666666667,
            0.2447979797979798,
            0.20320959595959598
        ],
        "sec_dpb3": [
            0.23683838383838385,
            0.23452777777777778,
            0.2002159090909091,
            0.169760101010101,
            0.21965656565656566
        ]
    },
    "r_awa": {
        "s2s_dba1": [
            0.7069488554600141,
            0.7179341703358689,
            0.71692120407991,
            0.6987969988253951,
            0.7102870302409378
        ],