{
    "i_awa": {
        "s2s_dba1": [
            0.5755238746211624,
            0.5684435250083534,
            0.5849294657480971,
            0.5651287836355674,
            0.5729458465029369
        ],
        "s2s_dba2": [
            0.5757093141501026,
            0.5745030393828149,
            0.5799422655474907,
            0.5950155617068158,
            0.5382692896457116
        ],
        "s2s_dba3": [
            0.5382841694424626,
            0.5888096698107379,
            0.5540672926065224,
            0.5796212842430657,
            0.5541817783167551
        ],
        "s2s_dp00": [
            0.5455274534810342,
            0.49470360761257454,
            0.5100757959878927,
            0.41869844418712066,
            0.4623992095945583
        ],
        "s2s_dpa1": [
            0.5570197524334677,
            0.557034788727848,
            0.5464507385277355,
            0.5568171499414425,
            0.5572266119421285
        ],
        "s2s_dpa2": [
            0.6019990162247204,
            0.5689842288727991,
            0.5834287733940707,
            0.5848743483097644,
            0.551782431466876
        ],
        "s2s_dpa3": [
            0.5739495974995433,
            0.5619304692919637,
            0.5873068925424623,
            0.5366733322158116,
            0.5902901214725721
        ],
        "s2s_dpb1": [
            0.48486714133738273,
            0.5152521559333705,
            0.5097660395047086,
            0.522487976562593,
            0.4931680866485432
        ],
        "s2s_dpb2": [
            0.5654257773959105,
            0.5403531665082196,
            0.5373936304984874,
            0.5476749204033953,
            0.5096805359869085
        ],
        "s2s_dpb3": [
            0.5814854717423574,
            0.5395514664302299,
            0.5510298754401706,
            0.5678287302803086,
            0.5403934465958
        ],
        "sec_dba1": [
            0.35433867199566926,
            0.3452946089840762,
            0.3377966456903637,
            0.35748849578417,
            0.35315375385378495
        ],
        "sec_dba2": [
            0.4357889070664354,
            0.37622248965317057,
            0.35588514756803974,
            0.31675682905351465,
            0.38375165296963565
        ],
        "sec_dba3": [
            0.3063333063161063,
            0.2693640339128665,
            0.2674925598751059,
            0.3258542107077214,
            0.3131479461852256
        ],
        "sec_dp00": [
            0.26456961716845856,
            0.20874690662957132,
            0.24481940784362913,
            0.2592977967854843,
            0.23154004223152197
        ],
        "sec_dpa1": [
            0.31941241597324305,
            0.310429785868513,
            0.326344439383856,
            0.32063057029677067,
            0.29971603681666387
        ],
        "sec_dpa2": [
            0.31181978541804906,
            0.37391949887132014,
            0.3816788707268666,
            0.4026260402433513,
            0.3026182131624253
        ],
        "sec_dpa3": [
            0.31276348741560644,
            0.34620223294437275,
            0.38733542816827726,
            0.3840416545849723,
            0.35625714951193077
        ],
        "sec_dpb1": [
            0.27960736123163626,
            0.24514377451247157,
            0.2593352773309543,
            0.26174294848604795,
            0.2611674438410636
        ],
        "sec_dpb2": [
            0.22846597690299045,
            0.265279959788625,
            0.26597285533244824,
            0.2658421993421949,
            0.2534077202063711
        ],
        "sec_dpb3": [
            0.242058258719398,
            0.2669226992087794,
            0.2779538224159005,
            0.29382068256292143,
            0.2388295396302335
        ]
    },
    "i_cub": {
        "s2s_dba1": [
            0.17836868686868687,
            0.17994570707070706,
            0.1858560606060606,
            0.16621843434343433,
            0.17735984848484848
        ],
        "s2s_dba2": [
            0.1703181818181818,
            0.19456818181818178,
            0.1733472222222222,
            0.19681060606060607,
            0.1900252525252525
        ],
        "s2s_dba3": [
            0.17708838383838382,
            0.1714368686868687,
            0.1861060606060606,
            0.2123800505050505,
            0.17131186868686868
        ],
        "s2s_dp00": [
            0.12453535353535353,
            0.1331767676767677,
            0.15060606060606063,
            0.148739898989899,
            0.13786742424242424
        ],
        "s2s_dpa1": [
            0.16902525252525252,
            0.15519191919191921,
            0.16765782828282827,
            0.14997222222222223,
            0.1528042929292929
        ],
        "s2s_dpa2": [
            0.15953535353535353,
            0.17935606060606063,
            0.15799368686868687,
            0.15515151515151515,
            0.18046843434343438
        ],
        "s2s_dpa3": [
            0.16353282828282828,
            0.1749507575757576,
            0.15580176767676768,
            0.19152904040404042,
            0.17832070707070705
        ],
        "s2s_dpb1": [
            0.14212121212121212,
            0.17177651515151518,
            0.13359469696969695,
            0.15103535353535352,
            0.1545719696969697
        ],
        "s2s_dpb2": [
            0.14252777777777778,
            0.14801641414141414,
            0.17227272727272727,
            0.15548358585858582,
            0.15092171717171718
        ],
        "s2s_dpb3": [
            0.17347979797979796,
            0.18083333333333335,
            0.15481439393939395,
            0.1519608585858586,
            0.17418055555555553
        ],
        "sec_dba1": [
            0.07236111111111111,
            0.08726262626262628,
            0.08793686868686869,
            0.09374242424242424,
            0.08985353535353535
        ],
        "sec_dba2": [
            0.07155050505050506,
            0.10571717171717171,
            0.09847474747474746,
            0.08924747474747476,
            0.0825429292929293
        ],
        "sec_dba3": [
            0.10774242424242424,
            0.09223989898989898,
            0.07472979797979798,
            0.0859419191919192,
            0.08495959595959596
        ],
        "sec_dp00": [
            0.07822979797979798,
            0.07678030303030303,
            0.07438131313131313,
            0.07267676767676767,
            0.0680959595959596
        ],
        "sec_dpa1": [
            0.07362121212121212,
            0.08003787878787878,
            0.0804040404040404,
            0.08483585858585858,
            0.08792171717171718
        ],
        "sec_dpa2": [
            0.06066919191919192,
            0.08469949494949494,
            0.08024242424242424,
            0.07969444444444444,
            0.07841919191919192
        ],
        "sec_dpa3": [
            0.08263383838383839,
            0.0773131313131313,
            0.09232575757575757,
            0.08685353535353535,
            0.09511111111111113
        ],
        "sec_dpb1": [
            0.08086363636363636,
            0.05982575757575758,
            0.0805378787878788,
            0.07683585858585858,
            0.05064141414141414
        ],
        "sec_dpb2": [
            0.06340151515151515,
            0.058916666666666666,
            0.07444444444444445,
            0.08243939393939392,
            0.09105808080808081
        ],
        "sec_dpb3": [
            0.08255050505050505,
            0.08128030303030304,
            0.0681338383838384,
            0.07678787878787878,
            0.08921717171717174
        ]
    },