{
    "i_awa": {
        "cat": [
            0.722362172470453,
            0.7222585266821396,
            0.719200950423542,
            0.7199173929872257,
            0.7123160863780273
        ],
        "pca": [
            0.3156135982855572,
            0.4137883248968201,
            0.37959614339276176,
            0.37067500284397303,
            0.4532722850543439
        ],
        "s2s_v1": [
            0.6660885147882489,
            0.6577130394270941,
            0.632072555514917,
            0.6315882536426547,
            0.6293524290234063
        ],
        "s2s_v2": [
            0.6764305755210583,
            0.6584609041953351,
            0.6846934787967622,
            0.6829253631349477,
            0.6845209629596881
        ],
        "sae": [
            0.7466464922908653,
            0.748352190991351,
            0.7569425828002718,
            0.7512321327194761,
            0.7409988091605616
        ],
        "sec_v1": [
            0.5304769114298078,
            0.5223934842006076,
            0.5740830310757628,
            0.588167273121952,
            0.5481981704783451
        ],
        "sec_v2": [
            0.10221742723142972,
            0.1927807598154198,
            0.20002293050090372,
            0.20247723770235657,
            0.21550976714633843
        ],
        "sem": [
            0.14755602910574478,
            0.15718515376586015,
            0.15341384260613822,
            0.15461817195094432,
            0.1538926217241395
        ],
        "vis": [
            0.8596868526179844,
            0.8563588679130697,
            0.8621903537869425,
            0.8586169190989216,
            0.8507028045711611
        ]
    },
    "i_cub": {
        "cat": [
            0.023974747474747468,
            0.022472222222222223,
            0.021535353535353532,
            0.020108585858585853,
            0.022373737373737376
        ],
        "pca": [
            0.010204545454545456,
            0.011333333333333332,
            0.03708585858585858,
            0.02008333333333333,
            0.008484848484848484
        ],
        "s2s_v1": [
            0.24232323232323233,
            0.24076515151515154,
            0.24931060606060604,
            0.24588257575757574,
            0.2528358585858586
        ],
        "s2s_v2": [
            0.07146969696969696,
            0.08766161616161616,
            0.0768169191919192,
            0.06772979797979797,
            0.06980555555555555
        ],
        "sae": [
            0.6675984848484847,
            0.6834621212121212,
            0.6659469696969696,
            0.6567449494949494,
            0.6685000000000001
        ],
        "sec_v1": [
            0.22265404040404044,
            0.18714267676767676,
            0.17955050505050504,
            0.2055227272727273,
            0.21219823232323232
        ],
        "sec_v2": [
            0.020593434343434337,
            0.017083333333333332,
            0.0264520202020202,
            0.023345959595959594,
            0.023270202020202014
        ],
        "sem": [
            0.00875,
            0.008472222222222221,
            0.009772727272727273,
            0.007272727272727273,
            0.01090909090909091
        ],
        "vis": [
            0.6609368686868687,
            0.6695542929292929,
            0.6668560606060606,
            0.6566098484848485,
            0.6745909090909091
        ]
    },
    "r_awa": {
        "cat": [
            0.8147251484605792,
            0.8112473691886933,
            0.8271567259526061,
            0.8198706150934693,
            0.8154072637797658
        ],
        "pca": [
            0.1332550496485242,
            0.14746026191963124,
            0.29060395215119983,
            0.3273296958673464,
            0.3221308935152038
        ],
        "s2s_v1": [
            0.6886683920741572,
            0.6771419516776767,
            0.6805548279095427,
            0.686460645166014,
            0.6904227741282541
        ],
        "s2s_v2": [
            0.7201524575626437,
            0.7199138396512444,
            0.7150961715960734,
            0.7035169391060221,
            0.706529966772372
        ],
        "sae": [
            0.7520881144294207,
            0.7466482138605631,
            0.7369144209015756,
            0.7449615297361284,
            0.7667072944528439
        ],
        "sec_v1": [
            0.5666117042485389,
            0.5354645298740904,
            0.5432144629745601,
            0.5921055398448631,
            0.5146985760322957
        ],
        "sec_v2": [
            0.07458271619425337,
            0.09862220467379539,
            0.1374018280049015,
            0.07083588610711974,
            0.11622922921183867
        ],
        "sem": [
            0.15707876016465983,
            0.16274944460883972,
            0.1612579975091772,
            0.15804055901954578,
            0.16457326850353626
        ],
        "vis": [
            0.8794477939679838,
            0.8815384341612029,
            0.8773427993108035,
            0.8714531166518529,
            0.8783861802066609
        ]
    },
    "r_cub": {
        "cat": [
            0.0243989898989899,
            0.020166666666666666,
            0.024969696969696965,
            0.025138888888888888,
            0.022032828282828282
        ],
        "pca": [
            0.014734848484848486,
            0.0115,
            0.009166666666666665,
            0.012621212121212122,
            0.013068181818181817
        ],
        "s2s_v1": [
            0.20666414141414144,
            0.20095959595959595,
            0.20425505050505052,
            0.21006818181818182,
            0.20791792929292932
        ],
        "s2s_v2": [
            0.031143939393939394,
            0.04106818181818182,
            0.03407575757575757,
            0.04459090909090909,
            0.046207070707070697
        ],
        "sae": [
            0.6235883838383838,
            0.6259835858585859,
            0.623080808080808,
            0.6202929292929293,
            0.6210921717171718
        ],
        "sec_v1": [
            0.2202777777777778,
            0.22931439393939393,
            0.2093737373737374,
            0.2148080808080808,
            0.20521590909090912
        ],
        "sec_v2": [
            0.010492424242424242,
            0.007361111111111111,
            0.010555555555555556,
            0.010593434343434342,
            0.009027777777777777
        ],
        "sem": [
            0.0075,
            0.009305555555555555,
            0.009318181818181817,
            0.010744949494949495,
            0.00875
        ],
        "vis": [
            0.6475252525252526,
            0.6489419191919192,
            0.648385101010101,
            0.6342424242424243,
            0.6595681818181819
        ]
    }
}