{
    "i_awa": {
        "cat": [
            0.5453893226680553,
            0.5315336451063397,
            0.5274086907556386,
            0.5310952733462565,
            0.5337060715782783
        ],
        "pca": [
            0.4365073595376192,
            0.46362016212068213,
            0.38636565173855936,
            0.2767970821221893,
            0.46260726866850077
        ],
        "s2s_v1": [
            0.5714467433688051,
            0.5559739288202427,
            0.5751789961964626,
            0.5425764929967208,
            0.5683319515270435
        ],
        "s2s_v2": [
            0.6225672602419455,
            0.6240335300560585,
            0.6181438816691146,
            0.6009157894457788,
            0.6047784832022791
        ],
        "sae": [
            0.7432637934006422,
            0.7378195163951651,
            0.7582252445014184,
            0.7439887462212981,
            0.755239521192336
        ],
        "sec_v1": [
            0.3517912505060889,
            0.39501808347110057,
            0.42172340714870155,
            0.3283088725994283,
            0.381752228011383
        ],
        "sec_v2": [
            0.04496038649115379,
            0.032498211126668106,
            0.05336416004164624,
            0.04407438824793866,
            0.05896707993915535
        ],
        "sem": [
            0.033362160012187295,
            0.027657544951027537,
            0.03465003972070277,
            0.028794239740727798,
            0.02833414882990911
        ],
        "vis": [
            0.848527402149151,
            0.8695066569091101,
            0.8609330329596193,
            0.842575826635045,
            0.8610035457273578
        ]
    },
    "i_cub": {
        "cat": [
            0.009166666666666667,
            0.010833333333333332,
            0.013181818181818182,
            0.012007575757575757,
            0.01212121212121212
        ],
        "pca": [
            0.04527272727272727,
            0.011287878787878786,
            0.014204545454545454,
            0.01,
            0.010492424242424242
        ],
        "s2s_v1": [
            0.1725580808080808,
            0.1643888888888889,
            0.18679924242424242,
            0.16064015151515154,
            0.16365404040404039
        ],
        "s2s_v2": [
            0.04209090909090909,
            0.0412070707070707,
            0.036621212121212124,
            0.04606060606060605,
            0.03340909090909091
        ],
        "sae": [
            0.6718787878787879,
            0.6731351010101011,
            0.6605151515151515,
            0.686054292929293,
            0.6831148989898989
        ],
        "sec_v1": [
            0.08353787878787879,
            0.08111616161616161,
            0.08592929292929292,
            0.09388383838383837,
            0.09751515151515151
        ],
        "sec_v2": [
            0.007954545454545454,
            0.007916666666666667,
            0.008749999999999999,
            0.010151515151515151,
            0.01347222222222222
        ],
        "sem": [
            0.005833333333333334,
            0.004166666666666667,
            0.004659090909090909,
            0.00375,
            0.004583333333333333
        ],
        "vis": [
            0.6690631313131314,
            0.6677121212121213,
            0.6674684343434342,
            0.6815643939393939,
            0.661310606060606
        ]
    },
    "r_awa": {
        "cat": [
            0.7041404144090968,
            0.6976708872495518,
            0.7020394326134094,
            0.7068647596851008,
            0.7080537641429672
        ],
        "pca": [
            0.22199309072382659,
            0.20449945352013793,
            0.2764941291816781,
            0.1918061139688436,
            0.38101926619504556
        ],
        "s2s_v1": [
            0.6044354953594357,
            0.6282716480202677,
            0.593847790448893,
            0.6202140524900409,
            0.5908839456092074
        ],
        "s2s_v2": [
            0.6565786373079376,
            0.6773617184028847,
            0.6732411599229219,
            0.673935803926032,
            0.6835117247701653
        ],
        "sae": [
            0.7461241494111044,
            0.7428782007126248,
            0.764246825368652,
            0.7499899373667308,
            0.7453515338497063
        ],
        "sec_v1": [
            0.38627908247638304,
            0.37716483468334966,
            0.3934607315393643,
            0.34922917948715954,
            0.35387582050003025
        ],
        "sec_v2": [
            0.026481378482828992,
            0.03382742563701088,
            0.0323249419823135,
            0.04431389327138767,
            0.02857956244612507
        ],
        "sem": [
            0.02810595133265341,
            0.03229546323356757,
            0.028939369376014327,
            0.029877939531503597,
            0.03327577022729105
        ],
        "vis": [
            0.8770595439260537,
            0.875729379532085,
            0.8747499377871848,
            0.8801872696147233,
            0.8811960857008035
        ]
    },
    "r_cub": {
        "cat": [
            0.01087121212121212,
            0.010416666666666668,
            0.01268939393939394,
            0.010227272727272727,
            0.011704545454545454
        ],
        "pca": [
            0.02174242424242424,
            0.013416666666666665,
            0.010454545454545454,
            0.015227272727272726,
            0.021560606060606058
        ],
        "s2s_v1": [
            0.14899242424242423,
            0.16062626262626264,
            0.1449090909090909,
            0.14331565656565654,
            0.17655681818181818
        ],
        "s2s_v2": [
            0.014893939393939393,
            0.02495454545454545,
            0.019047979797979796,
            0.024022727272727272,
            0.022916666666666665
        ],
        "sae": [
            0.6259116161616162,
            0.6151275252525252,
            0.6291641414141415,
            0.619909090909091,
            0.6291085858585859
        ],
        "sec_v1": [
            0.08085858585858587,
            0.09162878787878789,
            0.09735227272727272,
            0.08677525252525253,
            0.08496212121212121
        ],
        "sec_v2": [
            0.005454545454545454,
            0.005833333333333333,
            0.006666666666666666,
            0.006666666666666666,
            0.007575757575757576
        ],
        "sem": [
            0.00625,
            0.005,
            0.005909090909090909,
            0.004583333333333333,
            0.005416666666666666
        ],
        "vis": [
            0.6402752525252525,
            0.6452373737373738,
            0.6510214646464647,
            0.664881313131313,
            0.6350732323232323
        ]
    }
}