{
    "i_awa": {
        "cat": [
            0.8990971560840181,
            0.9059320793947627,
            0.913236496301835,
            0.9064338917037698,
            0.9036622614189938
        ],
        "pca": [
            0.5123824587269769,
            0.4216858586531128,
            0.383133365217097,
            0.36949538768279994,
            0.3736094981112347
        ],
        "s2s_v1": [
            0.7279375784953305,
            0.7200668011988411,
            0.7299844832335318,
            0.7165234249961345,
            0.7152486516509354
        ],
        "s2s_v2": [
            0.7187724322950777,
            0.7189335859396166,
            0.7177285897447523,
            0.7293904742288744,
            0.7182495441855168
        ],
        "sae": [
            0.7319932024565067,
            0.7490844904055578,
            0.7604211786984888,
            0.7351609698797779,
            0.7712118258243733
        ],
        "vse_v1": [
            0.8179383695509049,
            0.7927841402745188,
            0.7852088783422049,
            0.7838054727771884,
            0.7937196551021397
        ],
        "vse_v2": [
            0.6298624684107005,
            0.54176651382915,
            0.443836039672871,
            0.6142029736857003,
            0.44626792226768136
        ],
        "sem": [
            0.6259489287937153,
            0.6190910962492707,
            0.6215169351253719,
            0.6270602152748803,
            0.6211317843125055
        ],
        "vis": [
            0.8570037974975123,
            0.8626553995989292,
            0.8626734866520203,
            0.8543038700320982,
            0.8489351429534331
        ]
    },
    "i_cub": {
        "cat": [
            0.05272727272727273,
            0.05388131313131313,
            0.06145202020202021,
            0.05210732323232323,
            0.0531540404040404
        ],
        "pca": [
            0.019204545454545453,
            0.017916666666666664,
            0.018575757575757575,
            0.008863636363636362,
            0.011287878787878786
        ],
        "s2s_v1": [
            0.3702727272727273,
            0.35826515151515154,
            0.3419065656565657,
            0.3364065656565657,
            0.35591035353535355
        ],
        "s2s_v2": [
            0.1964823232323232,
            0.17533080808080811,
            0.2156780303030303,
            0.18218939393939393,
            0.18425757575757573
        ],
        "sae": [
            0.6833232323232323,
            0.6819646464646464,
            0.6725845959595961,
            0.665054292929293,
            0.673330808080808
        ],
        "vse_v1": [
            0.5187979797979798,
            0.5511363636363636,
            0.5383800505050504,
            0.5448775252525252,
            0.500969696969697
        ],
        "vse_v2": [
            0.1435656565656566,
            0.060767676767676776,
            0.12795075757575758,
            0.1356439393939394,
            0.06262373737373737
        ],
        "sem": [
            0.02211111111111111,
            0.01778787878787879,
            0.01916161616161616,
            0.02061868686868687,
            0.01851010101010101
        ],
        "vis": [
            0.6792929292929293,
            0.6708636363636364,
            0.6540303030303031,
            0.6697449494949496,
            0.6692904040404041
        ]
    },
    "r_awa": {
        "cat": [
            0.9258178944543761,
            0.9305712216820291,
            0.9301412625246068,
            0.9298204234205509,
            0.9273951407274137
        ],
        "pca": [
            0.17900599771181117,
            0.22085613440991264,
            0.1514148569338351,
            0.22190394525352086,
            0.030986758622159164
        ],
        "s2s_v1": [
            0.738237454240158,
            0.7428508827172066,
            0.7451409817870798,
            0.7488776651536216,
            0.738670096232942
        ],
        "s2s_v2": [
            0.7695280441850282,
            0.775954952302158,
            0.7616369403796734,
            0.7558153936227195,
            0.764013327720686
        ],
        "sae": [
            0.7502165660021316,
            0.7570867833179961,
            0.7463959244202921,
            0.7541860401698599,
            0.7580570992211457
        ],
        "vse_v1": [
            0.8283061382648245,
            0.816545615090002,
            0.7987674374868726,
            0.8105098683757335,
            0.8005181301726649
        ],
        "vse_v2": [
            0.4148570003982319,
            0.2293168509618986,
            0.5176744532351741,
            0.5303487284310413,
            0.43593180326847636
        ],
        "sem": [
            0.6239287545145351,
            0.6242661497529595,
            0.6201011451730603,
            0.6387860753458728,
            0.6407395672721862
        ],
        "vis": [
            0.8782179782105137,
            0.8731307624276604,
            0.8854532965922544,
            0.8712281069057526,
            0.8786995715128514
        ]
    },
    "r_cub": {
        "cat": [
            0.0691439393939394,
            0.06543560606060606,
            0.07392045454545454,
            0.06377146464646465,
            0.06465151515151515
        ],
        "pca": [
            0.03893939393939393,
            0.019659090909090907,
            0.009204545454545455,
            0.014363636363636361,
            0.014946969696969696
        ],
        "s2s_v1": [
            0.3296489898989899,
            0.31103156565656565,
            0.30780429292929296,
            0.31289141414141414,
            0.32474242424242417
        ],
        "s2s_v2": [
            0.11736111111111111,
            0.09943686868686868,
            0.12231565656565657,
            0.10529545454545454,
            0.10075252525252525
        ],
        "sae": [
            0.6188156565656565,
            0.6192196969696969,
            0.6313030303030303,
            0.6099633838383838,
            0.6238383838383839
        ],
        "vse_v1": [
            0.5809545454545455,
            0.5601325757575758,
            0.5900075757575758,
            0.5562651515151515,
            0.60427398989899
        ],
        "vse_v2": [
            0.030020202020202023,
            0.027967171717171717,
            0.03243181818181818,
            0.028497474747474744,
            0.03541666666666667
        ],
        "sem": [
            0.01591666666666667,
            0.01975,
            0.018252525252525253,
            0.02496969696969697,
            0.022159090909090913
        ],
        "vis": [
            0.6486666666666667,
            0.6449962121212122,
            0.6440075757575758,
            0.6489368686868687,
            0.6569671717171717
        ]
    }
}