{
    "i_awa": {
        "cat": [
            0.8504743670671375,
            0.8354909238555851,
            0.851940713919641,
            0.843364424976019,
            0.8457204585781751
        ],
        "pca": [
            0.4126424246263331,
            0.32407749888860127,
            0.34825140555684514,
            0.2884258264982193,
            0.268788693686139
        ],
        "s2s_v1": [
            0.6919560944728831,
            0.6841741039612457,
            0.696769807983007,
            0.6974901586430979,
            0.7034746928807167
        ],
        "s2s_v2": [
            0.7041780788254431,
            0.7113894884724378,
            0.7102932161572464,
            0.7004167355720174,
            0.6987133690379831
        ],
        "sae": [
            0.7393113314169746,
            0.7527137945523308,
            0.7362971077003564,
            0.7676942569244197,
            0.745520107530216
        ],
        "vse_v1": [
            0.707320399415781,
            0.6901487390220515,
            0.698118098077984,
            0.7207752244422161,
            0.7125095432901648
        ],
        "vse_v2": [
            0.3937761245418618,
            0.487290564836827,
            0.36577574705368654,
            0.44687163458670276,
            0.32151102841337575
        ],
        "sem": [
            0.4407868629837264,
            0.4293771997099079,
            0.4428143398965601,
            0.43535406426377304,
            0.4378815421617304
        ],
        "vis": [
            0.8537684492042327,
            0.8601664053363366,
            0.8651233608080753,
            0.852846808034551,
            0.8627179322988365
        ]
    },
    "i_cub": {
        "cat": [
            0.039290404040404035,
            0.0419090909090909,
            0.033007575757575756,
            0.03764141414141415,
            0.03369949494949495
        ],
        "pca": [
            0.01674242424242424,
            0.02577272727272727,
            0.02532575757575757,
            0.01765151515151515,
            0.016113636363636365
        ],
        "s2s_v1": [
            0.32330555555555557,
            0.3244520202020202,
            0.30574368686868686,
            0.30433838383838385,
            0.3340530303030303
        ],
        "s2s_v2": [
            0.11580303030303032,
            0.13229545454545455,
            0.14084848484848483,
            0.11984343434343435,
            0.14524494949494948
        ],
        "sae": [
            0.6663181818181818,
            0.6714255050505051,
            0.6668535353535353,
            0.680094696969697,
            0.6835214646464647
        ],
        "vse_v1": [
            0.3974873737373737,
            0.4028901515151515,
            0.3671489898989899,
            0.3649393939393939,
            0.3681590909090909
        ],
        "vse_v2": [
            0.050979797979797986,
            0.05813131313131313,
            0.06837121212121212,
            0.036421717171717174,
            0.08108585858585858
        ],
        "sem": [
            0.0105,
            0.01725,
            0.01518939393939394,
            0.014090909090909091,
            0.014204545454545454
        ],
        "vis": [
            0.6622373737373738,
            0.6566780303030302,
            0.6648623737373737,
            0.6756414141414142,
            0.6733573232323232
        ]
    },
    "r_awa": {
        "cat": [
            0.8937522206169625,
            0.8960737607661057,
            0.8956698026190392,
            0.9001639821573895,
            0.899651860335444
        ],
        "pca": [
            0.18900780410384604,
            0.12225760280510124,
            0.16155348741846506,
            0.3854265454769697,
            0.4402823084263823
        ],
        "s2s_v1": [
            0.7313548600956098,
            0.7194439129740771,
            0.714272146601476,
            0.7444422627834261,
            0.7265830824006173
        ],
        "s2s_v2": [
            0.7519474745315585,
            0.7440480770806756,
            0.7441867511410999,
            0.7459550828900678,
            0.7418517809641249
        ],
        "sae": [
            0.752172876549558,
            0.7567350896264335,
            0.7491985467478791,
            0.7403246175788937,
            0.7571632303922965
        ],
        "vse_v1": [
            0.7066333201720262,
            0.7298381662608685,
            0.7541413375683242,
            0.7035923461881218,
            0.7054201898195858
        ],
        "vse_v2": [
            0.2923244564828052,
            0.30972111339686537,
            0.33102394596987955,
            0.314722496532658,
            0.33237431432551623
        ],
        "sem": [
            0.4450887186196875,
            0.44940823801478685,
            0.44793383118470975,
            0.4384398575802734,
            0.45747466029354333
        ],
        "vis": [
            0.8853348698752294,
            0.8848340727652296,
            0.8639078181258323,
            0.888874723262667,
            0.8777983524497003
        ]
    },
    "r_cub": {
        "cat": [
            0.04536616161616162,
            0.036954545454545455,
            0.046757575757575755,
            0.04001515151515151,
            0.041002525252525256
        ],
        "pca": [
            0.018946969696969695,
            0.01478030303030303,
            0.01925,
            0.024252525252525255,
            0.02451515151515151
        ],
        "s2s_v1": [
            0.29365909090909087,
            0.27503914141414143,
            0.2731666666666667,
            0.25749747474747475,
            0.26884722222222224
        ],
        "s2s_v2": [
            0.09193686868686868,
            0.07338257575757576,
            0.06843939393939394,
            0.07948863636363637,
            0.06768434343434343
        ],
        "sae": [
            0.6195656565656565,
            0.6227777777777779,
            0.6204949494949495,
            0.6103838383838385,
            0.631334595959596
        ],
        "vse_v1": [
            0.3897727272727273,
            0.40485101010101004,
            0.41221717171717176,
            0.38733080808080805,
            0.4180845959595959
        ],
        "vse_v2": [
            0.025441919191919193,
            0.015946969696969696,
            0.024078282828282827,
            0.011843434343434343,
            0.020517676767676768
        ],
        "sem": [
            0.012936868686868686,
            0.018621212121212122,
            0.014924242424242425,
            0.01281060606060606,
            0.015315656565656564
        ],
        "vis": [
            0.6523484848484848,
            0.6375227272727273,
            0.6518068181818183,
            0.6550757575757576,
            0.6434090909090909
        ]
    }
}