{
    "i_awa": {
        "cat": [
            1.0,
            1.0,
            0.9993132335365382,
            0.99914134993842,
            0.9998601398601399
        ],
        "pca": [
            0.25905352270894466,
            0.3660808949699401,
            0.3563446227434751,
            0.31712602317634475,
            0.28301509600536406
        ],
        "s2s_v1": [
            0.8145053115298662,
            0.8196935709484323,
            0.831419295012722,
            0.8189043624758798,
            0.8149017323995643
        ],
        "s2s_v2": [
            0.8071011595148815,
            0.8173217670441142,
            0.8236161626281339,
            0.8264002152887325,
            0.8159609054634288
        ],
        "sae": [
            0.7532999140478108,
            0.7486059841078629,
            0.7431063975385744,
            0.7644384755080926,
            0.744608165109554
        ],
        "vse_v1": [
            0.9956015499158096,
            0.9921710505485352,
            0.9942434695921686,
            0.9912814623972744,
            0.9937287398647132
        ],
        "vse_v2": [
            1.0,
            0.9997202797202798,
            0.9980419580419582,
            0.9996153846153846,
            1.0
        ],
        "sem": [
            1.0,
            1.0,
            1.0,
            1.0,
            1.0
        ],
        "vis": [
            0.858583657433302,
            0.859664629349545,
            0.8659552284279767,
            0.8600642871976507,
            0.8513343422490842
        ]
    },
    "i_cub": {
        "cat": [
            0.9983333333333333,
            0.9995833333333333,
            0.9991666666666665,
            1.0,
            1.0
        ],
        "pca": [
            0.022772727272727274,
            0.012159090909090908,
            0.026181818181818178,
            0.026477272727272728,
            0.011704545454545454
        ],
        "s2s_v1": [
            0.6887525252525254,
            0.6521906565656566,
            0.6762373737373737,
            0.6831401515151515,
            0.6619886363636364
        ],
        "s2s_v2": [
            0.6509368686868686,
            0.6522575757575757,
            0.6545467171717172,
            0.6471388888888889,
            0.658080808080808
        ],
        "sae": [
            0.6792424242424242,
            0.680675505050505,
            0.6752133838383838,
            0.6810328282828283,
            0.6659747474747475
        ],
        "vse_v1": [
            0.9979166666666666,
            0.9945833333333333,
            0.9966666666666666,
            0.9975,
            0.9970454545454547
        ],
        "vse_v2": [
            1.0,
            1.0,
            1.0,
            1.0,
            1.0
        ],
        "sem": [
            1.0,
            1.0,
            1.0,
            1.0,
            1.0
        ],
        "vis": [
            0.6578863636363637,
            0.6761704545454547,
            0.6531502525252526,
            0.6779671717171718,
            0.660486111111111
        ]
    },
    "r_awa": {
        "cat": [
            0.9981964038767923,
            0.9982288548052568,
            0.9959430364507739,
            0.9982091732545243,
            0.997516910128188
        ],
        "pca": [
            0.22794574979199203,
            0.29111132741906615,
            0.1397578797091942,
            0.14209625209457552,
            0.17855652125906318
        ],
        "s2s_v1": [
            0.8258201715046505,
            0.8317244671618456,
            0.8286257991942955,
            0.8252109129167361,
            0.8290543353331556
        ],
        "s2s_v2": [
            0.8209673678645721,
            0.8268532011225014,
            0.8149540266693752,
            0.8205830240751699,
            0.8111317601545097
        ],
        "sae": [
            0.7496565529863857,
            0.763340342788924,
            0.752287561515354,
            0.7563670361723243,
            0.7375368012816785
        ],
        "vse_v1": [
            0.9960557215143987,
            0.9942580357659517,
            0.9946072798416915,
            0.9981584920668208,
            0.997507916918617
        ],
        "vse_v2": [
            0.9994285714285716,
            1.0,
            1.0,
            1.0,
            0.9993548387096775
        ],
        "sem": [
            1.0,
            1.0,
            1.0,
            1.0,
            1.0
        ],
        "vis": [
            0.8858305800586376,
            0.8764120409472338,
            0.8810823290884031,
            0.8726824722143575,
            0.8734028201458899
        ]
    },
    "r_cub": {
        "cat": [
            0.9926666666666665,
            0.9911363636363636,
            0.9939621212121214,
            0.9916666666666667,
            0.9941666666666665
        ],
        "pca": [
            0.03332070707070707,
            0.027204545454545453,
            0.01065909090909091,
            0.019068181818181814,
            0.011446969696969695
        ],
        "s2s_v1": [
            0.6192171717171717,
            0.6006262626262626,
            0.6234242424242424,
            0.6385744949494949,
            0.616179292929293
        ],
        "s2s_v2": [
            0.5708106060606061,
            0.564135101010101,
            0.5777449494949495,
            0.5892335858585858,
            0.5867424242424242
        ],
        "sae": [
            0.6251363636363636,
            0.639070707070707,
            0.6209280303030303,
            0.613300505050505,
            0.6220820707070707
        ],
        "vse_v1": [
            0.9932500000000001,
            0.9918863636363636,
            0.9932954545454544,
            0.9902954545454545,
            0.9911666666666668
        ],
        "vse_v2": [
            0.99875,
            0.9995833333333333,
            1.0,
            1.0,
            1.0
        ],
        "sem": [
            1.0,
            1.0,
            1.0,
            1.0,
            1.0
        ],
        "vis": [
            0.6451414141414142,
            0.65114898989899,
            0.6401931818181817,
            0.6470416666666666,
            0.6497853535353536
        ]
    }
}