{
    "i_awa": {
        "s2s_1l": [
            0.5213672681100122,
            0.5291515451585344,
            0.5205607636999767,
            0.5346973952186731,
            0.5264380225556288
        ],
        "s2s_2l": [
            0.5465716579079711,
            0.5650219953074813,
            0.5686035780349751,
            0.5700786236465286,
            0.5770760745129904
        ],
        "s2s_3l": [
            0.5815739796656283,
            0.5744291007258087,
            0.5962568241456716,
            0.5935036325400318,
            0.5856469566933327
        ],
        "s2s_4l": [
            0.5891626861792701,
            0.5902256974776139,
            0.5945295470383463,
            0.5797123656963387,
            0.6087734051897901
        ],
        "vse_1l": [
            0.3717350252991843,
            0.35586444748607154,
            0.3640155387979345,
            0.36311384778063227,
            0.38232138244479563
        ],
        "vse_2l": [
            0.4132291453946176,
            0.39591863413864514,
            0.42781651327250136,
            0.3781145151446145,
            0.3857622717141125
        ],
        "vse_3l": [
            0.40423802783964236,
            0.44134507145001045,
            0.4570769831163807,
            0.413321029275401,
            0.3564576311367426
        ],
        "vse_4l": [
            0.4158399420912797,
            0.44018513876296406,
            0.41449485592745056,
            0.42151345341571883,
            0.4119495352958174
        ]
    },
    "i_cub": {
        "s2s_1l": [
            0.15238636363636363,
            0.1385770202020202,
            0.15585353535353536,
            0.15168939393939393,
            0.1241489898989899
        ],
        "s2s_2l": [
            0.16480808080808082,
            0.16303030303030305,
            0.17144318181818183,
            0.148760101010101,
            0.1640871212121212
        ],
        "s2s_3l": [
            0.20109343434343432,
            0.2147929292929293,
            0.1881641414141414,
            0.19096717171717173,
            0.19216161616161614
        ],
        "s2s_4l": [
            0.21898737373737373,
            0.22718434343434343,
            0.2195820707070707,
            0.20735353535353532,
            0.25165656565656563
        ],
        "vse_1l": [
            0.0992070707070707,
            0.11170328282828283,
            0.12165782828282827,
            0.1189810606060606,
            0.10634848484848484
        ],
        "vse_2l": [
            0.11882575757575758,
            0.1311022727272727,
            0.13854040404040405,
            0.11247348484848485,
            0.10407954545454544
        ],
        "vse_3l": [
            0.11292171717171716,
            0.11048106060606061,
            0.12828282828282828,
            0.12531060606060607,
            0.10565656565656566
        ],
        "vse_4l": [
            0.1206111111111111,
            0.124,
            0.11106060606060605,
            0.12473484848484848,
            0.10110606060606062
        ]
    },
    "r_awa": {
        "s2s_1l": [
            0.5584708222029647,
            0.5846133296440457,
            0.5919752533485513,
            0.5799716928304537,
            0.5834658196171149
        ],
        "s2s_2l": [
            0.6087788382259816,
            0.6045526244956507,
            0.6314978890926374,
            0.6356657663366283,
            0.605685859535426
        ],
        "s2s_3l": [
            0.6382323168560602,
            0.6342368229503943,
            0.6266690389988928,
            0.6385721305091978,
            0.6418580113599904
        ],
        "s2s_4l": [
            0.6409942052785362,
            0.6474388117142478,
            0.6435118335845145,
            0.639964321339479,
            0.6333502723036226
        ],
        "vse_1l": [
            0.38811265014987767,
            0.39155432807244694,
            0.38265336980942377,
            0.3620325391568585,
            0.37666927370017256
        ],
        "vse_2l": [
            0.44149997191340984,
            0.41465346415088894,
            0.3952165249731602,
            0.4055519670820349,
            0.4547796716461697
        ],
        "vse_3l": [
            0.41901531739492187,
            0.4257800147389617,
            0.4531205327946705,
            0.44432410269019057,
            0.4250901338611247
        ],
        "vse_4l": [
            0.4168650595272846,
            0.42978479409609305,
            0.4174285500332497,
            0.4184593916099166,
            0.4919331856718498
        ]
    },
    "r_cub": {
        "s2s_1l": [
            0.1264419191919192,
            0.13149242424242424,
            0.12315782828282827,
            0.11723989898989899,
            0.11377525252525253
        ],
        "s2s_2l": [
            0.14290656565656565,
            0.14437247474747475,
            0.14873232323232322,
            0.14724873737373737,
            0.14222727272727273
        ],
        "s2s_3l": [
            0.16283080808080808,
            0.15433459595959595,
            0.18243813131313133,
            0.14154040404040402,
            0.17743434343434344
        ],
        "s2s_4l": [
            0.2120782828282828,
            0.2024419191919192,
            0.19355934343434342,
            0.1931729797979798,
            0.21654797979797977
        ],
        "vse_1l": [
            0.13103787878787881,
            0.09050252525252525,
            0.11885858585858586,
            0.09696969696969697,
            0.10477525252525254
        ],
        "vse_2l": [
            0.12862626262626262,
            0.12915909090909092,
            0.1255050505050505,
            0.12858459595959595,
            0.14088131313131314
        ],
        "vse_3l": [
            0.10730555555555554,
            0.09771969696969697,
            0.13935858585858585,
            0.12488131313131313,
            0.1336641414141414
        ],
        "vse_4l": [
            0.12133838383838384,
            0.11587499999999999,
            0.09227020202020203,
            0.09893181818181818,
            0.0963888888888889
        ]
    }
}