{
    "i_awa": {
        "s2s_1l": [
            0.5121977229221248,
            0.5019781399130906,
            0.5084350283171719,
            0.5256517609052422,
            0.47791608824922166
        ],
        "s2s_2l": [
            0.5495538305321416,
            0.5309152940705415,
            0.5572580925728845,
            0.5244666989819378,
            0.5472107128583991
        ],
        "s2s_3l": [
            0.5842479976662626,
            0.5753219127816382,
            0.5724397382123145,
            0.5412300380680312,
            0.5681756391291366
        ],
        "s2s_4l": [
            0.5929503583106195,
            0.5755102194865903,
            0.563571497940093,
            0.5640130236129987,
            0.5530118037346586
        ],
        "sec_1l": [
            0.3190090515874685,
            0.3396369573984511,
            0.3518680457050254,
            0.3082405664150769,
            0.3482848526693427
        ],
        "sec_2l": [
            0.3310099601808838,
            0.35381829377229435,
            0.36423434417109496,
            0.3723633109129878,
            0.3450114428111962
        ],
        "sec_3l": [
            0.3388094538536554,
            0.34523113200808303,
            0.40251662843515873,
            0.3621786112625084,
            0.4087303128338512
        ],
        "sec_4l": [
            0.37139977279880315,
            0.371602960213608,
            0.38705577692664006,
            0.412891531549838,
            0.40440057644642846
        ]
    },
    "i_cub": {
        "s2s_1l": [
            0.12678030303030305,
            0.15016919191919192,
            0.13481060606060608,
            0.1329141414141414,
            0.12947474747474746
        ],
        "s2s_2l": [
            0.15378535353535353,
            0.14618181818181816,
            0.17250883838383843,
            0.14437247474747475,
            0.15682828282828282
        ],
        "s2s_3l": [
            0.17814898989898992,
            0.18560353535353535,
            0.17403661616161614,
            0.1818232323232323,
            0.17382575757575758
        ],
        "s2s_4l": [
            0.20153535353535354,
            0.20845075757575757,
            0.20269191919191917,
            0.2030959595959596,
            0.2041717171717172
        ],
        "sec_1l": [
            0.07721717171717173,
            0.07883964646464646,
            0.06704040404040404,
            0.07623484848484847,
            0.09814141414141414
        ],
        "sec_2l": [
            0.10908838383838383,
            0.11364772727272726,
            0.09605681818181817,
            0.1066540404040404,
            0.08807070707070708
        ],
        "sec_3l": [
            0.1097121212121212,
            0.10111616161616162,
            0.10722474747474747,
            0.10094696969696969,
            0.09675252525252524
        ],
        "sec_4l": [
            0.0947121212121212,
            0.09347979797979798,
            0.08724747474747474,
            0.11055808080808081,
            0.0952979797979798
        ]
    },
    "r_awa": {
        "s2s_1l": [
            0.5514256617721339,
            0.5656174359715824,
            0.5735482760456656,
            0.5543010917766702,
            0.5653763272646161
        ],
        "s2s_2l": [
            0.5761705827489167,
            0.559542369796753,
            0.6148622414542333,
            0.5877779305127429,
            0.5890224838022835
        ],
        "s2s_3l": [
            0.6088468312931198,
            0.6199396633359987,
            0.6284598888739731,
            0.6160682869349343,
            0.6217128205773008
        ],
        "s2s_4l": [
            0.6189227007701592,
            0.628930229667748,
            0.6256650466242043,
            0.6155264580350415,
            0.6115006713497517
        ],
        "sec_1l": [
            0.3489342375426716,
            0.3223256305931688,
            0.3074075918575391,
            0.3082335155409082,
            0.31955040035906235
        ],
        "sec_2l": [
            0.31382241055786386,
            0.35768523862607354,
            0.32135640995612724,
            0.32489911082641226,
            0.3792778789447806
        ],
        "sec_3l": [
            0.3737345125156573,
            0.35070177363716515,
            0.364045978310304,
            0.3694254625216479,
            0.35914111901611223
        ],
        "sec_4l": [
            0.40006649539296246,
            0.3842545042154064,
            0.3661253533786894,
            0.41919540361601654,
            0.3702700040054166
        ]
    },
    "r_cub": {
        "s2s_1l": [
            0.11898737373737374,
            0.10462878787878788,
            0.1165290404040404,
            0.10906439393939393,
            0.11132575757575758
        ],
        "s2s_2l": [
            0.11217171717171716,
            0.13857575757575757,
            0.12420202020202019,
            0.12083585858585856,
            0.12150252525252526
        ],
        "s2s_3l": [
            0.15583838383838383,
            0.14837373737373738,
            0.14535353535353535,
            0.1613308080808081,
            0.17019823232323233
        ],
        "s2s_4l": [
            0.169010101010101,
            0.18782070707070708,
            0.1918396464646465,
            0.1733358585858586,
            0.18729166666666663
        ],
        "sec_1l": [
            0.07439393939393939,
            0.08303535353535355,
            0.09628914141414142,
            0.08722222222222223,
            0.09232070707070708
        ],
        "sec_2l": [
            0.08121717171717173,
            0.09714646464646463,
            0.10212373737373737,
            0.09393939393939395,
            0.10217550505050504
        ],
        "sec_3l": [
            0.09146464646464647,
            0.09090656565656566,
            0.08119444444444446,
            0.09549747474747475,
            0.09228030303030303
        ],
        "sec_4l": [
            0.0727550505050505,
            0.05613636363636363,
            0.08350252525252526,
            0.09384090909090909,
            0.07577525252525252
        ]
    }
}