{
    "i_awa": {
        "s2s_1l": [
            0.6478895147491687,
            0.6334301952429386,
            0.6431708451611219,
            0.6223017013518607,
            0.6238477029513645
        ],
        "s2s_2l": [
            0.6566743356711128,
            0.6645853152585753,
            0.659495864942587,
            0.6573360656074969,
            0.6508128176421721
        ],
        "s2s_3l": [
            0.6616388458630408,
            0.6717790515432617,
            0.6802001395503102,
            0.6476543285948559,
            0.677852819487542
        ],
        "s2s_4l": [
            0.6451907571077503,
            0.6804967315887521,
            0.6738116080685275,
            0.6687468345600943,
            0.6804430599586608
        ],
        "sec_1l": [
            0.654233400005247,
            0.6379615599580465,
            0.6611813802282791,
            0.6370734106403522,
            0.6036700547862848
        ],
        "sec_2l": [
            0.6506537426274135,
            0.6609688422311877,
            0.6698768764610505,
            0.6443965658641027,
            0.606680767347611
        ],
        "sec_3l": [
            0.6344551737543476,
            0.6485086616131749,
            0.6141061007129669,
            0.5976858874501276,
            0.6538920731078419
        ],
        "sec_4l": [
            0.5885735388321518,
            0.6185271731325066,
            0.6051855673813878,
            0.6341414975804586,
            0.6275712084580756
        ]
    },
    "i_cub": {
        "s2s_1l": [
            0.24983080808080807,
            0.23708712121212122,
            0.20740404040404037,
            0.21329924242424242,
            0.222135101010101
        ],
        "s2s_2l": [
            0.24128030303030307,
            0.2312929292929293,
            0.24453914141414138,
            0.24465025252525252,
            0.230885101010101
        ],
        "s2s_3l": [
            0.2610909090909091,
            0.28032449494949496,
            0.266270202020202,
            0.2763901515151515,
            0.2749520202020202
        ],
        "s2s_4l": [
            0.30849747474747474,
            0.2852891414141414,
            0.30969444444444444,
            0.29375,
            0.30218686868686867
        ],
        "sec_1l": [
            0.2890984848484848,
            0.27410858585858583,
            0.2720631313131313,
            0.28618055555555555,
            0.26662247474747475
        ],
        "sec_2l": [
            0.2897777777777778,
            0.26169949494949496,
            0.3024760101010101,
            0.25442045454545453,
            0.2702941919191919
        ],
        "sec_3l": [
            0.2938914141414141,
            0.25365656565656564,
            0.2188207070707071,
            0.2840429292929293,
            0.2601679292929293
        ],
        "sec_4l": [
            0.2761818181818182,
            0.24972727272727271,
            0.25739772727272725,
            0.24226388888888892,
            0.2727992424242424
        ]
    },
    "r_awa": {
        "s2s_1l": [
            0.6781970448480709,
            0.6832665007553527,
            0.6748062418281406,
            0.6848321272504316,
            0.6756578801607717
        ],
        "s2s_2l": [
            0.6895789092647497,
            0.6983482671076818,
            0.6993275343262256,
            0.6911839838242289,
            0.7031000713631859
        ],
        "s2s_3l": [
            0.7046387172153052,
            0.6905572840291931,
            0.7117218227452901,
            0.6996804457418305,
            0.6933523473359344
        ],
        "s2s_4l": [
            0.7191281278319925,
            0.7039873742552991,
            0.7034208780003556,
            0.710365566641314,
            0.7137409423320843
        ],
        "sec_1l": [
            0.6305443284679706,
            0.605570084741623,
            0.635582268576258,
            0.6077650688355964,
            0.6410879113736411
        ],
        "sec_2l": [
            0.7003518329938011,
            0.6492506336764676,
            0.6496087018616449,
            0.6011498580880024,
            0.6930276751635778
        ],
        "sec_3l": [
            0.6521952068199571,
            0.641837812926359,
            0.6542945319272065,
            0.61549451197609,
            0.6845511556581676
        ],
        "sec_4l": [
            0.6002216232728225,
            0.6139173742519418,
            0.6453065589715459,
            0.6109088034964527,
            0.634308880254745
        ]
    },
    "r_cub": {
        "s2s_1l": [
            0.20150757575757575,
            0.21089141414141416,
            0.2167285353535353,
            0.20169444444444445,
            0.19583712121212124
        ],
        "s2s_2l": [
            0.20541919191919192,
            0.22436868686868686,
            0.21427146464646463,
            0.22038257575757578,
            0.2120113636363636
        ],
        "s2s_3l": [
            0.23732323232323232,
            0.22582070707070706,
            0.24444949494949497,
            0.2203787878787879,
            0.23981818181818182
        ],
        "s2s_4l": [
            0.2686742424242424,
            0.24936994949494948,
            0.27979040404040406,
            0.2759583333333333,
            0.27063257575757577
        ],
        "sec_1l": [
            0.2744292929292929,
            0.2781931818181818,
            0.31114772727272727,
            0.3085555555555555,
            0.29968686868686867
        ],
        "sec_2l": [
            0.2635126262626263,
            0.290729797979798,
            0.279074494949495,
            0.31961616161616163,
            0.28620833333333334
        ],
        "sec_3l": [
            0.2933686868686869,
            0.28818560606060606,
            0.25744065656565657,
            0.32653156565656566,
            0.2899507575757576
        ],
        "sec_4l": [
            0.23689393939393938,
            0.3141843434343434,
            0.25666792929292925,
            0.21687247474747476,
            0.24229166666666666
        ]
    }
}