{
    "i_awa": {
        "s2s_1l": [
            0.7986453123753913,
            0.7822736038021081,
            0.79493218956154,
            0.7873319436418302,
            0.7887111030994249
        ],
        "s2s_2l": [
            0.7966208751881806,
            0.7866195066610108,
            0.783007376859462,
            0.7920031506953368,
            0.7957689749000475
        ],
        "s2s_3l": [
            0.7748269191106096,
            0.7815284425074777,
            0.7890967116219116,
            0.7933299192550299,
            0.7808507049465273
        ],
        "s2s_4l": [
            0.7760368461520203,
            0.7866803839826136,
            0.782242906843677,
            0.7756380720974216,
            0.77067134944973
        ],
        "vse_1l": [
            0.9814606356222719,
            0.9768015055826887,
            0.9791908120855863,
            0.9844363380133379,
            0.9798354375650478
        ],
        "vse_2l": [
            0.9804328030379521,
            0.9679566306621158,
            0.9779743707561509,
            0.9748351984407312,
            0.9713292476782408
        ],
        "vse_3l": [
            0.9688880564298127,
            0.9601683805493687,
            0.9666635069831395,
            0.9655549021661369,
            0.9620627156872352
        ],
        "vse_4l": [
            0.9553185552545878,
            0.9553327854332073,
            0.9431913415947946,
            0.9556645509928985,
            0.9535906326341209
        ]
    },
    "i_cub": {
        "s2s_1l": [
            0.49869696969696975,
            0.5124924242424242,
            0.5016881313131313,
            0.5364873737373738,
            0.5234810606060606
        ],
        "s2s_2l": [
            0.5404696969696969,
            0.5268686868686869,
            0.49811363636363637,
            0.5025618686868687,
            0.5183598484848485
        ],
        "s2s_3l": [
            0.5270934343434344,
            0.5287133838383837,
            0.5547790404040405,
            0.5248914141414142,
            0.5297386363636364
        ],
        "s2s_4l": [
            0.5385075757575757,
            0.5103371212121212,
            0.5225669191919192,
            0.5341679292929293,
            0.5382462121212122
        ],
        "vse_1l": [
            0.9546439393939394,
            0.9425833333333332,
            0.948469696969697,
            0.9335378787878789,
            0.9400909090909092
        ],
        "vse_2l": [
            0.940310606060606,
            0.943171717171717,
            0.9373484848484849,
            0.9457424242424243,
            0.9446035353535354
        ],
        "vse_3l": [
            0.9231893939393939,
            0.9061818181818182,
            0.9254090909090908,
            0.9182727272727272,
            0.9311590909090909
        ],
        "vse_4l": [
            0.9003686868686869,
            0.9011742424242425,
            0.8904393939393939,
            0.887290404040404,
            0.9005151515151516
        ]
    },
    "r_awa": {
        "s2s_1l": [
            0.804759620386334,
            0.7985166986578399,
            0.7902088353145866,
            0.7836040342761401,
            0.7990485554228566
        ],
        "s2s_2l": [
            0.7992595900018132,
            0.802402051766947,
            0.8023225006580438,
            0.8034834407410857,
            0.8046418382188618
        ],
        "s2s_3l": [
            0.8049400566060317,
            0.8050304854352639,
            0.794386122831089,
            0.7962424105983489,
            0.8001981605148996
        ],
        "s2s_4l": [
            0.7966780915867563,
            0.7972604908664346,
            0.8028253978182609,
            0.7936448751029824,
            0.7918459086354442
        ],
        "vse_1l": [
            0.9828508699019396,
            0.9775808081350499,
            0.9723522498692249,
            0.9820272507000919,
            0.9826349403328767
        ],
        "vse_2l": [
            0.9722052304088774,
            0.9709796238271461,
            0.9790769391626702,
            0.9810999194589515,
            0.9731955483018915
        ],
        "vse_3l": [
            0.9682427637698885,
            0.9688690181085877,
            0.9591188255951648,
            0.9681798602829016,
            0.9682222305187749
        ],
        "vse_4l": [
            0.9611002004325637,
            0.9596186176607957,
            0.9574037738597988,
            0.951819542596172,
            0.9617688724736877
        ]
    },
    "r_cub": {
        "s2s_1l": [
            0.48109090909090907,
            0.4889419191919192,
            0.48740656565656565,
            0.4661691919191919,
            0.4971666666666667
        ],
        "s2s_2l": [
            0.48071212121212115,
            0.4801565656565656,
            0.47461616161616166,
            0.49515404040404043,
            0.5079116161616162
        ],
        "s2s_3l": [
            0.4933207070707071,
            0.5089974747474747,
            0.4995719696969697,
            0.5040542929292929,
            0.4739810606060606
        ],
        "s2s_4l": [
            0.49403535353535355,
            0.4964835858585859,
            0.46521464646464644,
            0.5001275252525252,
            0.48968308080808076
        ],
        "vse_1l": [
            0.9466818181818182,
            0.9433712121212122,
            0.9510075757575757,
            0.9455833333333333,
            0.9485075757575757
        ],
        "vse_2l": [
            0.9385681818181818,
            0.9432803030303031,
            0.943810606060606,
            0.9332727272727273,
            0.9397272727272727
        ],
        "vse_3l": [
            0.929300505050505,
            0.9361590909090909,
            0.9309217171717171,
            0.9231363636363636,
            0.9253106060606061
        ],
        "vse_4l": [
            0.9014595959595959,
            0.9094924242424243,
            0.9133068181818182,
            0.91164898989899,
            0.9057310606060605
        ]
    }
}