{
    "i_awa": {
        "s2s_1l": [
            0.7176488364899839,
            0.7069446530079468,
            0.7029432117630792,
            0.7136099787365295,
            0.6975831964067446
        ],
        "s2s_2l": [
            0.7088817830114792,
            0.7232844684197013,
            0.7239486458243302,
            0.7013925927816536,
            0.722669691246502
        ],
        "s2s_3l": [
            0.721504421946299,
            0.7215499631649155,
            0.7184173187252657,
            0.7147721685572698,
            0.7133067505061976
        ],
        "s2s_4l": [
            0.717489208756908,
            0.70986635348205,
            0.7175546731063652,
            0.7249691226779565,
            0.7149935697901902
        ],
        "vse_1l": [
            0.7869822601334856,
            0.8083364303221205,
            0.8446321537993713,
            0.832620206865542,
            0.8161741601016692
        ],
        "vse_2l": [
            0.8119362098162485,
            0.8074100565717583,
            0.7927822473199475,
            0.7876137292674221,
            0.8189868402036972
        ],
        "vse_3l": [
            0.7592022481791197,
            0.78494287846292,
            0.8134081841369487,
            0.7902420854867015,
            0.8252140496237004
        ],
        "vse_4l": [
            0.7975494660147693,
            0.7817826463690984,
            0.7639599508877545,
            0.8017437866497652,
            0.7813421221695366
        ]
    },
    "i_cub": {
        "s2s_1l": [
            0.3048686868686869,
            0.2940366161616162,
            0.31519949494949495,
            0.3133371212121212,
            0.3214267676767677
        ],
        "s2s_2l": [
            0.3333611111111111,
            0.3412512626262626,
            0.3391881313131313,
            0.32811868686868695,
            0.3426325757575758
        ],
        "s2s_3l": [
            0.345030303030303,
            0.3560037878787879,
            0.37737499999999996,
            0.38012626262626253,
            0.34583333333333327
        ],
        "s2s_4l": [
            0.3939772727272727,
            0.38163510101010106,
            0.40278282828282824,
            0.3938295454545454,
            0.3907083333333333
        ],
        "vse_1l": [
            0.6061035353535352,
            0.5391717171717172,
            0.570449494949495,
            0.5631767676767677,
            0.5695795454545454
        ],
        "vse_2l": [
            0.5628434343434344,
            0.563425505050505,
            0.5797664141414142,
            0.559763888888889,
            0.5680681818181819
        ],
        "vse_3l": [
            0.5321111111111111,
            0.5176527777777777,
            0.5013977272727272,
            0.5314116161616161,
            0.5597411616161616
        ],
        "vse_4l": [
            0.49672727272727274,
            0.5054015151515152,
            0.47509469696969703,
            0.5214785353535354,
            0.5370492424242425
        ]
    },
    "r_awa": {
        "s2s_1l": [
            0.7351508572879358,
            0.7402445165295771,
            0.735088374736704,
            0.7356162068446419,
            0.7408656238071285
        ],
        "s2s_2l": [
            0.7452046380719705,
            0.7463216648783387,
            0.7389450364876654,
            0.7352628993320662,
            0.7352224001213004
        ],
        "s2s_3l": [
            0.7379592680745762,
            0.7522719751310466,
            0.7598392125914625,
            0.7551888515546972,
            0.749488043522978
        ],
        "s2s_4l": [
            0.745437559191948,
            0.739038596925479,
            0.7446123554139643,
            0.7540638395084374,
            0.7442590083392253
        ],
        "vse_1l": [
            0.8384854219798128,
            0.7971488308766876,
            0.8174759552989441,
            0.838610022828953,
            0.8322902066363517
        ],
        "vse_2l": [
            0.8207098738403951,
            0.8045415435493588,
            0.8143689585405035,
            0.820962525143038,
            0.8189753805615608
        ],
        "vse_3l": [
            0.7885672660228448,
            0.8073458143859259,
            0.8071868966166532,
            0.7973292571034142,
            0.8191902133036473
        ],
        "vse_4l": [
            0.8110988712410357,
            0.7890542548066238,
            0.7887892806396828,
            0.8300766675234519,
            0.7749605812431306
        ]
    },
    "r_cub": {
        "s2s_1l": [
            0.29120202020202024,
            0.29449873737373733,
            0.31821843434343433,
            0.29234217171717175,
            0.29671969696969697
        ],
        "s2s_2l": [
            0.2991338383838384,
            0.29870328282828285,
            0.30137752525252526,
            0.3037361111111111,
            0.2789570707070707
        ],
        "s2s_3l": [
            0.3271944444444445,
            0.3190681818181818,
            0.3277777777777778,
            0.32144570707070713,
            0.33249242424242426
        ],
        "s2s_4l": [
            0.3228484848484849,
            0.3596780303030303,
            0.3491262626262626,
            0.33567550505050503,
            0.3473939393939394
        ],
        "vse_1l": [
            0.5965,
            0.6099318181818183,
            0.5695681818181818,
            0.5867449494949496,
            0.5912853535353535
        ],
        "vse_2l": [
            0.5967424242424244,
            0.5974684343434343,
            0.5930593434343434,
            0.6039318181818182,
            0.5855378787878788
        ],
        "vse_3l": [
            0.5490757575757576,
            0.5625101010101009,
            0.5612310606060606,
            0.5539065656565657,
            0.5538030303030304
        ],
        "vse_4l": [
            0.5312247474747475,
            0.5369987373737374,
            0.5776325757575758,
            0.5487209595959596,
            0.5148648989898991
        ]
    }
}