{
    "i_awa": {
        "s2s_1l": [
            0.8238518947212552,
            0.8241337381281585,
            0.8275089033895656,
            0.8373659558933685,
            0.8275843166838233
        ],
        "s2s_2l": [
            0.8231638723751419,
            0.8297532744341705,
            0.818686318242054,
            0.8322936650283388,
            0.8155301371026857
        ],
        "s2s_3l": [
            0.8176129184395728,
            0.8205006003959704,
            0.8321508623149694,
            0.8124760049930616,
            0.821646648734577
        ],
        "s2s_4l": [
            0.8146632748221089,
            0.8076160637567759,
            0.8092940984153206,
            0.8105186523051684,
            0.8171173933678209
        ],
        "sec_1l": [
            0.9989421522738988,
            0.9992820512820512,
            0.9991425323817076,
            0.9987050204697263,
            0.9990018014772113
        ],
        "sec_2l": [
            0.9984151102737894,
            0.9990423191831642,
            0.998119430397781,
            0.9960329468024743,
            0.9986749403996571
        ],
        "sec_3l": [
            0.99286701972311,
            0.9939667621358882,
            0.993691342185297,
            0.9956722798611541,
            0.9946960424697884
        ],
        "sec_4l": [
            0.9868803489902453,
            0.9876860303589231,
            0.9881727194501433,
            0.987147344528741,
            0.9887116936258488
        ]
    },
    "i_cub": {
        "s2s_1l": [
            0.6841515151515151,
            0.6786515151515152,
            0.6772941919191919,
            0.6803017676767678,
            0.6611275252525253
        ],
        "s2s_2l": [
            0.6705505050505051,
            0.6620252525252525,
            0.6805164141414142,
            0.6874368686868686,
            0.6834949494949495
        ],
        "s2s_3l": [
            0.6581843434343435,
            0.6783118686868687,
            0.7005366161616162,
            0.676415404040404,
            0.6621767676767678
        ],
        "s2s_4l": [
            0.658080808080808,
            0.6597361111111111,
            0.6626212121212122,
            0.6553926767676768,
            0.6678232323232323
        ],
        "sec_1l": [
            0.9975,
            0.9975,
            0.9979166666666667,
            0.9975,
            0.9991666666666665
        ],
        "sec_2l": [
            0.9991666666666668,
            0.9991666666666668,
            0.9975,
            0.99625,
            0.9975
        ],
        "sec_3l": [
            0.9966666666666666,
            0.994090909090909,
            0.99625,
            0.9941287878787878,
            0.9970454545454546
        ],
        "sec_4l": [
            0.9923787878787879,
            0.9919696969696968,
            0.9949166666666666,
            0.9924242424242423,
            0.9952777777777777
        ]
    },
    "r_awa": {
        "s2s_1l": [
            0.8409492326314081,
            0.8353509726049984,
            0.8317596733272532,
            0.82149501271275,
            0.8201843845140258
        ],
        "s2s_2l": [
            0.8256572777420083,
            0.8354689428817391,
            0.8298611233761634,
            0.8242890694865924,
            0.8316017356661435
        ],
        "s2s_3l": [
            0.8324476402369306,
            0.8316731519148637,
            0.8258138334722929,
            0.8200331178688076,
            0.8243788769712378
        ],
        "s2s_4l": [
            0.823834241635986,
            0.8165348312234731,
            0.8165583861712019,
            0.8185982328478596,
            0.8199691603004073
        ],
        "sec_1l": [
            0.9994285714285716,
            0.9988077595379237,
            0.9998611111111111,
            0.9990895883777239,
            1.0
        ],
        "sec_2l": [
            0.9982187364668453,
            0.9995385304659499,
            0.9984240947195575,
            0.9970220480092657,
            0.9986349122826067
        ],
        "sec_3l": [
            0.996250778942196,
            0.9971136329739143,
            0.9962424845929057,
            0.9928191098878791,
            0.9965778498219413
        ],
        "sec_4l": [
            0.9904852588965045,
            0.994030587009916,
            0.992543174356773,
            0.9901404728951053,
            0.9947664404862241
        ]
    },
    "r_cub": {
        "s2s_1l": [
            0.6345454545454546,
            0.6489179292929294,
            0.621719696969697,
            0.6266906565656566,
            0.6303055555555556
        ],
        "s2s_2l": [
            0.6205277777777778,
            0.6417146464646464,
            0.6390606060606061,
            0.6354204545454545,
            0.6448699494949495
        ],
        "s2s_3l": [
            0.6166767676767677,
            0.6346666666666667,
            0.6161186868686869,
            0.6171489898989898,
            0.6270946969696969
        ],
        "s2s_4l": [
            0.6227070707070708,
            0.6183143939393939,
            0.6104949494949495,
            0.6201729797979797,
            0.5953270202020202
        ],
        "sec_1l": [
            0.9945833333333333,
            0.9940075757575758,
            0.99375,
            0.9954166666666666,
            0.9953787878787879
        ],
        "sec_2l": [
            0.9941666666666665,
            0.9935984848484849,
            0.995,
            0.9907121212121213,
            0.9924621212121213
        ],
        "sec_3l": [
            0.995,
            0.9939696969696971,
            0.99125,
            0.9933333333333334,
            0.9933333333333334
        ],
        "sec_4l": [
            0.99,
            0.9910530303030304,
            0.9849166666666666,
            0.9907575757575757,
            0.9907954545454547
        ]
    }
}