{
    "i_awa": {
        "s2s_1l": [
            0.6843131642476464,
            0.6648776883858205,
            0.6607094960476448,
            0.6734358596018997,
            0.6651985386225563
        ],
        "s2s_2l": [
            0.6883627433180645,
            0.6883583418262335,
            0.6842134625356466,
            0.6873341613657857,
            0.6868898005556987
        ],
        "s2s_3l": [
            0.6934210579215417,
            0.7015878244880035,
            0.6931355767799952,
            0.6892514349280201,
            0.7071598652528317
        ],
        "s2s_4l": [
            0.6848534908934093,
            0.6916667603370935,
            0.7027136041215059,
            0.6803264065494992,
            0.7008847345114116
        ],
        "sec_1l": [
            0.7016437547374365,
            0.7280136925885056,
            0.7342724749917735,
            0.738140266164819,
            0.7559046905678332
        ],
        "sec_2l": [
            0.7555807418173534,
            0.7029262843233046,
            0.7612661577452284,
            0.7484421669863792,
            0.74758406122718
        ],
        "sec_3l": [
            0.6834957665894378,
            0.7264413621620924,
            0.6806428549373834,
            0.7187607631287994,
            0.7104878793936027
        ],
        "sec_4l": [
            0.7028341463678666,
            0.7081722840292936,
            0.7153124824439462,
            0.729135830369873,
            0.6789934003572029
        ]
    },
    "i_cub": {
        "s2s_1l": [
            0.28228535353535356,
            0.26303156565656566,
            0.2720479797979798,
            0.27644444444444444,
            0.25814393939393937
        ],
        "s2s_2l": [
            0.26976262626262626,
            0.2628724747474747,
            0.2915441919191919,
            0.2781363636363636,
            0.27965656565656566
        ],
        "s2s_3l": [
            0.3061111111111111,
            0.2923686868686869,
            0.3033876262626262,
            0.2969078282828283,
            0.3146439393939394
        ],
        "s2s_4l": [
            0.3346994949494949,
            0.33875126262626265,
            0.34878661616161616,
            0.3163939393939394,
            0.34340909090909094
        ],
        "sec_1l": [
            0.3825151515151515,
            0.3945,
            0.3915808080808081,
            0.41858207070707076,
            0.3797070707070707
        ],
        "sec_2l": [
            0.36920959595959596,
            0.3909873737373738,
            0.39439772727272726,
            0.41355429292929297,
            0.3748333333333333
        ],
        "sec_3l": [
            0.38480555555555557,
            0.35843560606060604,
            0.37247979797979797,
            0.35467424242424245,
            0.3538421717171717
        ],
        "sec_4l": [
            0.3446060606060605,
            0.3302613636363636,
            0.3341136363636364,
            0.3053358585858586,
            0.3500732323232323
        ]
    },
    "r_awa": {
        "s2s_1l": [
            0.7043533054286987,
            0.704381967339661,
            0.7027702642771945,
            0.7046958853033144,
            0.7033608536644705
        ],
        "s2s_2l": [
            0.7084570265995942,
            0.7167209154500666,
            0.7188788195768749,
            0.7240420905094126,
            0.718324278412438
        ],
        "s2s_3l": [
            0.7120703298000373,
            0.7297651121154651,
            0.7210182320302276,
            0.7258985715097515,
            0.7278393745204924
        ],
        "s2s_4l": [
            0.7306094913678842,
            0.7348547571309151,
            0.7263548303323258,
            0.7282384671521097,
            0.7235016875065271
        ],
        "sec_1l": [
            0.7249445302671829,
            0.7342652909017126,
            0.7055686013782809,
            0.7392594744611501,
            0.7337394731568273
        ],
        "sec_2l": [
            0.7016466861976053,
            0.7299420462688115,
            0.7770487926792665,
            0.7270177597280889,
            0.7255561221625237
        ],
        "sec_3l": [
            0.7338052044940017,
            0.704765516752655,
            0.6841206191150568,
            0.721063252518575,
            0.7434680473323398
        ],
        "sec_4l": [
            0.7012684356243541,
            0.7354942793902117,
            0.6998728713409254,
            0.7516975874933162,
            0.6732332599584665
        ]
    },
    "r_cub": {
        "s2s_1l": [
            0.2370782828282828,
            0.2509090909090909,
            0.249594696969697,
            0.2603598484848485,
            0.2354280303030303
        ],
        "s2s_2l": [
            0.2529823232323233,
            0.22741792929292928,
            0.2359987373737374,
            0.2570580808080808,
            0.25314393939393937
        ],
        "s2s_3l": [
            0.27575757575757576,
            0.270665404040404,
            0.2648939393939394,
            0.26567297979797977,
            0.2696477272727273
        ],
        "s2s_4l": [
            0.2859671717171717,
            0.3036729797979798,
            0.2972386363636364,
            0.2900871212121212,
            0.29296212121212123
        ],
        "sec_1l": [
            0.4441010101010101,
            0.3910378787878788,
            0.375594696969697,
            0.4122550505050505,
            0.4323863636363636
        ],
        "sec_2l": [
            0.4229747474747475,
            0.4421641414141414,
            0.42532070707070707,
            0.422530303030303,
            0.42555808080808083
        ],
        "sec_3l": [
            0.42763636363636365,
            0.384314393939394,
            0.3849532828282829,
            0.4452537878787879,
            0.3979684343434344
        ],
        "sec_4l": [
            0.35553787878787874,
            0.3978800505050505,
            0.37082575757575753,
            0.38029924242424246,
            0.355770202020202
        ]
    }
}