{
    "i_awa": {
        "s2s_1l": [
            0.5540357350808895,
            0.5566835917854427,
            0.5761345452453839,
            0.5544914712342197,
            0.5803158751355295
        ],
        "s2s_2l": [
            0.5933457086618953,
            0.5867965471139934,
            0.6243551132992384,
            0.6200407899592165,
            0.604070157038243
        ],
        "s2s_3l": [
            0.6241273195353739,
            0.6016858455689078,
            0.6178008368600182,
            0.6031183179431887,
            0.6146977098895444
        ],
        "s2s_4l": [
            0.5993733029531334,
            0.6222040223581563,
            0.6291844850227837,
            0.6271039983626309,
            0.6309229762705298
        ],
        "vse_1l": [
            0.44242092959392876,
            0.4519083957475907,
            0.4744552888157914,
            0.4551400881152777,
            0.4513155495326338
        ],
        "vse_2l": [
            0.5010834932294712,
            0.4487952352169006,
            0.46206389949840543,
            0.44815396712992983,
            0.4991865687051055
        ],
        "vse_3l": [
            0.4825968677539598,
            0.4841521305299662,
            0.48546342833312467,
            0.5380630761260301,
            0.48762984028148426
        ],
        "vse_4l": [
            0.47641931632966783,
            0.46333428244670233,
            0.44565323297535964,
            0.4576568062051821,
            0.5158432363492162
        ]
    },
    "i_cub": {
        "s2s_1l": [
            0.14668939393939393,
            0.1608712121212121,
            0.18132828282828284,
            0.16249747474747472,
            0.15048358585858584
        ],
        "s2s_2l": [
            0.18973737373737376,
            0.18794444444444444,
            0.18184848484848484,
            0.19503282828282828,
            0.16903661616161614
        ],
        "s2s_3l": [
            0.21947979797979797,
            0.19997853535353535,
            0.20785479797979797,
            0.2297790404040404,
            0.21326010101010098
        ],
        "s2s_4l": [
            0.23310353535353534,
            0.24851767676767678,
            0.24234722222222221,
            0.2505012626262626,
            0.24428409090909092
        ],
        "vse_1l": [
            0.14041919191919194,
            0.14969444444444444,
            0.142145202020202,
            0.13697979797979795,
            0.15227146464646465
        ],
        "vse_2l": [
            0.13411363636363635,
            0.1449318181818182,
            0.14372348484848485,
            0.1474911616161616,
            0.16435858585858587
        ],
        "vse_3l": [
            0.14870959595959596,
            0.1364848484848485,
            0.13882323232323235,
            0.1325909090909091,
            0.1413939393939394
        ],
        "vse_4l": [
            0.14067171717171717,
            0.1283939393939394,
            0.13254545454545455,
            0.15283838383838386,
            0.11920454545454545
        ]
    },
    "r_awa": {
        "s2s_1l": [
            0.6241480379808962,
            0.6145895627963093,
            0.6165047236760244,
            0.6217106291991776,
            0.6308459847924772
        ],
        "s2s_2l": [
            0.6514606671998909,
            0.6344014445420596,
            0.6559571964020594,
            0.64807395743422,
            0.6381398255155991
        ],
        "s2s_3l": [
            0.6354761535005968,
            0.6600101433027978,
            0.6668802782044021,
            0.6576054786571767,
            0.6480608936679553
        ],
        "s2s_4l": [
            0.6645185353514104,
            0.6637768689393306,
            0.6478596934170769,
            0.6715389114063585,
            0.658148992305333
        ],
        "vse_1l": [
            0.41034613699420447,
            0.45333782812112583,
            0.46011065450723065,
            0.46279654336076925,
            0.41844504312765296
        ],
        "vse_2l": [
            0.45447196464691453,
            0.46729895606941535,
            0.4495630638705842,
            0.47528822387451647,
            0.49814212308961303
        ],
        "vse_3l": [
            0.45793993581771225,
            0.4651501664923589,
            0.47243271079564847,
            0.4955009665201037,
            0.41924772517816744
        ],
        "vse_4l": [
            0.48689857882957227,
            0.48577668187078205,
            0.47734068951971315,
            0.4859152305546664,
            0.4733106519867895
        ]
    },
    "r_cub": {
        "s2s_1l": [
            0.14447727272727273,
            0.13782954545454545,
            0.1641578282828283,
            0.14610227272727272,
            0.16694444444444442
        ],
        "s2s_2l": [
            0.1687929292929293,
            0.15532070707070708,
            0.15687752525252524,
            0.16240530303030304,
            0.17352146464646462
        ],
        "s2s_3l": [
            0.18041161616161616,
            0.19022095959595958,
            0.1779457070707071,
            0.18682070707070708,
            0.1890239898989899
        ],
        "s2s_4l": [
            0.2239949494949495,
            0.21173737373737375,
            0.22241035353535352,
            0.22094318181818182,
            0.21381565656565654
        ],
        "vse_1l": [
            0.14968939393939393,
            0.1585378787878788,
            0.16859974747474749,
            0.17008333333333334,
            0.15543939393939393
        ],
        "vse_2l": [
            0.14633080808080806,
            0.1444570707070707,
            0.1725,
            0.1569621212121212,
            0.16577651515151515
        ],
        "vse_3l": [
            0.1523787878787879,
            0.14168939393939392,
            0.16906186868686868,
            0.15181565656565657,
            0.1536060606060606
        ],
        "vse_4l": [
            0.1321388888888889,
            0.11047474747474748,
            0.13441540404040406,
            0.13498737373737374,
            0.15535353535353535
        ]
    }
}