{
    "i_awa": {
        "s2s_1l": [
            0.7564826091934497,
            0.744093958859696,
            0.7387343962838311,
            0.7478158767487594,
            0.7397400278480631
        ],
        "s2s_2l": [
            0.7537421259574592,
            0.7317968726679962,
            0.7447788337105484,
            0.7411146233723805,
            0.751059626904997
        ],
        "s2s_3l": [
            0.7547213004620232,
            0.7477999683738029,
            0.7460853268355143,
            0.7537955618580219,
            0.743886499332167
        ],
        "s2s_4l": [
            0.7432775845566976,
            0.7324408428998221,
            0.7447943329497305,
            0.75378872284852,
            0.7449462448309271
        ],
        "vse_1l": [
            0.9295469894669783,
            0.9136520249276316,
            0.9149978139430764,
            0.9201914750558622,
            0.9350223608015383
        ],
        "vse_2l": [
            0.9040231521992094,
            0.9135762410741299,
            0.904843250468632,
            0.9124830787701222,
            0.915478974077103
        ],
        "vse_3l": [
            0.8980132708842669,
            0.8823454036574547,
            0.885235111653075,
            0.9083977926549979,
            0.9062923488083493
        ],
        "vse_4l": [
            0.8812661738702442,
            0.8738599027727448,
            0.8861840473537643,
            0.8684158396861575,
            0.8803013487396747
        ]
    },
    "i_cub": {
        "s2s_1l": [
            0.40444444444444444,
            0.40620580808080803,
            0.39728661616161615,
            0.40260606060606063,
            0.38781818181818184
        ],
        "s2s_2l": [
            0.41741919191919197,
            0.427824494949495,
            0.40980808080808084,
            0.3984179292929293,
            0.3946818181818182
        ],
        "s2s_3l": [
            0.4406818181818182,
            0.4479810606060606,
            0.45033964646464647,
            0.4277462121212121,
            0.40412878787878787
        ],
        "s2s_4l": [
            0.43375,
            0.455229797979798,
            0.41919444444444437,
            0.46515404040404035,
            0.4483484848484849
        ],
        "vse_1l": [
            0.7645883838383838,
            0.7866325757575757,
            0.7726136363636364,
            0.7913308080808082,
            0.7823863636363636
        ],
        "vse_2l": [
            0.7912904040404041,
            0.7811515151515152,
            0.7765429292929292,
            0.7562361111111112,
            0.7846262626262626
        ],
        "vse_3l": [
            0.7376767676767676,
            0.7212348484848485,
            0.7227436868686868,
            0.7020126262626263,
            0.739189393939394
        ],
        "vse_4l": [
            0.6980126262626263,
            0.7115833333333333,
            0.6879128787878789,
            0.7097285353535354,
            0.7283863636363637
        ]
    },
    "r_awa": {
        "s2s_1l": [
            0.7725329098483238,
            0.7644651324652088,
            0.7739607784354168,
            0.7688006501491954,
            0.7541056167638572
        ],
        "s2s_2l": [
            0.7699685741193645,
            0.7722628464354837,
            0.7729747561936794,
            0.7732565118942621,
            0.772103450108082
        ],
        "s2s_3l": [
            0.7584417407975242,
            0.7720667840043223,
            0.7786547927792014,
            0.76711026472994,
            0.7797712332665191
        ],
        "s2s_4l": [
            0.7738471758675852,
            0.7666069737110324,
            0.7745859753793894,
            0.778865822760853,
            0.7679442068635309
        ],
        "vse_1l": [
            0.9291076148501994,
            0.9242161996800575,
            0.9298694236079114,
            0.9371331274318845,
            0.917439316184573
        ],
        "vse_2l": [
            0.9176478941861721,
            0.931073280798371,
            0.9226131507146598,
            0.9190021034609235,
            0.9075981533480829
        ],
        "vse_3l": [
            0.8928235665095631,
            0.9106797675206137,
            0.9198783194334635,
            0.8950668456097256,
            0.9160970538751294
        ],
        "vse_4l": [
            0.8953594256262558,
            0.8811270217401396,
            0.8924617185532413,
            0.8835331128038646,
            0.8971132735531056
        ]
    },
    "r_cub": {
        "s2s_1l": [
            0.38052525252525254,
            0.39901262626262624,
            0.37618308080808077,
            0.35553156565656563,
            0.3657904040404041
        ],
        "s2s_2l": [
            0.3859570707070707,
            0.3953383838383839,
            0.3955694444444444,
            0.38823232323232326,
            0.37503282828282836
        ],
        "s2s_3l": [
            0.3871969696969697,
            0.3734280303030303,
            0.400125,
            0.3919507575757576,
            0.3836982323232323
        ],
        "s2s_4l": [
            0.3935656565656565,
            0.4247954545454546,
            0.3988093434343435,
            0.37933585858585855,
            0.40966792929292933
        ],
        "vse_1l": [
            0.8032196969696969,
            0.8257651515151515,
            0.8113977272727273,
            0.8110959595959596,
            0.8106439393939394
        ],
        "vse_2l": [
            0.7728762626262626,
            0.7930050505050505,
            0.8038712121212122,
            0.8089633838383838,
            0.8040126262626263
        ],
        "vse_3l": [
            0.7810530303030303,
            0.7884255050505051,
            0.7577727272727273,
            0.7700871212121211,
            0.7690719696969697
        ],
        "vse_4l": [
            0.728310606060606,
            0.7004166666666667,
            0.7161628787878789,
            0.732375,
            0.7430732323232323
        ]
    }
}