{
    "i_awa": {
        "s2s_1l": [
            0.492681126590461,
            0.48766080839057957,
            0.4812894648331411,
            0.4937671915385018,
            0.44237725861035926
        ],
        "s2s_2l": [
            0.5248839026024311,
            0.5511502309122434,
            0.48009617326297216,
            0.4908974427304441,
            0.5049901430555299
        ],
        "s2s_3l": [
            0.5570197524334677,
            0.557034788727848,
            0.5464507385277355,
            0.5568171499414425,
            0.5572266119421285
        ],
        "s2s_4l": [
            0.5531983894505147,
            0.5705982236872273,
            0.5552788190006932,
            0.5595171844126443,
            0.5652674867313173
        ],
        "vse_1l": [
            0.24056225473878798,
            0.281834355660037,
            0.27560846610385353,
            0.2584130574003644,
            0.24582537973451415
        ],
        "vse_2l": [
            0.3267460518551749,
            0.2955727401463039,
            0.330822695347465,
            0.33783370672834606,
            0.2890653113500502
        ],
        "vse_3l": [
            0.31941241597324305,
            0.310429785868513,
            0.326344439383856,
            0.32063057029677067,
            0.29971603681666387
        ],
        "vse_4l": [
            0.37423249946656406,
            0.35326213874326,
            0.36954816822700853,
            0.3480383123853725,
            0.32721528551400114
        ]
    },
    "i_cub": {
        "s2s_1l": [
            0.10845707070707071,
            0.1299141414141414,
            0.11219444444444444,
            0.12793939393939394,
            0.11120833333333334
        ],
        "s2s_2l": [
            0.15282828282828284,
            0.12283585858585858,
            0.1254570707070707,
            0.14255429292929292,
            0.12200883838383839
        ],
        "s2s_3l": [
            0.16902525252525252,
            0.15519191919191921,
            0.16765782828282827,
            0.14997222222222223,
            0.1528042929292929
        ],
        "s2s_4l": [
            0.18603030303030302,
            0.18070328282828285,
            0.18400252525252525,
            0.1779621212121212,
            0.19597222222222221
        ],
        "vse_1l": [
            0.06810858585858587,
            0.06303030303030303,
            0.09149873737373738,
            0.06611616161616161,
            0.07598484848484849
        ],
        "vse_2l": [
            0.07455050505050505,
            0.07796717171717173,
            0.08386111111111111,
            0.06088888888888889,
            0.0882550505050505
        ],
        "vse_3l": [
            0.07362121212121212,
            0.08003787878787878,
            0.0804040404040404,
            0.08483585858585858,
            0.08792171717171718
        ],
        "vse_4l": [
            0.0815151515151515,
            0.07424747474747476,
            0.07005555555555557,
            0.0867070707070707,
            0.07162373737373738
        ]
    },
    "r_awa": {
        "s2s_1l": [
            0.5447113292824484,
            0.5248181789496499,
            0.5258028876359486,
            0.5259112267261883,
            0.5460289585029909
        ],
        "s2s_2l": [
            0.5574199852617648,
            0.5578646328886265,
            0.5679328564424213,
            0.599180841736128,
            0.5601479511059657
        ],
        "s2s_3l": [
            0.5828496191522149,
            0.576189960202827,
            0.6012821519399418,
            0.5975214514443742,
            0.6083333443851417
        ],
        "s2s_4l": [
            0.6065953763778088,
            0.5895356374126078,
            0.6025694573813921,
            0.5864213898434758,
            0.6160108086154518
        ],
        "vse_1l": [
            0.25206543854767455,
            0.2472979599700567,
            0.2930573886640714,
            0.26065464920055514,
            0.2499639554633909
        ],
        "vse_2l": [
            0.2996229284127671,
            0.2547163686013079,
            0.26160775889697563,
            0.28962301914828703,
            0.3149431466133865
        ],
        "vse_3l": [
            0.32416213396370025,
            0.3316373612352923,
            0.320335787343152,
            0.3266493104877874,
            0.2932004149277146
        ],
        "vse_4l": [
            0.34232614800820277,
            0.36126707470134584,
            0.33412735391272336,
            0.3397682518787439,
            0.36585690511822405
        ]
    },
    "r_cub": {
        "s2s_1l": [
            0.09519191919191919,
            0.09995454545454546,
            0.11845707070707072,
            0.10466161616161618,
            0.10720454545454546
        ],
        "s2s_2l": [
            0.1114090909090909,
            0.13107449494949497,
            0.11111616161616161,
            0.10501767676767676,
            0.106625
        ],
        "s2s_3l": [
            0.13510353535353536,
            0.13617424242424242,
            0.12799873737373738,
            0.13588131313131313,
            0.13959217171717173
        ],
        "s2s_4l": [
            0.17946717171717172,
            0.15934848484848485,
            0.17527777777777778,
            0.17802146464646462,
            0.16408838383838387
        ],
        "vse_1l": [
            0.0583939393939394,
            0.07029924242424242,
            0.07417171717171717,
            0.06408333333333333,
            0.08069570707070707
        ],
        "vse_2l": [
            0.07965151515151515,
            0.08211363636363636,
            0.07345959595959596,
            0.07730681818181818,
            0.07860984848484848
        ],
        "vse_3l": [
            0.07413131313131313,
            0.08754040404040403,
            0.06788131313131313,
            0.09022222222222222,
            0.07078535353535355
        ],
        "vse_4l": [
            0.07239141414141415,
            0.08054545454545455,
            0.06158585858585858,
            0.06696717171717172,
            0.0603030303030303
        ]
    }
}