{
    "i_awa": {
        "s2s_1l": [
            0.6110915748377724,
            0.5934961499653055,
            0.6007041140706845,
            0.6082520474913529,
            0.600960363943019
        ],
        "s2s_2l": [
            0.6085899504177571,
            0.620471220451509,
            0.6232449194769311,
            0.638252548494241,
            0.6134951612956168
        ],
        "s2s_3l": [
            0.6512270945071938,
            0.6366958646768363,
            0.6532984992401122,
            0.6374894440069768,
            0.6494033207472332
        ],
        "s2s_4l": [
            0.630618272358251,
            0.6392944188592048,
            0.6187475048153037,
            0.6551522478279922,
            0.6590662717063082
        ],
        "vse_1l": [
            0.525147800534338,
            0.5387390351556174,
            0.5172793002872663,
            0.5213756325164876,
            0.5084714840508768
        ],
        "vse_2l": [
            0.5483253544359513,
            0.5419873188212272,
            0.5539001042951226,
            0.5432943190504933,
            0.579983266019529
        ],
        "vse_3l": [
            0.5651175302147861,
            0.5535524130728215,
            0.5360304499231647,
            0.5593937183228275,
            0.58787473190053
        ],
        "vse_4l": [
            0.5016128468567765,
            0.5344714522941678,
            0.5659914250799973,
            0.5900476421677073,
            0.5555325681377615
        ]
    },
    "i_cub": {
        "s2s_1l": [
            0.18093181818181814,
            0.19608333333333333,
            0.1942689393939394,
            0.18155934343434343,
            0.16565025252525253
        ],
        "s2s_2l": [
            0.19366414141414143,
            0.2108510101010101,
            0.2020479797979798,
            0.20049747474747476,
            0.212280303030303
        ],
        "s2s_3l": [
            0.23231313131313133,
            0.24891919191919193,
            0.23777651515151516,
            0.22128030303030305,
            0.25417803030303027
        ],
        "s2s_4l": [
            0.2593207070707071,
            0.26209343434343435,
            0.2686729797979798,
            0.24588257575757574,
            0.276875
        ],
        "vse_1l": [
            0.1994848484848485,
            0.20810227272727272,
            0.20131944444444444,
            0.18536868686868688,
            0.21422727272727277
        ],
        "vse_2l": [
            0.18902272727272731,
            0.20720075757575757,
            0.18043055555555554,
            0.17852272727272728,
            0.179479797979798
        ],
        "vse_3l": [
            0.20539646464646466,
            0.20564267676767678,
            0.1772878787878788,
            0.2114141414141414,
            0.20072727272727275
        ],
        "vse_4l": [
            0.1935,
            0.1881919191919192,
            0.1926060606060606,
            0.21812626262626264,
            0.21045959595959596
        ]
    },
    "r_awa": {
        "s2s_1l": [
            0.6454602744194758,
            0.6491522258047938,
            0.6430437041426535,
            0.6455601956192762,
            0.627758250505871
        ],
        "s2s_2l": [
            0.6624778473446022,
            0.6712714548143238,
            0.670644509381479,
            0.6661119569393594,
            0.6810623124555714
        ],
        "s2s_3l": [
            0.67149638798397,
            0.6728620707851765,
            0.6890148818667896,
            0.6759597562298869,
            0.6873981217328452
        ],
        "s2s_4l": [
            0.6831105552901293,
            0.6850286897987092,
            0.6765050411538261,
            0.6814296420923163,
            0.6819554862219167
        ],
        "vse_1l": [
            0.5861050744242803,
            0.5094429730314238,
            0.507700311593286,
            0.5102865467675206,
            0.5333860220137269
        ],
        "vse_2l": [
            0.5143296984517964,
            0.5480190435615123,
            0.5637892111548519,
            0.5385071225022683,
            0.538782373900654
        ],
        "vse_3l": [
            0.564568494319717,
            0.5748397332551047,
            0.5769898793060857,
            0.5931640642878894,
            0.5504452042488263
        ],
        "vse_4l": [
            0.5450765287124556,
            0.5341704903453602,
            0.584294013313778,
            0.5675339256737765,
            0.5405427058230163
        ]
    },
    "r_cub": {
        "s2s_1l": [
            0.16976010101010103,
            0.18639393939393942,
            0.1627979797979798,
            0.1627171717171717,
            0.15902777777777777
        ],
        "s2s_2l": [
            0.17815151515151517,
            0.17720075757575757,
            0.18242045454545455,
            0.1767171717171717,
            0.17710353535353535
        ],
        "s2s_3l": [
            0.2213232323232323,
            0.1970189393939394,
            0.21659343434343434,
            0.22231439393939392,
            0.20717676767676768
        ],
        "s2s_4l": [
            0.2434722222222222,
            0.24402020202020203,
            0.25279924242424245,
            0.24870075757575758,
            0.23237499999999997
        ],
        "vse_1l": [
            0.2157449494949495,
            0.2158409090909091,
            0.20172348484848485,
            0.18670328282828283,
            0.19398863636363636
        ],
        "vse_2l": [
            0.19193434343434343,
            0.22049747474747478,
            0.20921843434343437,
            0.19110984848484847,
            0.19348484848484848
        ],
        "vse_3l": [
            0.20660353535353532,
            0.21054166666666668,
            0.20094823232323228,
            0.2306098484848485,
            0.19109848484848485
        ],
        "vse_4l": [
            0.2066742424242424,
            0.17330555555555555,
            0.19638383838383838,
            0.15611111111111112,
            0.19622853535353535
        ]
    }
}