{
    "i_awa": {
        "cat": [
            0.9992548533940286,
            0.9997172827172827,
            1.0,
            0.9997938144329896,
            0.9997938144329896
        ],
        "sem": [
            1.0,
            1.0,
            1.0,
            1.0,
            1.0
        ],
        "vis": [
            0.8502234551064427,
            0.8546220846885743,
            0.8623169001656362,
            0.8607074289153644,
            0.8601949992477284
        ],
        "vis_dr": [
            0.8523801760652254,
            0.8521196038607011,
            0.8607649915479402,
            0.8483491016252183,
            0.8487752103850836
        ],
        "sae": [
            0.7338160726564646,
            0.7631592452016637,
            0.7377051318604945,
            0.7597800108907963,
            0.7574473396387217
        ]
    },
    "i_cub": {
        "cat": [
            0.9995833333333333,
            0.9991287878787878,
            0.9991666666666668,
            1.0,
            0.9995833333333333
        ],
        "sem": [
            1.0,
            1.0,
            1.0,
            1.0,
            1.0
        ],
        "vis": [
            0.6741287878787878,
            0.6539722222222223,
            0.669010101010101,
            0.6700656565656565,
            0.6673939393939395
        ],
        "vis_dr": [
            0.7055555555555556,
            0.7089141414141414,
            0.7086224747474748,
            0.7022184343434345,
            0.7049229797979798
        ],
        "sae": [
            0.6788939393939394,
            0.6634255050505051,
            0.6776527777777779,
            0.6762979797979799,
            0.6722866161616161
        ]
    },
    "r_awa": {
        "cat": [
            0.9981612568864057,
            0.9984869618700161,
            0.9985569595155803,
            0.9967172954767725,
            0.9969510500533016
        ],
        "sem": [
            1.0,
            1.0,
            1.0,
            1.0,
            1.0
        ],
        "vis": [
            0.8781380694139534,
            0.8737684569906419,
            0.877560908100901,
            0.8790020439656391,
            0.8794278599519231
        ],
        "vis_dr": [
            0.8730441016227916,
            0.8639505680345521,
            0.867878033220162,
            0.8681766405387252,
            0.8674222136959263
        ],
        "sae": [
            0.7454228067060388,
            0.7554090680094296,
            0.7553983447319736,
            0.7576892893333279,
            0.7350009919689542
        ]
    },
    "r_cub": {
        "cat": [
            0.9940277777777777,
            0.9961287878787879,
            0.9924166666666666,
            0.992,
            0.9920454545454546
        ],
        "sem": [
            1.0,
            1.0,
            1.0,
            1.0,
            1.0
        ],
        "vis": [
            0.6358232323232323,
            0.6489280303030305,
            0.6583282828282829,
            0.642483585858586,
            0.6558636363636364
        ],
        "vis_dr": [
            0.6504217171717173,
            0.6494166666666668,
            0.6609987373737374,
            0.6603699494949495,
            0.6643257575757576
        ],
        "sae": [
            0.6197146464646466,
            0.6280808080808081,
            0.6206199494949495,
            0.6330530303030303,
            0.6150542929292929
        ]
    }
}