{
    "i_awa": {
        "cat": [
            0.9509493322335978,
            0.9480960950453727,
            0.9534253719321917,
            0.9489894506254778,
            0.9560978662766767
        ],
        "s2s": [
            0.7653953871102321,
            0.7379388796580696,
            0.762279201494687,
            0.7504194714896423,
            0.7480226092833591
        ],
        "sae": [
            0.744788314543673,
            0.73218072623263,
            0.7438019061197199,
            0.7672008521809096,
            0.7499102838850839
        ],
        "sec": [
            0.8559258763366467,
            0.8753247786455259,
            0.8768428377715773,
            0.8820037491747281,
            0.8852430719601132
        ],
        "sem": [
            0.8015292754031081,
            0.8161158487164069,
            0.8091161577909269,
            0.808331739335459,
            0.8174407268967022
        ],
        "vis": [
            0.8607283998679998,
            0.8564446288315801,
            0.8552788653550957,
            0.8526368776145162,
            0.856442085851367
        ]
    },
    "i_cub": {
        "cat": [
            0.10544949494949496,
            0.10740530303030303,
            0.11559848484848485,
            0.11089141414141417,
            0.10772474747474747
        ],
        "s2s": [
            0.42414898989898986,
            0.4136313131313132,
            0.4093358585858586,
            0.3986085858585859,
            0.406429292929293
        ],
        "sae": [
            0.6656540404040405,
            0.6682361111111113,
            0.6663699494949494,
            0.6728661616161616,
            0.6720202020202021
        ],
        "sec": [
            0.6134292929292929,
            0.5509621212121212,
            0.5866300505050505,
            0.5629646464646464,
            0.5845315656565657
        ],
        "sem": [
            0.03828030303030303,
            0.03808964646464646,
            0.03962626262626263,
            0.03375,
            0.029068181818181823
        ],
        "vis": [
            0.6708080808080809,
            0.6577967171717171,
            0.6725669191919192,
            0.6786578282828283,
            0.6667638888888888
        ]
    },
    "r_awa": {
        "cat": [
            0.9653717794549306,
            0.9607727227738514,
            0.9612017236510185,
            0.9675583857705246,
            0.9670753906335099
        ],
        "s2s": [
            0.7656928316704809,
            0.7628846460044972,
            0.7788498894004847,
            0.762160728483038,
            0.7594519007398004
        ],
        "sae": [
            0.7530589106811556,
            0.7230737062889729,
            0.7457278549226384,
            0.7610085204921907,
            0.7578834674797106
        ],
        "sec": [
            0.8909558108731959,
            0.8706117142471199,
            0.8699239525874971,
            0.8784657553829771,
            0.8801749907043557
        ],
        "sem": [
            0.82327486673878,
            0.8298792928120189,
            0.8232074384377508,
            0.819937271066915,
            0.8268044321115957
        ],
        "vis": [
            0.8746035148478079,
            0.8897206566961314,
            0.8720890522625937,
            0.8798816272060198,
            0.8689874611128399
        ]
    },
    "r_cub": {
        "cat": [
            0.13662373737373737,
            0.14058333333333334,
            0.13992424242424242,
            0.13575631313131314,
            0.13676388888888888
        ],
        "s2s": [
            0.36023989898989894,
            0.3843977272727273,
            0.3848219696969697,
            0.37473106060606054,
            0.3863143939393939
        ],
        "sae": [
            0.6126590909090909,
            0.6319772727272727,
            0.6297714646464647,
            0.6202954545454545,
            0.631806818181818
        ],
        "sec": [
            0.6663585858585859,
            0.6332222222222221,
            0.6561906565656566,
            0.649854797979798,
            0.6641111111111111
        ],
        "sem": [
            0.037717171717171726,
            0.03767676767676767,
            0.034934343434343436,
            0.0365530303030303,
            0.03662373737373737
        ],
        "vis": [
            0.6391843434343434,
            0.6453270202020203,
            0.6499646464646466,
            0.644489898989899,
            0.6565189393939395
        ]
    }
}