{
    "i_awa": {
        "cat": [
            0.5453893226680553,
            0.5315336451063397,
            0.5274086907556386,
            0.5310952733462565,
            0.5337060715782783
        ],
        "pca": [
            0.4365073595376192,
            0.46362016212068213,
            0.38636565173855936,
            0.2767970821221893,
            0.46260726866850077
        ],
        "s2s": [
            0.5744624821938789,
            0.5967530660277978,
            0.5877121214497459,
            0.5963744511836788,
            0.588008475782096
        ],
        "sae": [
            0.7432637934006422,
            0.7378195163951651,
            0.7582252445014184,
            0.7439887462212981,
            0.755239521192336
        ],
        "sec": [
            0.3874835634703235,
            0.34284115998631437,
            0.3022765127702352,
            0.44192227234438675,
            0.39983925904723017
        ],
        "sem": [
            0.033362160012187295,
            0.027657544951027537,
            0.03465003972070277,
            0.028794239740727798,
            0.02833414882990911
        ],
        "vis": [
            0.848527402149151,
            0.8695066569091101,
            0.8609330329596193,
            0.842575826635045,
            0.8610035457273578
        ]
    },
    "i_cub": {
        "cat": [
            0.009166666666666667,
            0.010833333333333332,
            0.013181818181818182,
            0.012007575757575757,
            0.01212121212121212
        ],
        "pca": [
            0.04527272727272727,
            0.011287878787878786,
            0.014204545454545454,
            0.01,
            0.010492424242424242
        ],
        "s2s": [
            0.16554797979797983,
            0.19252525252525252,
            0.19959722222222218,
            0.20530050505050504,
            0.2262941919191919
        ],
        "sae": [
            0.6718787878787879,
            0.6731351010101011,
            0.6605151515151515,
            0.686054292929293,
            0.6831148989898989
        ],
        "sec": [
            0.07251010101010101,
            0.0785530303030303,
            0.09188383838383839,
            0.09454040404040404,
            0.07899242424242424
        ],
        "sem": [
            0.005833333333333334,
            0.004166666666666667,
            0.004659090909090909,
            0.00375,
            0.004583333333333333
        ],
        "vis": [
            0.6690631313131314,
            0.6677121212121213,
            0.6674684343434342,
            0.6815643939393939,
            0.661310606060606
        ]
    },
    "r_awa": {
        "cat": [
            0.7041404144090968,
            0.6976708872495518,
            0.7020394326134094,
            0.7068647596851008,
            0.7080537641429672
        ],
        "pca": [
            0.22199309072382659,
            0.20449945352013793,
            0.2764941291816781,
            0.1918061139688436,
            0.38101926619504556
        ],
        "s2s": [
            0.6214071659580687,
            0.6135225212790839,
            0.6234497427621257,
            0.6099929867019245,
            0.6104195884462675
        ],
        "sae": [
            0.7461241494111044,
            0.7428782007126248,
            0.764246825368652,
            0.7499899373667308,
            0.7453515338497063
        ],
        "sec": [
            0.3139602196252825,
            0.28805656062036866,
            0.3338599576703672,
            0.3042777613436887,
            0.3370358872939475
        ],
        "sem": [
            0.02810595133265341,
            0.03229546323356757,
            0.028939369376014327,
            0.029877939531503597,
            0.03327577022729105
        ],
        "vis": [
            0.8770595439260537,
            0.875729379532085,
            0.8747499377871848,
            0.8801872696147233,
            0.8811960857008035
        ]
    },
    "r_cub": {
        "cat": [
            0.01087121212121212,
            0.010416666666666668,
            0.01268939393939394,
            0.010227272727272727,
            0.011704545454545454
        ],
        "pca": [
            0.02174242424242424,
            0.013416666666666665,
            0.010454545454545454,
            0.015227272727272726,
            0.021560606060606058
        ],
        "s2s": [
            0.19167676767676767,
            0.17577398989898993,
            0.1777638888888889,
            0.18742045454545456,
            0.1659002525252525
        ],
        "sae": [
            0.6259116161616162,
            0.6151275252525252,
            0.6291641414141415,
            0.619909090909091,
            0.6291085858585859
        ],
        "sec": [
            0.0784368686868687,
            0.07693434343434344,
            0.08174242424242424,
            0.05823484848484848,
            0.06438636363636364
        ],
        "sem": [
            0.00625,
            0.005,
            0.005909090909090909,
            0.004583333333333333,
            0.005416666666666666
        ],
        "vis": [
            0.6402752525252525,
            0.6452373737373738,
            0.6510214646464647,
            0.664881313131313,
            0.6350732323232323
        ]
    }
}