{
    "i_awa": {
        "cat": [
            0.6418687800643141,
            0.6561873395423008,
            0.6715934813001918,
            0.6613917628212667,
            0.651370639765811
        ],
        "pca": [
            0.45362382345912555,
            0.3393804263663292,
            0.3610662993119482,
            0.3719302725034575,
            0.24586833185604162
        ],
        "s2s_v1": [
            0.622699455822472,
            0.6315560809847993,
            0.6159959137375186,
            0.6349922791972294,
            0.6245765786249474
        ],
        "s2s_v2": [
            0.64376254703519,
            0.6416851935544624,
            0.618197847597322,
            0.6522625071875288,
            0.6474574144617439
        ],
        "sae": [
            0.752658254913959,
            0.7512522376160262,
            0.7415169241877041,
            0.7428059740575239,
            0.7471070493850347
        ],
        "sec_v1": [
            0.48796138410303563,
            0.5175109263190802,
            0.5313799226761252,
            0.45515108443661134,
            0.5029490689860965
        ],
        "sec_v2": [
            0.09612639990926257,
            0.14989116178780668,
            0.12622905358439887,
            0.1489965237027481,
            0.07998378330868518
        ],
        "sem": [
            0.0843042339832505,
            0.0847304231949919,
            0.09129135646940983,
            0.09593258407387495,
            0.08445082622169027
        ],
        "vis": [
            0.8526813755848143,
            0.845722971668787,
            0.8613052426853441,
            0.8644132674206553,
            0.857563502439307
        ]
    },
    "i_cub": {
        "cat": [
            0.016964646464646464,
            0.018722222222222223,
            0.013106060606060605,
            0.01583333333333333,
            0.017335858585858586
        ],
        "pca": [
            0.021363636363636362,
            0.016446969696969696,
            0.015946969696969696,
            0.014583333333333332,
            0.01137121212121212
        ],
        "s2s_v1": [
            0.20476767676767677,
            0.2246641414141414,
            0.20983585858585854,
            0.2166060606060606,
            0.20345454545454544
        ],
        "s2s_v2": [
            0.061257575757575754,
            0.06975757575757575,
            0.06862121212121212,
            0.0663611111111111,
            0.06384343434343434
        ],
        "sae": [
            0.6656439393939394,
            0.6686654040404041,
            0.657804292929293,
            0.6688308080808082,
            0.6804040404040405
        ],
        "sec_v1": [
            0.1564520202020202,
            0.146114898989899,
            0.1325909090909091,
            0.13912373737373737,
            0.15682575757575756
        ],
        "sec_v2": [
            0.008472222222222221,
            0.017277777777777777,
            0.02388888888888889,
            0.03244949494949495,
            0.013611111111111109
        ],
        "sem": [
            0.004722222222222222,
            0.008472222222222221,
            0.005984848484848485,
            0.0076893939393939395,
            0.007499999999999999
        ],
        "vis": [
            0.6534747474747475,
            0.6751931818181818,
            0.6708345959595959,
            0.6805025252525252,
            0.6673459595959597
        ]
    },
    "r_awa": {
        "cat": [
            0.7747483545037377,
            0.7691013176292006,
            0.7885022366224576,
            0.7757253336373257,
            0.779969494592009
        ],
        "pca": [
            0.28413300133773056,
            0.34647270668623015,
            0.1603943836883465,
            0.2836774526754664,
            0.2441787928257103
        ],
        "s2s_v1": [
            0.6563327012035224,
            0.654892028755875,
            0.6578697897090329,
            0.6590798157826174,
            0.6680685566027802
        ],
        "s2s_v2": [
            0.7114742546676928,
            0.7166548588647443,
            0.7126452869785191,
            0.7238274508145327,
            0.7174314473945826
        ],
        "sae": [
            0.7470809971649851,
            0.7492098283721469,
            0.7442568398112941,
            0.7658630201772767,
            0.7345182532823502
        ],
        "sec_v1": [
            0.46773438458517175,
            0.4427487360068513,
            0.5178623123153406,
            0.49058934361896545,
            0.4367425927100729
        ],
        "sec_v2": [
            0.06508843194420663,
            0.11862583466777663,
            0.07287207194346199,
            0.05861312735852702,
            0.07638672116257003
        ],
        "sem": [
            0.0956066778404643,
            0.09912911682201388,
            0.09559968282981218,
            0.09048124789867176,
            0.09420930446074552
        ],
        "vis": [
            0.8781149635418819,
            0.8856691816882504,
            0.8719303279306755,
            0.872092933992173,
            0.8772828530365693
        ]
    },
    "r_cub": {
        "cat": [
            0.01642676767676768,
            0.01925,
            0.013113636363636362,
            0.01916666666666667,
            0.020984848484848485
        ],
        "pca": [
            0.019363636363636364,
            0.008787878787878787,
            0.018037878787878783,
            0.011901515151515153,
            0.009287878787878788
        ],
        "s2s_v1": [
            0.1934621212121212,
            0.20161363636363638,
            0.1762348484848485,
            0.18963383838383838,
            0.18653787878787878
        ],
        "s2s_v2": [
            0.03688383838383838,
            0.03241666666666667,
            0.03562373737373737,
            0.030234848484848486,
            0.042310606060606056
        ],
        "sae": [
            0.6249419191919192,
            0.6195656565656565,
            0.624104797979798,
            0.6102689393939394,
            0.6299469696969697
        ],
        "sec_v1": [
            0.17794444444444443,
            0.17862626262626263,
            0.16134722222222223,
            0.17920833333333333,
            0.16701641414141413
        ],
        "sec_v2": [
            0.010833333333333332,
            0.006704545454545454,
            0.0059722222222222225,
            0.011805555555555554,
            0.006527777777777778
        ],
        "sem": [
            0.006250000000000001,
            0.007916666666666667,
            0.006742424242424242,
            0.008409090909090908,
            0.007916666666666666
        ],
        "vis": [
            0.6458838383838383,
            0.6468724747474748,
            0.6514545454545455,
            0.6472335858585859,
            0.6488775252525252
        ]
    }
}