{
    "i_awa": {
        "cat": [
            0.9992548533940286,
            0.9997172827172827,
            1.0,
            0.9997938144329896,
            0.9997938144329896
        ],
        "sem": [
            1.0,
            1.0,
            1.0,
            1.0,
            1.0
        ],
        "vis": [
            0.8502234551064427,
            0.8546220846885743,
            0.8623169001656362,
            0.8607074289153644,
            0.8601949992477284
        ],
        "sae": [
            0.7338160726564646,
            0.7631592452016637,
            0.7377051318604945,
            0.7597800108907963,
            0.7574473396387217
        ],
        "sec_s": [
            0.7965443943639078,
            0.8040324932058331,
            0.8076773607268045,
            0.7956593801198509,
            0.7983860720614666
        ],
        "sec": [
            0.9900374922833555,
            0.9870720783359864,
            0.9881151355694641,
            0.9929042452714217,
            0.9890770569783922
        ],
        "s2s": [
            0.8104898410416813,
            0.8074913136359533,
            0.810298459604446,
            0.8218474378112581,
            0.8169748201555541
        ]
    },
    "i_cub": {
        "cat": [
            0.9995833333333333,
            0.9991287878787878,
            0.9991666666666668,
            1.0,
            0.9995833333333333
        ],
        "sem": [
            1.0,
            1.0,
            1.0,
            1.0,
            1.0
        ],
        "vis": [
            0.6741287878787878,
            0.6539722222222223,
            0.669010101010101,
            0.6700656565656565,
            0.6673939393939395
        ],
        "sae": [
            0.6788939393939394,
            0.6634255050505051,
            0.6776527777777779,
            0.6762979797979799,
            0.6722866161616161
        ],
        "sec_s": [
            0.5605479797979798,
            0.5479305555555556,
            0.5550808080808082,
            0.5642588383838383,
            0.5641464646464647
        ],
        "sec": [
            0.9916287878787878,
            0.99375,
            0.9908333333333335,
            0.9945454545454545,
            0.9954166666666666
        ],
         "s2s": [
            0.6253434343434343,
            0.6291603535353536,
            0.6214507575757575,
            0.6174343434343434,
            0.6280126262626263
        ]
    },
    "r_awa": {
        "cat": [
            0.9981612568864057,
            0.9984869618700161,
            0.9985569595155803,
            0.9967172954767725,
            0.9969510500533016
        ],
        "sem": [
            1.0,
            1.0,
            1.0,
            1.0,
            1.0
        ],
        "vis": [
            0.8781380694139534,
            0.8737684569906419,
            0.877560908100901,
            0.8790020439656391,
            0.8794278599519231
        ],
        "sae": [
            0.7454228067060388,
            0.7554090680094296,
            0.7553983447319736,
            0.7576892893333279,
            0.7350009919689542
        ],
        "sec_s": [
            0.8101021199838518,
            0.8038421826182689,
            0.805458658441878,
            0.8078851987588693,
            0.8011235011992313
        ],
         "sec": [
            0.9960171809507716,
            0.996217404520592,
            0.9950158857022906,
            0.9981262939906046,
            0.9978026428375852
        ],
        "s2s": [
            0.8199345804992865,
            0.8290821059315522,
            0.825554618567296,
            0.8239697815159258,
            0.8125581233574831
        ]
    },
    "r_cub": {
        "cat": [
            0.9940277777777777,
            0.9961287878787879,
            0.9924166666666666,
            0.992,
            0.9920454545454546
        ],
        "sem": [
            1.0,
            1.0,
            1.0,
            1.0,
            1.0
        ],
        "vis": [
            0.6358232323232323,
            0.6489280303030305,
            0.6583282828282829,
            0.642483585858586,
            0.6558636363636364
        ],
        "sae": [
            0.6197146464646466,
            0.6280808080808081,
            0.6206199494949495,
            0.6330530303030303,
            0.6150542929292929
        ],
        "sec_s": [
            0.4272171717171717,
            0.45879419191919196,
            0.43752272727272723,
            0.443314393939394,
            0.4455391414141414
        ],
        "sec": [
            0.9891666666666665,
            0.9865075757575759,
            0.987378787878788,
            0.990239898989899,
            0.9915833333333333
        ],
        "s2s": [
            0.5934090909090909,
            0.5849343434343435,
            0.592760101010101,
            0.5948712121212121,
            0.5998030303030304
        ]
    }
}