{
    "i_awa": {
        "cat": [
            0.8504743670671375,
            0.8354909238555851,
            0.851940713919641,
            0.843364424976019,
            0.8457204585781751
        ],
        "s2s": [
            0.7037446389293882,
            0.7171181992937713,
            0.7058260229178427,
            0.70415432827117,
            0.6947560000436152
        ],
        "sae": [
            0.7393113314169746,
            0.7527137945523308,
            0.7362971077003564,
            0.7676942569244197,
            0.745520107530216
        ],
        "sec": [
            0.6844180845275628,
            0.6998075319745614,
            0.6966610080681158,
            0.7110033183398428,
            0.6565572981811747
        ],
        "sem": [
            0.4407868629837264,
            0.4293771997099079,
            0.4428143398965601,
            0.43535406426377304,
            0.4378815421617304
        ],
        "vis": [
            0.8537684492042327,
            0.8601664053363366,
            0.8651233608080753,
            0.852846808034551,
            0.8627179322988365
        ]
    },
    "i_cub": {
        "cat": [
            0.039290404040404035,
            0.0419090909090909,
            0.033007575757575756,
            0.03764141414141415,
            0.03369949494949495
        ],
        "s2s": [
            0.2898964646464646,
            0.31096843434343435,
            0.29118686868686866,
            0.32758459595959594,
            0.3198989898989899
        ],
        "sae": [
            0.6663181818181818,
            0.6714255050505051,
            0.6668535353535353,
            0.680094696969697,
            0.6835214646464647
        ],
        "sec": [
            0.2345050505050505,
            0.2402020202020202,
            0.24488636363636368,
            0.23615656565656565,
            0.2488459595959596
        ],
        "sem": [
            0.0105,
            0.01725,
            0.01518939393939394,
            0.014090909090909091,
            0.014204545454545454
        ],
        "vis": [
            0.6622373737373738,
            0.6566780303030302,
            0.6648623737373737,
            0.6756414141414142,
            0.6733573232323232
        ]
    },
    "r_awa": {
        "cat": [
            0.8937522206169625,
            0.8960737607661057,
            0.8956698026190392,
            0.9001639821573895,
            0.899651860335444
        ],
        "s2s": [
            0.7230284817246891,
            0.7123506337058029,
            0.7163807823017778,
            0.7180398804377042,
            0.708368672911875
        ],
        "sae": [
            0.752172876549558,
            0.7567350896264335,
            0.7491985467478791,
            0.7403246175788937,
            0.7571632303922965
        ],
        "sec": [
            0.6611757261492945,
            0.6664743770649274,
            0.6971058426836572,
            0.6816816214865631,
            0.6673161235761293
        ],
        "sem": [
            0.4450887186196875,
            0.44940823801478685,
            0.44793383118470975,
            0.4384398575802734,
            0.45747466029354333
        ],
        "vis": [
            0.8853348698752294,
            0.8848340727652296,
            0.8639078181258323,
            0.888874723262667,
            0.8777983524497003
        ]
    },
    "r_cub": {
        "cat": [
            0.04536616161616162,
            0.036954545454545455,
            0.046757575757575755,
            0.04001515151515151,
            0.041002525252525256
        ],
        "s2s": [
            0.2662424242424242,
            0.2886666666666667,
            0.2830997474747475,
            0.28725757575757577,
            0.29067424242424245
        ],
        "sae": [
            0.6195656565656565,
            0.6227777777777779,
            0.6204949494949495,
            0.6103838383838385,
            0.631334595959596
        ],
        "sec": [
            0.2955479797979798,
            0.3220909090909091,
            0.31189646464646464,
            0.3387045454545454,
            0.24676262626262627
        ],
        "sem": [
            0.012936868686868686,
            0.018621212121212122,
            0.014924242424242425,
            0.01281060606060606,
            0.015315656565656564
        ],
        "vis": [
            0.6523484848484848,
            0.6375227272727273,
            0.6518068181818183,
            0.6550757575757576,
            0.6434090909090909
        ]
    }
}