{
    "i_awa": {
        "cat": [
            0.47285495377436637,
            0.47319221166567693,
            0.4827486116656416,
            0.4673540953406542,
            0.468249677904208
        ],
        "s2s": [
            0.5657557546982934,
            0.5683193731666047,
            0.5541666121611513,
            0.5656893799227432,
            0.5596340459175625
        ],
        "sae": [
            0.7353016704207093,
            0.7598091344526473,
            0.7622177824915706,
            0.7265865213105954,
            0.7367950984848229
        ],
        "sec": [
            0.35182078998129307,
            0.34481631841854066,
            0.33012227062131383,
            0.28340891413766106,
            0.34144413387467915
        ],
        "sem": [
            0.020472772630420338,
            0.02386222575806256,
            0.018321641563512122,
            0.019207399715223374,
            0.020652996523464986
        ],
        "vis": [
            0.8511902907436638,
            0.8531835649475904,
            0.8529587611123395,
            0.861247657285063,
            0.8679917132511913
        ]
    },
    "i_cub": {
        "cat": [
            0.005416666666666668,
            0.008333333333333333,
            0.008068181818181818,
            0.005454545454545454,
            0.008333333333333333
        ],
        "s2s": [
            0.19356313131313133,
            0.1869469696969697,
            0.1934090909090909,
            0.17136616161616164,
            0.1878901515151515
        ],
        "sae": [
            0.6568585858585858,
            0.6785303030303029,
            0.6750176767676769,
            0.6759444444444445,
            0.6611174242424243
        ],
        "sec": [
            0.05517929292929294,
            0.07718939393939393,
            0.061020202020202016,
            0.052297979797979795,
            0.07285353535353535
        ],
        "sem": [
            0.00625,
            0.004583333333333333,
            0.005909090909090908,
            0.005492424242424242,
            0.005833333333333334
        ],
        "vis": [
            0.6656616161616162,
            0.6722121212121214,
            0.6675075757575758,
            0.6762992424242423,
            0.6616729797979798
        ]
    },
    "r_awa": {
        "cat": [
            0.692039302766584,
            0.6668576785083385,
            0.6567655157102397,
            0.6610581304394106,
            0.6621056968636343
        ],
        "s2s": [
            0.6056284443481708,
            0.5894168501092483,
            0.5794042970269758,
            0.5782742206273362,
            0.5790495402148054
        ],
        "sae": [
            0.7556018536563721,
            0.7604205325826244,
            0.7499390320716803,
            0.7363137659907631,
            0.7520199255948394
        ],
        "sec": [
            0.28378416702356923,
            0.2834624745976435,
            0.27003823235501284,
            0.2585426085758945,
            0.21498214111825006
        ],
        "sem": [
            0.01960843406154321,
            0.015329953537763624,
            0.021808378678505474,
            0.018616336319012224,
            0.019097528561072375
        ],
        "vis": [
            0.8803308585938445,
            0.8785274460694695,
            0.8818026658946873,
            0.8739461671277382,
            0.8767173159168824
        ]
    },
    "r_cub": {
        "cat": [
            0.006249999999999999,
            0.007083333333333334,
            0.00928030303030303,
            0.005909090909090908,
            0.008787878787878787
        ],
        "s2s": [
            0.17432070707070707,
            0.19060858585858587,
            0.16412752525252525,
            0.17345328282828285,
            0.18142550505050503
        ],
        "sae": [
            0.6335656565656567,
            0.611864898989899,
            0.6075858585858586,
            0.6207954545454546,
            0.6143926767676767
        ],
        "sec": [
            0.0642449494949495,
            0.06786868686868687,
            0.06707575757575757,
            0.06600252525252526,
            0.06684848484848484
        ],
        "sem": [
            0.005833333333333333,
            0.005,
            0.0050757575757575755,
            0.004659090909090909,
            0.005833333333333333
        ],
        "vis": [
            0.6506111111111111,
            0.6414078282828284,
            0.6623156565656565,
            0.6463573232323232,
            0.6358257575757575
        ]
    }
}