{
    "i_awa": {
        "cat": [
            0.722362172470453,
            0.7222585266821396,
            0.719200950423542,
            0.7199173929872257,
            0.7123160863780273
        ],
        "s2s": [
            0.6633066819854223,
            0.6500806651757514,
            0.6557114996458124,
            0.6621664177624997,
            0.6612058452338969
        ],
        "sae": [
            0.7466464922908653,
            0.748352190991351,
            0.7569425828002718,
            0.7512321327194761,
            0.7409988091605616
        ],
        "sec": [
            0.5577812776118577,
            0.5269919398463425,
            0.5354829076039427,
            0.5508238135826686,
            0.5694207824262306
        ],
        "sem": [
            0.14755602910574478,
            0.15718515376586015,
            0.15341384260613822,
            0.15461817195094432,
            0.1538926217241395
        ],
        "vis": [
            0.8596868526179844,
            0.8563588679130697,
            0.8621903537869425,
            0.8586169190989216,
            0.8507028045711611
        ]
    },
    "i_cub": {
        "cat": [
            0.023974747474747468,
            0.022472222222222223,
            0.021535353535353532,
            0.020108585858585853,
            0.022373737373737376
        ],
        "s2s": [
            0.2699949494949495,
            0.2345618686868687,
            0.2631388888888889,
            0.2561679292929293,
            0.2483497474747475
        ],
        "sae": [
            0.6675984848484847,
            0.6834621212121212,
            0.6659469696969696,
            0.6567449494949494,
            0.6685000000000001
        ],
        "sec": [
            0.1604191919191919,
            0.12778535353535353,
            0.13815656565656564,
            0.1591717171717172,
            0.13476767676767676
        ],
        "sem": [
            0.00875,
            0.008472222222222221,
            0.009772727272727273,
            0.007272727272727273,
            0.01090909090909091
        ],
        "vis": [
            0.6609368686868687,
            0.6695542929292929,
            0.6668560606060606,
            0.6566098484848485,
            0.6745909090909091
        ]
    },
    "r_awa": {
        "cat": [
            0.8147251484605792,
            0.8112473691886933,
            0.8271567259526061,
            0.8198706150934693,
            0.8154072637797658
        ],
        "s2s": [
            0.6687521244410355,
            0.685231184662907,
            0.6663882807197709,
            0.6608889990012595,
            0.6757296985771848
        ],
        "sae": [
            0.7520881144294207,
            0.7466482138605631,
            0.7369144209015756,
            0.7449615297361284,
            0.7667072944528439
        ],
        "sec": [
            0.561238054898692,
            0.4933751691389235,
            0.48258312688790667,
            0.5104620555261662,
            0.5098836027456373
        ],
        "sem": [
            0.15707876016465983,
            0.16274944460883972,
            0.1612579975091772,
            0.15804055901954578,
            0.16457326850353626
        ],
        "vis": [
            0.8794477939679838,
            0.8815384341612029,
            0.8773427993108035,
            0.8714531166518529,
            0.8783861802066609
        ]
    },
    "r_cub": {
        "cat": [
            0.0243989898989899,
            0.020166666666666666,
            0.024969696969696965,
            0.025138888888888888,
            0.022032828282828282
        ],
        "s2s": [
            0.2555858585858586,
            0.22797222222222224,
            0.2393017676767677,
            0.24665404040404038,
            0.24368686868686867
        ],
        "sae": [
            0.6235883838383838,
            0.6259835858585859,
            0.623080808080808,
            0.6202929292929293,
            0.6210921717171718
        ],
        "sec": [
            0.17573737373737372,
            0.1623358585858586,
            0.1623030303030303,
            0.14010606060606062,
            0.15875505050505048
        ],
        "sem": [
            0.0075,
            0.009305555555555555,
            0.009318181818181817,
            0.010744949494949495,
            0.00875
        ],
        "vis": [
            0.6475252525252526,
            0.6489419191919192,
            0.648385101010101,
            0.6342424242424243,
            0.6595681818181819
        ]
    }
}