{
    "i_awa": {
        "cat": [
            0.6418687800643141,
            0.6561873395423008,
            0.6715934813001918,
            0.6613917628212667,
            0.651370639765811
        ],
        "pca": [
            0.45362382345912555,
            0.3393804263663292,
            0.3610662993119482,
            0.3719302725034575,
            0.24586833185604162
        ],
        "s2s": [
            0.6452637113575547,
            0.6174652163181193,
            0.6259328894752417,
            0.6522874168528168,
            0.6500308134920525
        ],
        "sae": [
            0.752658254913959,
            0.7512522376160262,
            0.7415169241877041,
            0.7428059740575239,
            0.7471070493850347
        ],
        "sec": [
            0.4360250370404299,
            0.4753921564937061,
            0.45883676097148834,
            0.45219617481235264,
            0.4844733767723707
        ],
        "sem": [
            0.0843042339832505,
            0.0847304231949919,
            0.09129135646940983,
            0.09593258407387495,
            0.08445082622169027
        ],
        "vis": [
            0.8526813755848143,
            0.845722971668787,
            0.8613052426853441,
            0.8644132674206553,
            0.857563502439307
        ]
    },
    "i_cub": {
        "cat": [
            0.016964646464646464,
            0.018722222222222223,
            0.013106060606060605,
            0.01583333333333333,
            0.017335858585858586
        ],
        "pca": [
            0.021363636363636362,
            0.016446969696969696,
            0.015946969696969696,
            0.014583333333333332,
            0.01137121212121212
        ],
        "s2s": [
            0.23320959595959598,
            0.2458762626262626,
            0.22180934343434344,
            0.22765151515151516,
            0.23142929292929296
        ],
        "sae": [
            0.6656439393939394,
            0.6686654040404041,
            0.657804292929293,
            0.6688308080808082,
            0.6804040404040405
        ],
        "sec": [
            0.1151060606060606,
            0.09963636363636363,
            0.13467929292929293,
            0.11364393939393938,
            0.14211363636363636
        ],
        "sem": [
            0.004722222222222222,
            0.008472222222222221,
            0.005984848484848485,
            0.0076893939393939395,
            0.007499999999999999
        ],
        "vis": [
            0.6534747474747475,
            0.6751931818181818,
            0.6708345959595959,
            0.6805025252525252,
            0.6673459595959597
        ]
    },
    "r_awa": {
        "cat": [
            0.7747483545037377,
            0.7691013176292006,
            0.7885022366224576,
            0.7757253336373257,
            0.779969494592009
        ],
        "pca": [
            0.28413300133773056,
            0.34647270668623015,
            0.1603943836883465,
            0.2836774526754664,
            0.2441787928257103
        ],
        "s2s": [
            0.649106253108896,
            0.6610276695427886,
            0.6441061026656528,
            0.6508152497064488,
            0.6605864648993562
        ],
        "sae": [
            0.7470809971649851,
            0.7492098283721469,
            0.7442568398112941,
            0.7658630201772767,
            0.7345182532823502
        ],
        "sec": [
            0.40518236584137024,
            0.39742305202015904,
            0.40777308005772384,
            0.4509813992277871,
            0.4456435329421242
        ],
        "sem": [
            0.0956066778404643,
            0.09912911682201388,
            0.09559968282981218,
            0.09048124789867176,
            0.09420930446074552
        ],
        "vis": [
            0.8781149635418819,
            0.8856691816882504,
            0.8719303279306755,
            0.872092933992173,
            0.8772828530365693
        ]
    },
    "r_cub": {
        "cat": [
            0.01642676767676768,
            0.01925,
            0.013113636363636362,
            0.01916666666666667,
            0.020984848484848485
        ],
        "pca": [
            0.019363636363636364,
            0.008787878787878787,
            0.018037878787878783,
            0.011901515151515153,
            0.009287878787878788
        ],
        "s2s": [
            0.20734848484848484,
            0.20725757575757575,
            0.2225719696969697,
            0.20431439393939393,
            0.20192297979797977
        ],
        "sae": [
            0.6249419191919192,
            0.6195656565656565,
            0.624104797979798,
            0.6102689393939394,
            0.6299469696969697
        ],
        "sec": [
            0.12798484848484848,
            0.11298232323232323,
            0.1324431818181818,
            0.11311363636363637,
            0.13071212121212122
        ],
        "sem": [
            0.006250000000000001,
            0.007916666666666667,
            0.006742424242424242,
            0.008409090909090908,
            0.007916666666666666
        ],
        "vis": [
            0.6458838383838383,
            0.6468724747474748,
            0.6514545454545455,
            0.6472335858585859,
            0.6488775252525252
        ]
    }
}