{
    "i_awa": {
        "cat": [
            0.7783470281230314,
            0.7758383441173154,
            0.7860285845426945,
            0.783061206916299,
            0.7790938278551525
        ],
        "s2s": [
            0.6751860886564482,
            0.6802832921507498,
            0.6820185665482639,
            0.6765916768377072,
            0.682083203602903
        ],
        "sae": [
            0.7666429704735305,
            0.7291333268264798,
            0.757603330142487,
            0.7579002162299724,
            0.7598810846852944
        ],
        "sec": [
            0.6238703628228529,
            0.6148288572385686,
            0.6038987206800092,
            0.6474493709765932,
            0.6562741892208551
        ],
        "sem": [
            0.27563296317239144,
            0.2754869054075616,
            0.2732141382019643,
            0.2770955444287227,
            0.2790961218027607
        ],
        "vis": [
            0.8709781200657101,
            0.8454568923586977,
            0.8588954395180711,
            0.85469300477899,
            0.8621148052586666
        ]
    },
    "i_cub": {
        "cat": [
            0.02430808080808081,
            0.02761111111111111,
            0.025967171717171715,
            0.024621212121212124,
            0.02801262626262626
        ],
        "s2s": [
            0.2739419191919192,
            0.27173232323232327,
            0.2858194444444444,
            0.2843977272727273,
            0.27921717171717175
        ],
        "sae": [
            0.6690454545454546,
            0.6661868686868688,
            0.6699823232323232,
            0.6844393939393939,
            0.6847992424242423
        ],
        "sec": [
            0.17840656565656565,
            0.19821464646464648,
            0.1696641414141414,
            0.20074747474747476,
            0.21412121212121213
        ],
        "sem": [
            0.011388888888888891,
            0.012083333333333333,
            0.007159090909090908,
            0.008977272727272728,
            0.011111111111111112
        ],
        "vis": [
            0.6597803030303031,
            0.6641224747474748,
            0.6773573232323232,
            0.669854797979798,
            0.6743434343434344
        ]
    },
    "r_awa": {
        "cat": [
            0.8613008151209879,
            0.8478242154137833,
            0.867667062772696,
            0.8520454558256535,
            0.8733256423830514
        ],
        "s2s": [
            0.7082570490146529,
            0.6941559679059417,
            0.6997961040605136,
            0.7071175461713771,
            0.713616043804819
        ],
        "sae": [
            0.7434899001650729,
            0.7552992255893176,
            0.7534904923634071,
            0.764198371798062,
            0.7385177127449509
        ],
        "sec": [
            0.560494839926771,
            0.5772757054393292,
            0.5874555152593662,
            0.6092404783127685,
            0.5643546791633629
        ],
        "sem": [
            0.28042197805072866,
            0.280026895923728,
            0.2768894458715292,
            0.2830556041667318,
            0.2898310310550621
        ],
        "vis": [
            0.8837354278048033,
            0.8827383701417884,
            0.8759158066382453,
            0.8734651279128562,
            0.8742780129182961
        ]
    },
    "r_cub": {
        "cat": [
            0.02888131313131313,
            0.031222222222222228,
            0.028279040404040404,
            0.03691919191919192,
            0.03293686868686869
        ],
        "s2s": [
            0.2433181818181818,
            0.25726262626262625,
            0.2471073232323232,
            0.2427689393939394,
            0.25298737373737373
        ],
        "sae": [
            0.6145909090909091,
            0.6255454545454545,
            0.6172020202020202,
            0.6294318181818181,
            0.6271098484848485
        ],
        "sec": [
            0.20591919191919192,
            0.21769696969696972,
            0.22805934343434345,
            0.2425770202020202,
            0.21667803030303026
        ],
        "sem": [
            0.011333333333333332,
            0.011611111111111112,
            0.012078282828282827,
            0.013042929292929294,
            0.013371212121212122
        ],
        "vis": [
            0.6448106060606061,
            0.6403131313131314,
            0.6489696969696971,
            0.6321590909090908,
            0.6563952020202021
        ]
    }
}