{
    "i_awa": {
        "cat": [
            1.0,
            1.0,
            0.9993132335365382,
            0.99914134993842,
            0.9998601398601399
        ],
        "s2s": [
            0.8123687865626927,
            0.8172812549199442,
            0.8136523724711127,
            0.8101621292060639,
            0.8180080424238382
        ],
        "sae": [
            0.7532999140478108,
            0.7486059841078629,
            0.7431063975385744,
            0.7644384755080926,
            0.744608165109554
        ],
        "sec": [
            0.9902271948428875,
            0.9923389703895436,
            0.9848289031559763,
            0.987479560485424,
            0.9874172303198877
        ],
        "sem": [
            1.0,
            1.0,
            1.0,
            1.0,
            1.0
        ],
        "vis": [
            0.858583657433302,
            0.859664629349545,
            0.8659552284279767,
            0.8600642871976507,
            0.8513343422490842
        ]
    },
    "i_cub": {
        "cat": [
            0.9983333333333333,
            0.9995833333333333,
            0.9991666666666665,
            1.0,
            1.0
        ],
        "s2s": [
            0.614530303030303,
            0.6389886363636363,
            0.6283573232323232,
            0.6270757575757576,
            0.6197310606060606
        ],
        "sae": [
            0.6792424242424242,
            0.680675505050505,
            0.6752133838383838,
            0.6810328282828283,
            0.6659747474747475
        ],
        "sec": [
            0.9879166666666666,
            0.9924242424242425,
            0.9936666666666667,
            0.9912121212121211,
            0.992840909090909
        ],
        "sem": [
            1.0,
            1.0,
            1.0,
            1.0,
            1.0
        ],
        "vis": [
            0.6578863636363637,
            0.6761704545454547,
            0.6531502525252526,
            0.6779671717171718,
            0.660486111111111
        ]
    },
    "r_awa": {
        "cat": [
            0.9981964038767923,
            0.9982288548052568,
            0.9959430364507739,
            0.9982091732545243,
            0.997516910128188
        ],
        "s2s": [
            0.8191226540180775,
            0.8073857782841445,
            0.826527761821962,
            0.8129123954007617,
            0.8279801502116123
        ],
        "sae": [
            0.7496565529863857,
            0.763340342788924,
            0.752287561515354,
            0.7563670361723243,
            0.7375368012816785
        ],
        "sec": [
            0.9967569987227637,
            0.997132791348729,
            0.9954092173646372,
            0.9960312596867763,
            0.9947886025577033
        ],
        "sem": [
            1.0,
            1.0,
            1.0,
            1.0,
            1.0
        ],
        "vis": [
            0.8858305800586376,
            0.8764120409472338,
            0.8810823290884031,
            0.8726824722143575,
            0.8734028201458899
        ]
    },
    "r_cub": {
        "cat": [
            0.9926666666666665,
            0.9911363636363636,
            0.9939621212121214,
            0.9916666666666667,
            0.9941666666666665
        ],
        "s2s": [
            0.594179292929293,
            0.5819621212121212,
            0.5809709595959596,
            0.5932979797979798,
            0.6053232323232324
        ],
        "sae": [
            0.6251363636363636,
            0.639070707070707,
            0.6209280303030303,
            0.613300505050505,
            0.6220820707070707
        ],
        "sec": [
            0.9874166666666666,
            0.9878030303030303,
            0.9835833333333333,
            0.9883333333333333,
            0.9864166666666666
        ],
        "sem": [
            1.0,
            1.0,
            1.0,
            1.0,
            1.0
        ],
        "vis": [
            0.6451414141414142,
            0.65114898989899,
            0.6401931818181817,
            0.6470416666666666,
            0.6497853535353536
        ]
    }
}