{
    "i_awa": {
        "cat": [
            0.47285495377436637,
            0.47319221166567693,
            0.4827486116656416,
            0.4673540953406542,
            0.468249677904208
        ],
        "pca": [
            0.3073958025406949,
            0.40150103639235474,
            0.4593178300709199,
            0.39027432033678194,
            0.3868190983065894
        ],
        "s2s_v1": [
            0.5366957014009184,
            0.5454659473804524,
            0.568947363408412,
            0.5648307778350323,
            0.5467210092300576
        ],
        "s2s_v2": [
            0.5750126544199874,
            0.6073310826916316,
            0.59697238138471,
            0.6074638405463141,
            0.5448912270184791
        ],
        "sae": [
            0.7353016704207093,
            0.7598091344526473,
            0.7622177824915706,
            0.7265865213105954,
            0.7367950984848229
        ],
        "sec_v1": [
            0.2809576684683235,
            0.31935644140474206,
            0.28531694384663914,
            0.3245688737357048,
            0.2738134208457375
        ],
        "sec_v2": [
            0.02485000061799271,
            0.06248363961453494,
            0.02295407133735157,
            0.035486695142814,
            0.026874169554364027
        ],
        "sem": [
            0.020472772630420338,
            0.02386222575806256,
            0.018321641563512122,
            0.019207399715223374,
            0.020652996523464986
        ],
        "vis": [
            0.8511902907436638,
            0.8531835649475904,
            0.8529587611123395,
            0.861247657285063,
            0.8679917132511913
        ]
    },
    "i_cub": {
        "cat": [
            0.005416666666666668,
            0.008333333333333333,
            0.008068181818181818,
            0.005454545454545454,
            0.008333333333333333
        ],
        "pca": [
            0.017363636363636362,
            0.011787878787878786,
            0.01458333333333333,
            0.022856060606060605,
            0.026401515151515148
        ],
        "s2s_v1": [
            0.1584520202020202,
            0.16951388888888888,
            0.17881944444444442,
            0.1486590909090909,
            0.1590757575757576
        ],
        "s2s_v2": [
            0.03276010101010101,
            0.03007575757575758,
            0.034749999999999996,
            0.03482070707070707,
            0.02965909090909091
        ],
        "sae": [
            0.6568585858585858,
            0.6785303030303029,
            0.6750176767676769,
            0.6759444444444445,
            0.6611174242424243
        ],
        "sec_v1": [
            0.06582575757575757,
            0.08888636363636364,
            0.08202777777777777,
            0.07816161616161615,
            0.08107575757575755
        ],
        "sec_v2": [
            0.013333333333333332,
            0.009166666666666667,
            0.010454545454545454,
            0.008333333333333333,
            0.005416666666666666
        ],
        "sem": [
            0.00625,
            0.004583333333333333,
            0.005909090909090908,
            0.005492424242424242,
            0.005833333333333334
        ],
        "vis": [
            0.6656616161616162,
            0.6722121212121214,
            0.6675075757575758,
            0.6762992424242423,
            0.6616729797979798
        ]
    },
    "r_awa": {
        "cat": [
            0.692039302766584,
            0.6668576785083385,
            0.6567655157102397,
            0.6610581304394106,
            0.6621056968636343
        ],
        "pca": [
            0.3604969201106281,
            0.244663726762179,
            0.09968519792613066,
            0.1999414579297077,
            0.23295108736119688
        ],
        "s2s_v1": [
            0.5992546809100519,
            0.5900343485767852,
            0.5970881865815574,
            0.6015034177974568,
            0.5981178387506243
        ],
        "s2s_v2": [
            0.6787872869111541,
            0.6917299967419775,
            0.6710283084373317,
            0.6822386763403974,
            0.6852305324052841
        ],
        "sae": [
            0.7556018536563721,
            0.7604205325826244,
            0.7499390320716803,
            0.7363137659907631,
            0.7520199255948394
        ],
        "sec_v1": [
            0.2644157123031475,
            0.3293291918589805,
            0.3742800544282249,
            0.3173779634196767,
            0.32766753204031196
        ],
        "sec_v2": [
            0.022243045644352998,
            0.020940931372149554,
            0.02044800472333719,
            0.028282861981879383,
            0.020870128970369745
        ],
        "sem": [
            0.01960843406154321,
            0.015329953537763624,
            0.021808378678505474,
            0.018616336319012224,
            0.019097528561072375
        ],
        "vis": [
            0.8803308585938445,
            0.8785274460694695,
            0.8818026658946873,
            0.8739461671277382,
            0.8767173159168824
        ]
    },
    "r_cub": {
        "cat": [
            0.006249999999999999,
            0.007083333333333334,
            0.00928030303030303,
            0.005909090909090908,
            0.008787878787878787
        ],
        "pca": [
            0.0125,
            0.019393939393939394,
            0.024669191919191914,
            0.007954545454545454,
            0.010252525252525251
        ],
        "s2s_v1": [
            0.151010101010101,
            0.1416969696969697,
            0.14979671717171716,
            0.11733333333333333,
            0.14436363636363636
        ],
        "s2s_v2": [
            0.014696969696969698,
            0.014666666666666668,
            0.014499999999999999,
            0.015416666666666667,
            0.019431818181818182
        ],
        "sae": [
            0.6335656565656567,
            0.611864898989899,
            0.6075858585858586,
            0.6207954545454546,
            0.6143926767676767
        ],
        "sec_v1": [
            0.08554797979797979,
            0.08320454545454545,
            0.07300000000000001,
            0.08054419191919193,
            0.0788510101010101
        ],
        "sec_v2": [
            0.005555555555555556,
            0.005833333333333333,
            0.005,
            0.005416666666666666,
            0.005416666666666666
        ],
        "sem": [
            0.005833333333333333,
            0.005,
            0.0050757575757575755,
            0.004659090909090909,
            0.005833333333333333
        ],
        "vis": [
            0.6506111111111111,
            0.6414078282828284,
            0.6623156565656565,
            0.6463573232323232,
            0.6358257575757575
        ]
    }
}