{
    "i_awa": {
        "cat": [
            0.9810775832233292,
            0.9839810599759816,
            0.9844028833742496,
            0.9842728128911294,
            0.9808203098778243
        ],
        "s2s": [
            0.780711563767538,
            0.783307559382386,
            0.783001056593573,
            0.7832605866358375,
            0.7758018043995724
        ],
        "sae": [
            0.7348138493818087,
            0.7498532045207146,
            0.7641479179625641,
            0.7262646474784483,
            0.7522053303383348
        ],
        "sec": [
            0.9506143266931092,
            0.954811003116997,
            0.9565068389421826,
            0.9416597489655422,
            0.9564999475527043
        ],
        "sem": [
            0.9430636175467577,
            0.9382699339942165,
            0.9334795325917247,
            0.939686787743364,
            0.937495669033493
        ],
        "vis": [
            0.8593144285292581,
            0.8552282872487089,
            0.8635722335210774,
            0.8501989851440608,
            0.8565552733302535
        ]
    },
    "i_cub": {
        "cat": [
            0.294290404040404,
            0.30692929292929294,
            0.3014381313131313,
            0.3070391414141414,
            0.32258207070707073
        ],
        "s2s": [
            0.5134141414141413,
            0.4811388888888889,
            0.5014734848484849,
            0.4678282828282828,
            0.49683585858585855
        ],
        "sae": [
            0.6728888888888889,
            0.6652714646464646,
            0.6744924242424242,
            0.675959595959596,
            0.6706780303030303
        ],
        "sec": [
            0.8496186868686868,
            0.8459873737373738,
            0.8466060606060606,
            0.8530050505050505,
            0.8420909090909092
        ],
        "sem": [
            0.1448813131313131,
            0.15549368686868686,
            0.14482323232323233,
            0.136125,
            0.14043055555555556
        ],
        "vis": [
            0.6672601010101009,
            0.6648914141414142,
            0.6598522727272728,
            0.6730290404040404,
            0.6722070707070706
        ]
    },
    "r_awa": {
        "cat": [
            0.9923278882261866,
            0.984666203166598,
            0.9840446661527308,
            0.9849634913479686,
            0.9837229736278479
        ],
        "s2s": [
            0.8055108611286472,
            0.7863941880656562,
            0.7905560995192964,
            0.8027284911021306,
            0.7917842945056344
        ],
        "sae": [
            0.7490542678665739,
            0.7513601908781411,
            0.7421154208936597,
            0.7457451409421596,
            0.7682320021155904
        ],
        "sec": [
            0.964717752973836,
            0.9595614245769307,
            0.9612982979288988,
            0.9610294443925302,
            0.954100078335725
        ],
        "sem": [
            0.9471309779719512,
            0.9460397823181111,
            0.9508487147964635,
            0.948386293129967,
            0.9466404665607164
        ],
        "vis": [
            0.8857108447304632,
            0.8745651594230948,
            0.891098714303157,
            0.8732681762362691,
            0.8713744472619765
        ]
    },
    "r_cub": {
        "cat": [
            0.3687171717171717,
            0.35324621212121216,
            0.3485391414141414,
            0.34201388888888884,
            0.3456439393939394
        ],
        "s2s": [
            0.435550505050505,
            0.4466111111111111,
            0.4463989898989898,
            0.45690782828282833,
            0.45124621212121213
        ],
        "sae": [
            0.639260101010101,
            0.6243118686868686,
            0.6257260101010101,
            0.6272525252525252,
            0.6192878787878787
        ],
        "sec": [
            0.873931818181818,
            0.8705909090909091,
            0.8771047979797979,
            0.8707272727272727,
            0.869806818181818
        ],
        "sem": [
            0.15243686868686868,
            0.1427689393939394,
            0.13432196969696972,
            0.13465151515151513,
            0.1423421717171717
        ],
        "vis": [
            0.6389747474747475,
            0.6424659090909092,
            0.658513888888889,
            0.6492664141414142,
            0.6527550505050504
        ]
    }
}