{
    "i_awa": {
        "cat": [
            0.58511195483202,
            0.5858461814575131,
            0.5828474552518474,
            0.5944893110698171,
            0.5883166006489844
        ],
        "s2s": [
            0.5962356759721831,
            0.6256806743309538,
            0.6003062333766984,
            0.600004388951328,
            0.6201854472148044
        ],
        "sae": [
            0.7355895842623569,
            0.7538848305427126,
            0.7457952715567687,
            0.7417054303994799,
            0.7606884190535764
        ],
        "sec": [
            0.48181054429303116,
            0.3931401470095499,
            0.44764770262461445,
            0.4289763985539042,
            0.3923533259262885
        ],
        "sem": [
            0.04878984601609366,
            0.05370042304265939,
            0.04621889106161924,
            0.04872871287750227,
            0.05896102541784746
        ],
        "vis": [
            0.8592412093678528,
            0.8660261512545457,
            0.8521793229253773,
            0.8538256298912661,
            0.857983965333517
        ]
    },
    "i_cub": {
        "cat": [
            0.0125,
            0.011749999999999998,
            0.01321969696969697,
            0.011515151515151513,
            0.012613636363636365
        ],
        "s2s": [
            0.20291161616161615,
            0.21880429292929293,
            0.21171843434343432,
            0.1991578282828283,
            0.2049558080808081
        ],
        "sae": [
            0.6811186868686869,
            0.6703030303030303,
            0.6752676767676767,
            0.6711755050505052,
            0.6657840909090909
        ],
        "sec": [
            0.10075252525252525,
            0.08916919191919191,
            0.09383333333333332,
            0.08809343434343435,
            0.10654292929292929
        ],
        "sem": [
            0.00625,
            0.00625,
            0.0076893939393939395,
            0.005151515151515152,
            0.005833333333333333
        ],
        "vis": [
            0.6773611111111112,
            0.6545340909090911,
            0.6706464646464647,
            0.6589608585858585,
            0.6787222222222222
        ]
    },
    "r_awa": {
        "cat": [
            0.7379701231410136,
            0.7501155136600297,
            0.745861617986793,
            0.7336885781815319,
            0.7272251013951483
        ],
        "s2s": [
            0.6313845444239748,
            0.6274751099724891,
            0.6323669652689504,
            0.6173894136567574,
            0.6291502444149825
        ],
        "sae": [
            0.7513957768131416,
            0.7555369403318566,
            0.7350082065332357,
            0.752896856653606,
            0.7523146936811483
        ],
        "sec": [
            0.3167548816589424,
            0.36265768363074097,
            0.3789141024025417,
            0.3203342938368874,
            0.37131793939184154
        ],
        "sem": [
            0.05209692418739207,
            0.051050370192160015,
            0.051802182576198674,
            0.05128797322983579,
            0.05517485127163417
        ],
        "vis": [
            0.8792738638919291,
            0.8829739634386486,
            0.8785902322138804,
            0.884644126488005,
            0.8630386495470962
        ]
    },
    "r_cub": {
        "cat": [
            0.01690909090909091,
            0.013833333333333335,
            0.015265151515151516,
            0.015340909090909093,
            0.012121212121212121
        ],
        "s2s": [
            0.2074848484848485,
            0.19631186868686867,
            0.18396969696969698,
            0.2020669191919192,
            0.19664267676767674
        ],
        "sae": [
            0.6203888888888889,
            0.6213181818181818,
            0.6260416666666667,
            0.6256489898989899,
            0.6247575757575757
        ],
        "sec": [
            0.07695959595959595,
            0.08517929292929294,
            0.08627777777777779,
            0.09347222222222222,
            0.08966919191919193
        ],
        "sem": [
            0.008333333333333333,
            0.0075,
            0.0034090909090909094,
            0.005492424242424243,
            0.005
        ],
        "vis": [
            0.6493080808080808,
            0.651135101010101,
            0.6550732323232323,
            0.6533648989898989,
            0.6475113636363636
        ]
    }
}