{
    "i_awa": {
        "cat": [
            0.8990971560840181,
            0.9059320793947627,
            0.913236496301835,
            0.9064338917037698,
            0.9036622614189938
        ],
        "s2s": [
            0.7289565357665155,
            0.7254900445171909,
            0.7289892760989534,
            0.7323710907026356,
            0.733747614372001
        ],
        "sae": [
            0.7319932024565067,
            0.7490844904055578,
            0.7604211786984888,
            0.7351609698797779,
            0.7712118258243733
        ],
        "sec": [
            0.7734427144937712,
            0.7866529827611528,
            0.7878399781519454,
            0.7748567562906217,
            0.7966073367952504
        ],
        "sem": [
            0.6259489287937153,
            0.6190910962492707,
            0.6215169351253719,
            0.6270602152748803,
            0.6211317843125055
        ],
        "vis": [
            0.8570037974975123,
            0.8626553995989292,
            0.8626734866520203,
            0.8543038700320982,
            0.8489351429534331
        ]
    },
    "i_cub": {
        "cat": [
            0.05272727272727273,
            0.05388131313131313,
            0.06145202020202021,
            0.05210732323232323,
            0.0531540404040404
        ],
        "s2s": [
            0.34547979797979794,
            0.3574002525252525,
            0.344125,
            0.3573712121212121,
            0.3690833333333333
        ],
        "sae": [
            0.6833232323232323,
            0.6819646464646464,
            0.6725845959595961,
            0.665054292929293,
            0.673330808080808
        ],
        "sec": [
            0.35667676767676765,
            0.45625631313131315,
            0.4027045454545454,
            0.365739898989899,
            0.32149116161616165
        ],
        "sem": [
            0.02211111111111111,
            0.01778787878787879,
            0.01916161616161616,
            0.02061868686868687,
            0.01851010101010101
        ],
        "vis": [
            0.6792929292929293,
            0.6708636363636364,
            0.6540303030303031,
            0.6697449494949496,
            0.6692904040404041
        ]
    },
    "r_awa": {
        "cat": [
            0.9258178944543761,
            0.9305712216820291,
            0.9301412625246068,
            0.9298204234205509,
            0.9273951407274137
        ],
        "s2s": [
            0.7457577182914124,
            0.7485147270822192,
            0.7542586137886187,
            0.7537800497952971,
            0.7368137857148521
        ],
        "sae": [
            0.7502165660021316,
            0.7570867833179961,
            0.7463959244202921,
            0.7541860401698599,
            0.7580570992211457
        ],
        "sec": [
            0.7808090311233967,
            0.7770899012594649,
            0.7923164180588617,
            0.7887339103259718,
            0.8051720328601201
        ],
        "sem": [
            0.6239287545145351,
            0.6242661497529595,
            0.6201011451730603,
            0.6387860753458728,
            0.6407395672721862
        ],
        "vis": [
            0.8782179782105137,
            0.8731307624276604,
            0.8854532965922544,
            0.8712281069057526,
            0.8786995715128514
        ]
    },
    "r_cub": {
        "cat": [
            0.0691439393939394,
            0.06543560606060606,
            0.07392045454545454,
            0.06377146464646465,
            0.06465151515151515
        ],
        "s2s": [
            0.3063636363636364,
            0.3066679292929293,
            0.30978409090909087,
            0.3140479797979798,
            0.3197790404040404
        ],
        "sae": [
            0.6188156565656565,
            0.6192196969696969,
            0.6313030303030303,
            0.6099633838383838,
            0.6238383838383839
        ],
        "sec": [
            0.4231237373737373,
            0.4549709595959597,
            0.4396717171717171,
            0.4742575757575757,
            0.47289520202020197
        ],
        "sem": [
            0.01591666666666667,
            0.01975,
            0.018252525252525253,
            0.02496969696969697,
            0.022159090909090913
        ],
        "vis": [
            0.6486666666666667,
            0.6449962121212122,
            0.6440075757575758,
            0.6489368686868687,
            0.6569671717171717
        ]
    }
}