{
    "i_awa": {
        "cat": [
            0.7783470281230314,
            0.7758383441173154,
            0.7860285845426945,
            0.783061206916299,
            0.7790938278551525
        ],
        "pca": [
            0.23466631080196113,
            0.224838234652187,
            0.3384402934513423,
            0.3507223283849512,
            0.459662651306087
        ],
        "s2s_v1": [
            0.6775426112152715,
            0.6825771273719705,
            0.6658642919829734,
            0.653738465958102,
            0.6759574255316138
        ],
        "s2s_v2": [
            0.6607432880027528,
            0.6749212656632153,
            0.6937037389503259,
            0.6975891236947647,
            0.692112995044883
        ],
        "sae": [
            0.7666429704735305,
            0.7291333268264798,
            0.757603330142487,
            0.7579002162299724,
            0.7598810846852944
        ],
        "vse_v1": [
            0.65584192372053,
            0.6231611971936276,
            0.6283314391020666,
            0.6036196664986163,
            0.6348807639762601
        ],
        "vse_v2": [
            0.2593688145355059,
            0.31719854861858177,
            0.2639949187346728,
            0.22107798839333964,
            0.2396160424010093
        ],
        "sem": [
            0.27563296317239144,
            0.2754869054075616,
            0.2732141382019643,
            0.2770955444287227,
            0.2790961218027607
        ],
        "vis": [
            0.8709781200657101,
            0.8454568923586977,
            0.8588954395180711,
            0.85469300477899,
            0.8621148052586666
        ]
    },
    "i_cub": {
        "cat": [
            0.02430808080808081,
            0.02761111111111111,
            0.025967171717171715,
            0.024621212121212124,
            0.02801262626262626
        ],
        "pca": [
            0.015037878787878788,
            0.01087121212121212,
            0.026744949494949495,
            0.010954545454545455,
            0.00925
        ],
        "s2s_v1": [
            0.2697727272727273,
            0.27465656565656565,
            0.2519090909090909,
            0.2744078282828283,
            0.2635429292929293
        ],
        "s2s_v2": [
            0.09198232323232323,
            0.10209595959595959,
            0.08480303030303031,
            0.09854797979797979,
            0.10279545454545456
        ],
        "sae": [
            0.6690454545454546,
            0.6661868686868688,
            0.6699823232323232,
            0.6844393939393939,
            0.6847992424242423
        ],
        "vse_v1": [
            0.2842323232323232,
            0.2825126262626263,
            0.3105113636363636,
            0.26250252525252527,
            0.24210227272727272
        ],
        "vse_v2": [
            0.0556060606060606,
            0.038353535353535355,
            0.04091666666666667,
            0.049267676767676766,
            0.03672474747474748
        ],
        "sem": [
            0.011388888888888891,
            0.012083333333333333,
            0.007159090909090908,
            0.008977272727272728,
            0.011111111111111112
        ],
        "vis": [
            0.6597803030303031,
            0.6641224747474748,
            0.6773573232323232,
            0.669854797979798,
            0.6743434343434344
        ]
    },
    "r_awa": {
        "cat": [
            0.8613008151209879,
            0.8478242154137833,
            0.867667062772696,
            0.8520454558256535,
            0.8733256423830514
        ],
        "pca": [
            0.1172224911808179,
            0.3195654490755319,
            0.10149408661778342,
            0.35274177897540887,
            0.15942417314498827
        ],
        "s2s_v1": [
            0.7101084464085937,
            0.7065532625890589,
            0.705379826283174,
            0.699212145694759,
            0.7108024223555343
        ],
        "s2s_v2": [
            0.7284071912277895,
            0.7304778682222145,
            0.7304354676219371,
            0.7328091879972309,
            0.7349905480392894
        ],
        "sae": [
            0.7434899001650729,
            0.7552992255893176,
            0.7534904923634071,
            0.764198371798062,
            0.7385177127449509
        ],
        "vse_v1": [
            0.6043409380901654,
            0.6593646261586636,
            0.6300470840418773,
            0.6507317890079917,
            0.6018850036415668
        ],
        "vse_v2": [
            0.11574561102518452,
            0.1767101304538644,
            0.1956749127985219,
            0.14651616207502144,
            0.1607049969828604
        ],
        "sem": [
            0.28042197805072866,
            0.280026895923728,
            0.2768894458715292,
            0.2830556041667318,
            0.2898310310550621
        ],
        "vis": [
            0.8837354278048033,
            0.8827383701417884,
            0.8759158066382453,
            0.8734651279128562,
            0.8742780129182961
        ]
    },
    "r_cub": {
        "cat": [
            0.02888131313131313,
            0.031222222222222228,
            0.028279040404040404,
            0.03691919191919192,
            0.03293686868686869
        ],
        "pca": [
            0.00962121212121212,
            0.021106060606060604,
            0.00875,
            0.01553030303030303,
            0.03136616161616161
        ],
        "s2s_v1": [
            0.245729797979798,
            0.24237373737373738,
            0.23141540404040406,
            0.2462487373737374,
            0.23517929292929296
        ],
        "s2s_v2": [
            0.04582575757575757,
            0.05037121212121212,
            0.05577272727272727,
            0.061631313131313134,
            0.037904040404040405
        ],
        "sae": [
            0.6145909090909091,
            0.6255454545454545,
            0.6172020202020202,
            0.6294318181818181,
            0.6271098484848485
        ],
        "vse_v1": [
            0.31354797979797977,
            0.274145202020202,
            0.2997310606060606,
            0.3134760101010101,
            0.305114898989899
        ],
        "vse_v2": [
            0.013207070707070707,
            0.008611111111111111,
            0.029116161616161616,
            0.015972222222222224,
            0.011111111111111112
        ],
        "sem": [
            0.011333333333333332,
            0.011611111111111112,
            0.012078282828282827,
            0.013042929292929294,
            0.013371212121212122
        ],
        "vis": [
            0.6448106060606061,
            0.6403131313131314,
            0.6489696969696971,
            0.6321590909090908,
            0.6563952020202021
        ]
    }
}