{
    "i_awa": {
        "cat": [
            0.9810775832233292,
            0.9839810599759816,
            0.9844028833742496,
            0.9842728128911294,
            0.9808203098778243
        ],
        "pca": [
            0.22573429179784124,
            0.37826248903676557,
            0.35451037424240167,
            0.2812790842376229,
            0.40921587538044785
        ],
        "s2s_v1": [
            0.7852686066835832,
            0.7776262160592528,
            0.7829142892165472,
            0.780490476461686,
            0.786850687455935
        ],
        "s2s_v2": [
            0.7960195442021402,
            0.7690266364196848,
            0.781915470206021,
            0.7849336480299232,
            0.7793863007422714
        ],
        "sae": [
            0.7348138493818087,
            0.7498532045207146,
            0.7641479179625641,
            0.7262646474784483,
            0.7522053303383348
        ],
        "vse_v1": [
            0.9638212214247018,
            0.9634844278480073,
            0.9703956494145818,
            0.9634542092895205,
            0.9677735999081044
        ],
        "vse_v2": [
            0.9298069855913732,
            0.9605064331909055,
            0.9348756465133755,
            0.9526922489883555,
            0.9662171892902012
        ],
        "sem": [
            0.9430636175467577,
            0.9382699339942165,
            0.9334795325917247,
            0.939686787743364,
            0.937495669033493
        ],
        "vis": [
            0.8593144285292581,
            0.8552282872487089,
            0.8635722335210774,
            0.8501989851440608,
            0.8565552733302535
        ]
    },
    "i_cub": {
        "cat": [
            0.294290404040404,
            0.30692929292929294,
            0.3014381313131313,
            0.3070391414141414,
            0.32258207070707073
        ],
        "pca": [
            0.0075,
            0.011909090909090909,
            0.010992424242424241,
            0.020946969696969697,
            0.017280303030303028
        ],
        "s2s_v1": [
            0.541040404040404,
            0.5239280303030303,
            0.5425681818181818,
            0.5179229797979797,
            0.533260101010101
        ],
        "s2s_v2": [
            0.4441944444444445,
            0.4536704545454546,
            0.4255669191919192,
            0.44341035353535346,
            0.43683585858585855
        ],
        "sae": [
            0.6728888888888889,
            0.6652714646464646,
            0.6744924242424242,
            0.675959595959596,
            0.6706780303030303
        ],
        "vse_v1": [
            0.928840909090909,
            0.9217727272727274,
            0.9287853535353535,
            0.9283005050505051,
            0.9394469696969696
        ],
        "vse_v2": [
            0.7367348484848485,
            0.7391590909090909,
            0.7367979797979797,
            0.7317348484848485,
            0.7299987373737374
        ],
        "sem": [
            0.1448813131313131,
            0.15549368686868686,
            0.14482323232323233,
            0.136125,
            0.14043055555555556
        ],
        "vis": [
            0.6672601010101009,
            0.6648914141414142,
            0.6598522727272728,
            0.6730290404040404,
            0.6722070707070706
        ]
    },
    "r_awa": {
        "cat": [
            0.9923278882261866,
            0.984666203166598,
            0.9840446661527308,
            0.9849634913479686,
            0.9837229736278479
        ],
        "pca": [
            0.18110092324126137,
            0.203301363038192,
            0.23527531437385268,
            0.2435696273445092,
            0.27726819947805054
        ],
        "s2s_v1": [
            0.7957762433011106,
            0.811255020210114,
            0.8002881096186242,
            0.8002581319810749,
            0.8068273559854533
        ],
        "s2s_v2": [
            0.7943012118682904,
            0.8059967861450243,
            0.795760173052754,
            0.8046547665654881,
            0.802987518368334
        ],
        "sae": [
            0.7490542678665739,
            0.7513601908781411,
            0.7421154208936597,
            0.7457451409421596,
            0.7682320021155904
        ],
        "vse_v1": [
            0.9699480588534315,
            0.9692632675262264,
            0.9694711067377608,
            0.9748250197237452,
            0.9771690701359286
        ],
        "vse_v2": [
            0.8911324305318352,
            0.83479912858698,
            0.9156478396282967,
            0.9305652823931203,
            0.9175987258289661
        ],
        "sem": [
            0.9471309779719512,
            0.9460397823181111,
            0.9508487147964635,
            0.948386293129967,
            0.9466404665607164
        ],
        "vis": [
            0.8857108447304632,
            0.8745651594230948,
            0.891098714303157,
            0.8732681762362691,
            0.8713744472619765
        ]
    },
    "r_cub": {
        "cat": [
            0.3687171717171717,
            0.35324621212121216,
            0.3485391414141414,
            0.34201388888888884,
            0.3456439393939394
        ],
        "pca": [
            0.01678030303030303,
            0.010909090909090908,
            0.017325757575757574,
            0.013484848484848483,
            0.013560606060606061
        ],
        "s2s_v1": [
            0.485719696969697,
            0.4995896464646465,
            0.5018282828282828,
            0.4836780303030303,
            0.5052525252525253
        ],
        "s2s_v2": [
            0.3502979797979798,
            0.354195707070707,
            0.3471704545454546,
            0.30728030303030307,
            0.34056060606060606
        ],
        "sae": [
            0.639260101010101,
            0.6243118686868686,
            0.6257260101010101,
            0.6272525252525252,
            0.6192878787878787
        ],
        "vse_v1": [
            0.9317727272727274,
            0.9250959595959597,
            0.9293901515151514,
            0.9250227272727273,
            0.9228863636363636
        ],
        "vse_v2": [
            0.7387651515151515,
            0.4292575757575757,
            0.44881691919191924,
            0.38746212121212126,
            0.39276767676767677
        ],
        "sem": [
            0.15243686868686868,
            0.1427689393939394,
            0.13432196969696972,
            0.13465151515151513,
            0.1423421717171717
        ],
        "vis": [
            0.6389747474747475,
            0.6424659090909092,
            0.658513888888889,
            0.6492664141414142,
            0.6527550505050504
        ]
    }
}