{
    "best_loss": [
        0.00016580702705069146,
        49
    ],
    "loss": [
        0.0006644746188478313,
        0.0005335721514945021,
        0.0004833270330469136,
        0.0004305236638722372,
        0.0003871230228405934,
        0.0003560393045034852,
        0.0003327486172888033,
        0.00031730571163089547,
        0.0003001287585949834,
        0.0002872277605035596,
        0.00027596879865931324,
        0.0002671596030750139,
        0.0002602071239014846,
        0.00025341781399360855,
        0.0002462290352799136,
        0.00024002693594557414,
        0.0002348129331076458,
        0.00022986537238730396,
        0.00022328223001615843,
        0.00022111836113500042,
        0.00021672353999737282,
        0.00021193490013437323,
        0.00020955738023678788,
        0.00020522984084325765,
        0.000202430077154492,
        0.00019973027852728878,
        0.0001970016453307995,
        0.00019554108128956983,
        0.00019453616829954654,
        0.0001918302193266824,
        0.00019032017574963813,
        0.00018672798301149783,
        0.00018647714870585053,
        0.00018490035023710415,
        0.00018364537508594523,
        0.00018283823338052132,
        0.00017998489098086944,
        0.00017754696630642227,
        0.00017937485993962547,
        0.000176128337475227,
        0.00017392102071549093,
        0.0001728211057194115,
        0.00017509055931953717,
        0.00017157910147979285,
        0.00016968378399299377,
        0.00016972700567757567,
        0.00016892451082286132,
        0.00016763591009235683,
        0.0001660172779725493,
        0.00016580702705069146
    ],
    "svm_test": [
        0.12343096234309624,
        0.15376569037656904,
        0.18619246861924685,
        0.21792189679218968,
        0.23430962343096234,
        0.23744769874476987,
        0.2419804741980474,
        0.24232914923291493,
        0.253486750348675,
        0.25662482566248257,
        0.2744072524407252,
        0.2744072524407252,
        0.27370990237099024,
        0.28521617852161785,
        0.28661087866108786,
        0.2914923291492329,
        0.2914923291492329,
        0.299860529986053,
        0.29672245467224545,
        0.29358437935843795,
        0.29672245467224545,
        0.29497907949790797,
        0.29497907949790797,
        0.29358437935843795,
        0.3002092050209205,
        0.3064853556485356,
        0.3082287308228731,
        0.3113668061366806,
        0.3099721059972106,
        0.3193863319386332,
        0.3148535564853556,
        0.3183403068340307,
        0.3172942817294282,
        0.3148535564853556,
        0.31624825662482564,
        0.31520223152022314,
        0.31624825662482564,
        0.3179916317991632,
        0.3193863319386332,
        0.3186889818688982,
        0.3183403068340307,
        0.3193863319386332,
        0.3294979079497908,
        0.32252440725244075,
        0.3288005578800558,
        0.32496513249651326,
        0.32566248256624825,
        0.32601115760111576,
        0.32426778242677823,
        0.32810320781032076
    ],
    "svm_train": [
        0.9998256624825662,
        0.9993898186889819,
        0.9972977684797768,
        0.9960774058577406,
        0.9975592747559274,
        0.9986924686192469,
        0.9996513249651325,
        0.9994769874476988,
        0.9996513249651325,
        1.0,
        1.0,
        1.0,
        1.0,
        1.0,
        1.0,
        1.0,
        1.0,
        1.0,
        1.0,
        1.0,
        1.0,
        1.0,
        1.0,
        1.0,
        1.0,
        1.0,
        1.0,
        1.0,
        1.0,
        1.0,
        1.0,
        1.0,
        1.0,
        1.0,
        1.0,
        1.0,
        1.0,
        1.0,
        1.0,
        1.0,
        1.0,
        1.0,
        1.0,
        1.0,
        1.0,
        1.0,
        1.0,
        1.0,
        1.0,
        1.0
    ],
    "val_loss": [
        0.0005848833413845295,
        0.0005026503984905348,
        0.00045941094177836135,
        0.0004045704022151219,
        0.00037141525872750534,
        0.00034665839822581,
        0.00032282525612134874,
        0.00031184778969138707,
        0.0002990211238789098,
        0.00028659424423389503,
        0.00027582207395087256,
        0.00027393349850643814,
        0.00025973632300760975,
        0.0002519725146070201,
        0.000246860866957361,
        0.00024171011981335462,
        0.00023688470890451317,
        0.0002319437225649297,
        0.00022983771962837175,
        0.00023422748146895606,
        0.00022263060905321176,
        0.00021919502914123981,
        0.00021475183203877463,
        0.00021273511145465242,
        0.00021129148139802133,
        0.00020811124995004677,
        0.00020813216521281937,
        0.00020723069931209644,
        0.00020585618092827212,
        0.0002005973548020822,
        0.00020051494732643951,
        0.00019782774639575686,
        0.0001955670296884112,
        0.00019544658320192818,
        0.0001951875437471257,
        0.0001953698664993266,
        0.00019062040855093615,
        0.00019164330159921868,
        0.00019006301887022304,
        0.00018930546039062056,
        0.00018660133866745215,
        0.00018662625444858794,
        0.00018922948969185164,
        0.00018631466283223293,
        0.00018726624774121817,
        0.00018565030317952287,
        0.0001854976587844402,
        0.00018295226488756003,
        0.0001843702028782498,
        0.00018253213830871543
    ]
}