{
    "best_loss": [
        0.0001713343040879317,
        49
    ],
    "loss": [
        0.0006849044031818168,
        0.0005642139304798185,
        0.0005151438841796279,
        0.0004687698603759687,
        0.0004282690030347291,
        0.0003965587500593855,
        0.00037370890440975254,
        0.0003539784227330965,
        0.00033692166981588647,
        0.00032404635563158953,
        0.0002904064962906682,
        0.00027113792252196893,
        0.0002634790361091895,
        0.00025304577189479464,
        0.00024521904036329964,
        0.00024021923035202027,
        0.0002350396804824586,
        0.00023261525657568958,
        0.00022614698253803844,
        0.00022221283144168192,
        0.00021998516996790535,
        0.00021815805239625656,
        0.00021562742286850795,
        0.00020948671767890135,
        0.00020670176629737576,
        0.0002060577772558385,
        0.00020267568490740087,
        0.00020069591878008,
        0.00019699551749291258,
        0.00019638786537522733,
        0.00019676297585800748,
        0.00019260486569210128,
        0.00019152593068132954,
        0.00018994419375529338,
        0.00018793355303035848,
        0.00018732420209326977,
        0.00018659176299984292,
        0.00018332708100356405,
        0.00018320075598983107,
        0.00018074362654196076,
        0.00018040440459326533,
        0.00017993799588143582,
        0.00017960894543734722,
        0.00017611685045312888,
        0.0001754324301227153,
        0.00017714432747648168,
        0.00017597570184782547,
        0.00017435808775321718,
        0.00017470944851586228,
        0.0001713343040879317
    ],
    "svm_test": [
        0.14156206415620642,
        0.16283124128312412,
        0.20746164574616457,
        0.23500697350069735,
        0.24337517433751743,
        0.24651324965132496,
        0.26673640167364016,
        0.2702231520223152,
        0.2764993026499303,
        0.28068340306834033,
        0.27824267782426776,
        0.28172942817294283,
        0.28312412831241285,
        0.28765690376569036,
        0.29497907949790797,
        0.29567642956764295,
        0.29602510460251047,
        0.2988145048814505,
        0.29916317991631797,
        0.30474198047419804,
        0.3092747559274756,
        0.3124128312412831,
        0.3106694560669456,
        0.3172942817294282,
        0.3124128312412831,
        0.3200836820083682,
        0.3200836820083682,
        0.32217573221757323,
        0.32322175732217573,
        0.32322175732217573,
        0.3183403068340307,
        0.3228730822873082,
        0.32391910739191077,
        0.32112970711297073,
        0.3228730822873082,
        0.32112970711297073,
        0.32566248256624825,
        0.3294979079497908,
        0.32566248256624825,
        0.3228730822873082,
        0.32670850767085075,
        0.32601115760111576,
        0.3228730822873082,
        0.32670850767085075,
        0.32601115760111576,
        0.3263598326359833,
        0.3284518828451883,
        0.32705718270571826,
        0.3298465829846583,
        0.32705718270571826
    ],
    "svm_train": [
        1.0,
        0.9999128312412832,
        0.9997384937238494,
        0.9996513249651325,
        0.9996513249651325,
        0.9999128312412832,
        0.9999128312412832,
        1.0,
        1.0,
        1.0,
        1.0,
        1.0,
        1.0,
        1.0,
        1.0,
        1.0,
        1.0,
        1.0,
        1.0,
        1.0,
        1.0,
        1.0,
        1.0,
        1.0,
        1.0,
        1.0,
        1.0,
        1.0,
        1.0,
        1.0,
        1.0,
        1.0,
        1.0,
        1.0,
        1.0,
        1.0,
        1.0,
        1.0,
        1.0,
        1.0,
        1.0,
        1.0,
        1.0,
        1.0,
        1.0,
        1.0,
        1.0,
        1.0,
        1.0,
        1.0
    ],
    "val_loss": [
        0.0006144392381083204,
        0.0005366390788891305,
        0.0004972623341058925,
        0.0004495029430901385,
        0.00041802639598410054,
        0.00038850889662982093,
        0.00036717554986395067,
        0.00035014540235339203,
        0.00033487880295123045,
        0.00032196367001829923,
        0.0002786961825424221,
        0.00026947322811066295,
        0.00026415432506205833,
        0.00025497070043864093,
        0.00025176070218550556,
        0.0002443096847266915,
        0.00024138634505755082,
        0.00023731889557632432,
        0.00023424640277431788,
        0.00022844482051137825,
        0.0002322784631528971,
        0.00022605768534954965,
        0.00022224405782220617,
        0.0002171896749424178,
        0.00021785384408072302,
        0.00021652516696976843,
        0.00021252719519174082,
        0.00021241905004603753,
        0.0002098330618463576,
        0.00020622399227591062,
        0.0002076069332352051,
        0.00020430602817315572,
        0.00020690209131117655,
        0.00020259196828707217,
        0.000201027957806,
        0.00020150702404565562,
        0.00019888348252813863,
        0.00020114415277895157,
        0.00019582488075709891,
        0.00019793163107758755,
        0.00020025499978747655,
        0.00019786302693580463,
        0.00019211805653462843,
        0.00019430197675753322,
        0.00019719254628481082,
        0.0001940675478995579,
        0.00019336407521536322,
        0.0001905525311119101,
        0.00019299407133857254,
        0.00019165824048985523
    ]
}