{
    "best_loss": [
        0.0001627398408268094,
        49
    ],
    "loss": [
        0.0006673884985746356,
        0.000547568387085003,
        0.000480333927092032,
        0.0004280728905466924,
        0.0003879091679995342,
        0.0003545077069015651,
        0.0003297641170971002,
        0.0003134577322882474,
        0.00029654120434578275,
        0.0002830299342439524,
        0.0002715181829011642,
        0.0002613284707025883,
        0.0002544470370844243,
        0.0002476783330538317,
        0.00024227993952898201,
        0.0002367725506166095,
        0.00023047649358416098,
        0.00022609574179427447,
        0.00022114833306736796,
        0.00021874738211020688,
        0.00021586017048303325,
        0.00021143770959592624,
        0.00020781375345679175,
        0.0002048023427350153,
        0.0002031650638681573,
        0.00020049804488113837,
        0.00019729678423112748,
        0.00019577792533926634,
        0.0001941292656366707,
        0.0001917450482657665,
        0.00018870554461499164,
        0.0001859085827280353,
        0.0001848566909802875,
        0.00018369382269410326,
        0.00018192985659868508,
        0.00017954895954051106,
        0.000177281675941468,
        0.00017902801566931965,
        0.00017601419363227365,
        0.00017365563674742222,
        0.0001721798976158497,
        0.00017207212970368668,
        0.0001707361459076428,
        0.00016977092556995073,
        0.00016866529027079302,
        0.0001671037635195421,
        0.00016543148254739924,
        0.00016530848900895342,
        0.00016381905374465955,
        0.0001627398408268094
    ],
    "svm_test": [
        0.12308228730822873,
        0.14191073919107391,
        0.18026499302649931,
        0.20502092050209206,
        0.21338912133891214,
        0.2304741980474198,
        0.23744769874476987,
        0.2409344490934449,
        0.24860529986052998,
        0.25383542538354253,
        0.2625523012552301,
        0.2608089260808926,
        0.2730125523012552,
        0.2764993026499303,
        0.28451882845188287,
        0.2789400278940028,
        0.2820781032078103,
        0.28451882845188287,
        0.28870292887029286,
        0.2824267782426778,
        0.2897489539748954,
        0.2897489539748954,
        0.2918410041841004,
        0.2900976290097629,
        0.2883542538354254,
        0.29358437935843795,
        0.29567642956764295,
        0.298465829846583,
        0.298465829846583,
        0.301952580195258,
        0.301952580195258,
        0.30404463040446306,
        0.30509065550906556,
        0.2988145048814505,
        0.30613668061366806,
        0.3075313807531381,
        0.30857740585774057,
        0.31206415620641564,
        0.30613668061366806,
        0.3078800557880056,
        0.3078800557880056,
        0.3092747559274756,
        0.303347280334728,
        0.30962343096234307,
        0.3078800557880056,
        0.3064853556485356,
        0.3110181311018131,
        0.31311018131101814,
        0.30857740585774057,
        0.30962343096234307
    ],
    "svm_train": [
        0.9999128312412832,
        0.999302649930265,
        0.9992154811715481,
        0.9990411436541143,
        0.9994769874476988,
        0.9998256624825662,
        0.9999128312412832,
        1.0,
        1.0,
        1.0,
        1.0,
        1.0,
        1.0,
        1.0,
        1.0,
        1.0,
        1.0,
        1.0,
        1.0,
        1.0,
        1.0,
        1.0,
        1.0,
        1.0,
        1.0,
        1.0,
        1.0,
        1.0,
        1.0,
        1.0,
        1.0,
        1.0,
        1.0,
        1.0,
        1.0,
        1.0,
        1.0,
        1.0,
        1.0,
        1.0,
        1.0,
        1.0,
        1.0,
        1.0,
        1.0,
        1.0,
        1.0,
        1.0,
        1.0,
        1.0
    ],
    "val_loss": [
        0.0005982529291281713,
        0.000504518882468904,
        0.00045515232674993127,
        0.00042161014899702397,
        0.0003697353954565928,
        0.000343915500012103,
        0.000324704248084384,
        0.00031742050785427156,
        0.00029428313219026145,
        0.0002868993122895694,
        0.00027477717093799935,
        0.00026393877490906814,
        0.00025625917886811173,
        0.00025134037392969907,
        0.00024618546579035084,
        0.0002435207957909423,
        0.00023752245332752167,
        0.00023288114346769044,
        0.00022785523131871636,
        0.00022775780255247083,
        0.00022533545433332547,
        0.0002214647486334734,
        0.00021428070799902216,
        0.00021355217090931902,
        0.00021256400764052143,
        0.00021052793244086986,
        0.00021043799052338378,
        0.00020639970835712004,
        0.00020200559778728053,
        0.00020116283431258883,
        0.00019890530666659848,
        0.00019958752610608988,
        0.00019851768726006935,
        0.00019801054810283567,
        0.0001955641883508545,
        0.00019349022473340446,
        0.000192889923240692,
        0.0001909594671203881,
        0.00019057486966158805,
        0.0001895930753622043,
        0.00018962156874286154,
        0.00019178380235000884,
        0.0001861182915352381,
        0.00018650212695671447,
        0.00018447048629593817,
        0.0001837302406784147,
        0.0001846077616157327,
        0.00018350373120813512,
        0.00018292103022644803,
        0.0001822122037566606
    ]
}