{
    "best_loss": [
        0.00016329261385660354,
        49
    ],
    "loss": [
        0.0006825589253229441,
        0.0005602991467243063,
        0.0004973733091627532,
        0.00045032671422501466,
        0.0003919873039648612,
        0.00035339697666636396,
        0.00032839345365160013,
        0.0003108105101366755,
        0.0002932665879579035,
        0.0002798437036725211,
        0.0002710121410435801,
        0.00025964937362958894,
        0.00025185736727048716,
        0.00024624179499587525,
        0.00024092526847595345,
        0.00023177390201864804,
        0.00022841838406524888,
        0.00022183420802102875,
        0.00021772393336954085,
        0.0002151711471403158,
        0.00021041935384293013,
        0.00020852474735012587,
        0.00020427064294861876,
        0.00020156018409976732,
        0.00019910500318784854,
        0.00019715281549712572,
        0.00019439847422149967,
        0.00019378220852684603,
        0.00019092518981007764,
        0.00018903922646487005,
        0.00018770915186266458,
        0.00018587209851931744,
        0.00018373354104061115,
        0.00018309753793590498,
        0.00018087756906725686,
        0.00018153496141720178,
        0.0001791784085157669,
        0.00017593297306116998,
        0.00017545532688142593,
        0.00017603300089689394,
        0.00017337483708516823,
        0.00017225203310357694,
        0.00017159617818275668,
        0.00016896425423438362,
        0.00017004454017839572,
        0.00016712723265358505,
        0.0001677909506825182,
        0.00016611506883184863,
        0.00016748929169205,
        0.00016329261385660354
    ],
    "svm_test": [
        0.12622036262203626,
        0.16492329149232915,
        0.1910739191073919,
        0.2099023709902371,
        0.21269177126917713,
        0.22768479776847977,
        0.2384937238493724,
        0.24686192468619247,
        0.2569735006973501,
        0.25557880055788007,
        0.2618549511854951,
        0.2702231520223152,
        0.27510460251046026,
        0.2789400278940028,
        0.2792887029288703,
        0.28312412831241285,
        0.2834728033472803,
        0.2907949790794979,
        0.2883542538354254,
        0.2914923291492329,
        0.29323570432357043,
        0.28870292887029286,
        0.2928870292887029,
        0.2928870292887029,
        0.2890516039051604,
        0.29253835425383545,
        0.29707112970711297,
        0.301255230125523,
        0.2974198047419805,
        0.29707112970711297,
        0.300557880055788,
        0.303347280334728,
        0.30509065550906556,
        0.30264993026499304,
        0.30474198047419804,
        0.30404463040446306,
        0.2988145048814505,
        0.29811715481171547,
        0.30613668061366806,
        0.3068340306834031,
        0.3064853556485356,
        0.3075313807531381,
        0.3082287308228731,
        0.31311018131101814,
        0.3127615062761506,
        0.3089260808926081,
        0.30857740585774057,
        0.30718270571827055,
        0.3172942817294282,
        0.31345885634588566
    ],
    "svm_train": [
        0.9998256624825662,
        0.9977336122733612,
        0.9961645746164575,
        0.9963389121338913,
        0.99721059972106,
        0.9975592747559274,
        0.9996513249651325,
        0.9996513249651325,
        0.9995641562064156,
        0.9998256624825662,
        1.0,
        1.0,
        1.0,
        1.0,
        1.0,
        1.0,
        1.0,
        1.0,
        1.0,
        1.0,
        1.0,
        1.0,
        1.0,
        1.0,
        1.0,
        1.0,
        1.0,
        1.0,
        1.0,
        1.0,
        1.0,
        1.0,
        1.0,
        1.0,
        1.0,
        1.0,
        1.0,
        1.0,
        1.0,
        1.0,
        1.0,
        1.0,
        1.0,
        1.0,
        1.0,
        1.0,
        1.0,
        1.0,
        1.0,
        1.0
    ],
    "val_loss": [
        0.0006203185252239993,
        0.0005231209295266665,
        0.0004726343694765827,
        0.00042812497641779535,
        0.0003642223126659588,
        0.0003396935381123217,
        0.00031941371875382555,
        0.00030916665370265645,
        0.0002891625378932284,
        0.00027511039173368213,
        0.000267572516003608,
        0.0002604260099136025,
        0.00025186625087985737,
        0.0002606920125917629,
        0.0002412768081845352,
        0.00023581611890507526,
        0.0002313058562265031,
        0.00022933797850653484,
        0.000223079827569316,
        0.00022113987546176436,
        0.000217459480805229,
        0.00021440134439104324,
        0.00021105838723683981,
        0.00021406114186245346,
        0.0002080628381026623,
        0.00020584647614032165,
        0.00020483160649447063,
        0.00020599619432182326,
        0.00020210793673910326,
        0.00020150804458750408,
        0.00019808673462457045,
        0.00019866285280284253,
        0.00019850539562056644,
        0.0001970658278619777,
        0.00019834702970467202,
        0.00019735980616081012,
        0.00019218711661612628,
        0.00019366615247699034,
        0.0001920722344410612,
        0.00019109916047328198,
        0.00018932509254790828,
        0.00019264529363221047,
        0.00018776989774697302,
        0.00018729343157127822,
        0.00018780013703272874,
        0.00018791417428341045,
        0.0001868215597619795,
        0.0001891656116955242,
        0.00018569537715851933,
        0.00018428538207807728
    ]
}