{
    "best_loss": [
        0.0001700409217239156,
        48
    ],
    "loss": [
        0.0006638057585130219,
        0.0005387083989843425,
        0.0004790003672147993,
        0.00043919343087949495,
        0.00039250764806171676,
        0.00036317170128379554,
        0.00034279267240648197,
        0.00032071151448844967,
        0.0003045450389366389,
        0.00029495085832809657,
        0.0002827835738099722,
        0.0002723290030344427,
        0.000264476811212281,
        0.00025550033716125104,
        0.0002511241297498008,
        0.00024141243666185084,
        0.00023572413649246347,
        0.00023402750288003814,
        0.00022579314784832672,
        0.00022425769827123394,
        0.00021957250659349485,
        0.00021622452718164184,
        0.00021225234486793937,
        0.00020894497242331442,
        0.00020658595560052312,
        0.00020396462895756789,
        0.00020306369601820324,
        0.0001988945004590001,
        0.0001975481911556538,
        0.00019500715617639904,
        0.00019356469372323114,
        0.00019117682487697365,
        0.0001902358761596957,
        0.00018911809281210937,
        0.0001863681317847404,
        0.0001857637795827493,
        0.0001838250317933256,
        0.00018292408032411634,
        0.00018077476327700445,
        0.00018033379261190983,
        0.00017885754996783398,
        0.00017875039069916576,
        0.00017708623884901705,
        0.00017651971186445623,
        0.00017516841825615417,
        0.0001737983271453953,
        0.00017240715097922396,
        0.00017224884787808215,
        0.0001700409217239156,
        0.00017011334481999808
    ],
    "svm_test": [
        0.11297071129707113,
        0.14574616457461645,
        0.18898186889818688,
        0.1990934449093445,
        0.21896792189679218,
        0.2175732217573222,
        0.2315202231520223,
        0.24163179916317992,
        0.2489539748953975,
        0.2660390516039052,
        0.2639470013947001,
        0.2785913528591353,
        0.27266387726638774,
        0.27719665271966526,
        0.2869595536959554,
        0.2900976290097629,
        0.297768479776848,
        0.29532775453277543,
        0.296373779637378,
        0.2988145048814505,
        0.2988145048814505,
        0.30578800557880054,
        0.30264993026499304,
        0.30509065550906556,
        0.30509065550906556,
        0.3089260808926081,
        0.3054393305439331,
        0.3110181311018131,
        0.3110181311018131,
        0.31345885634588566,
        0.30962343096234307,
        0.31624825662482564,
        0.3113668061366806,
        0.31450488145048816,
        0.30857740585774057,
        0.3110181311018131,
        0.3138075313807531,
        0.3117154811715481,
        0.31764295676429566,
        0.31415620641562064,
        0.3193863319386332,
        0.3106694560669456,
        0.3148535564853556,
        0.31415620641562064,
        0.3124128312412831,
        0.31311018131101814,
        0.31624825662482564,
        0.3190376569037657,
        0.3183403068340307,
        0.3158995815899582
    ],
    "svm_train": [
        0.9999128312412832,
        0.9959902370990237,
        0.9979951185495118,
        0.995118549511855,
        0.9974721059972106,
        0.9986924686192469,
        0.9984309623430963,
        0.9994769874476988,
        0.9996513249651325,
        0.9999128312412832,
        0.9999128312412832,
        0.9998256624825662,
        1.0,
        0.9999128312412832,
        1.0,
        1.0,
        1.0,
        1.0,
        1.0,
        1.0,
        1.0,
        1.0,
        1.0,
        1.0,
        1.0,
        1.0,
        1.0,
        1.0,
        1.0,
        1.0,
        1.0,
        1.0,
        1.0,
        1.0,
        1.0,
        1.0,
        1.0,
        1.0,
        1.0,
        1.0,
        1.0,
        1.0,
        1.0,
        1.0,
        1.0,
        1.0,
        1.0,
        1.0,
        1.0,
        1.0
    ],
    "val_loss": [
        0.0005917223458596592,
        0.0004990866131407717,
        0.0004526073918573953,
        0.0004079661407083211,
        0.0003730604442770397,
        0.0003479678966228381,
        0.0003351374285593057,
        0.000309655282620764,
        0.0002953248440107458,
        0.00028693219287986014,
        0.0002784653886392157,
        0.00026920518593185916,
        0.0002618346077057493,
        0.00025287245838146924,
        0.0002515777496824293,
        0.0002454661699177534,
        0.00023777282061207926,
        0.0002324383627026468,
        0.00023298606994081903,
        0.00022664280261891807,
        0.00022415141554742876,
        0.0002211696004580753,
        0.00021873672744954158,
        0.00021692829260896797,
        0.00021374317837441977,
        0.00020920847032515974,
        0.0002127807336775625,
        0.0002068681361928525,
        0.00020700519686682356,
        0.00020567399770803386,
        0.00020264578011273984,
        0.00020159895742419883,
        0.00020046628663521597,
        0.00020065410217728772,
        0.00020094048766425136,
        0.00019774367854049797,
        0.00019598048170762217,
        0.00019435292033373407,
        0.0001932304811242103,
        0.00019332299885246513,
        0.0001936825037964086,
        0.00019336656361316283,
        0.0001934355825555642,
        0.00019020220095771034,
        0.0001898979289547152,
        0.00018876544017629824,
        0.0001874316314146354,
        0.00019089050399077176,
        0.00018791070073921587,
        0.00018641348109327938
    ]
}