{
    "best_loss": [
        0.00015606416313116006,
        48
    ],
    "loss": [
        0.0007248802601380567,
        0.0005996476080641411,
        0.0005323929211119582,
        0.0004663961982377902,
        0.00040883927737886145,
        0.00036040400181678765,
        0.00033270541888322664,
        0.00031488695816101825,
        0.0002953677404995987,
        0.00027994237056929447,
        0.0002709337475422557,
        0.00025915562126017856,
        0.000252235658067237,
        0.00024313919342884785,
        0.00023847973830491367,
        0.00023283246095874184,
        0.00022506476437570357,
        0.00022060425834849768,
        0.00021762247169322126,
        0.0002122114316204425,
        0.00020852198634238855,
        0.00020525562945516933,
        0.0002014164726728524,
        0.00019887374248680356,
        0.000194800656299903,
        0.00019256384483755487,
        0.0001905120921107217,
        0.00018841699391669713,
        0.00018500457740647943,
        0.00018292171280666136,
        0.00018118853986278212,
        0.00017833264180585077,
        0.0001770477230143324,
        0.00017696942246666456,
        0.00017560842924577936,
        0.00017299410631582064,
        0.000172627019052812,
        0.00016947279551025543,
        0.0001673000582616914,
        0.0001659717694250607,
        0.00016495093387958166,
        0.0001651976747740959,
        0.00016406974590021722,
        0.00016185472050186174,
        0.0001629803879634637,
        0.0001605672286191794,
        0.0001587026917006732,
        0.00015845132573258334,
        0.00015606416313116006,
        0.00015648338077343076
    ],
    "svm_test": [
        0.1492329149232915,
        0.21687587168758718,
        0.2590655509065551,
        0.2799860529986053,
        0.3023012552301255,
        0.30578800557880054,
        0.3179916317991632,
        0.32810320781032076,
        0.3204323570432357,
        0.3319386331938633,
        0.3382147838214784,
        0.3423988842398884,
        0.3472803347280335,
        0.3563458856345886,
        0.3507670850767085,
        0.35495118549511856,
        0.36541143654114366,
        0.3608786610878661,
        0.36052998605299863,
        0.35808926080892606,
        0.3619246861924686,
        0.36506276150627615,
        0.36262203626220363,
        0.36750348675034866,
        0.36750348675034866,
        0.36436541143654116,
        0.3647140864714086,
        0.36366806136680613,
        0.3678521617852162,
        0.3723849372384937,
        0.36506276150627615,
        0.37099023709902373,
        0.3727336122733612,
        0.3727336122733612,
        0.37203626220362623,
        0.37482566248256627,
        0.3737796373779637,
        0.3804044630404463,
        0.37656903765690375,
        0.3762203626220363,
        0.37691771269177127,
        0.3800557880055788,
        0.37656903765690375,
        0.37656903765690375,
        0.37517433751743373,
        0.37343096234309625,
        0.3800557880055788,
        0.3831938633193863,
        0.38145048814504884,
        0.3842398884239888
    ],
    "svm_train": [
        0.9997384937238494,
        0.9994769874476988,
        0.997907949790795,
        0.9985181311018131,
        0.999302649930265,
        0.9999128312412832,
        1.0,
        1.0,
        1.0,
        1.0,
        1.0,
        1.0,
        1.0,
        1.0,
        1.0,
        1.0,
        1.0,
        1.0,
        1.0,
        1.0,
        1.0,
        1.0,
        1.0,
        1.0,
        1.0,
        1.0,
        1.0,
        1.0,
        1.0,
        1.0,
        1.0,
        1.0,
        1.0,
        1.0,
        1.0,
        1.0,
        1.0,
        1.0,
        1.0,
        1.0,
        1.0,
        1.0,
        1.0,
        1.0,
        1.0,
        1.0,
        1.0,
        1.0,
        1.0,
        1.0
    ],
    "val_loss": [
        0.000647940368013589,
        0.0005647752676263057,
        0.0004931042085559532,
        0.0004358515373140189,
        0.0003796360478833879,
        0.00034813364675285416,
        0.00032461074433702525,
        0.00030354933791782194,
        0.00028912752566046006,
        0.00027952400552312814,
        0.0002713290213576727,
        0.00026242685222717697,
        0.00024997375080215185,
        0.00024884470650469016,
        0.00024245034998595828,
        0.00024181936443033218,
        0.0002333270263479181,
        0.00023139827755085652,
        0.0002253419620837663,
        0.00022285892405693978,
        0.0002184982949882782,
        0.0002153457724976365,
        0.0002103103594498896,
        0.0002088504466525314,
        0.00020787543443864863,
        0.00020424930127616842,
        0.00020341849151993562,
        0.00019996084765718815,
        0.0002015590170645798,
        0.00019744885704240463,
        0.00019671245495710168,
        0.0001946308849094633,
        0.00019382474604816107,
        0.0001936858958945281,
        0.0001929223263982717,
        0.00019025471589720913,
        0.0001895126362106824,
        0.00018924923905598798,
        0.0001877217847719786,
        0.00018792939700742838,
        0.00018799003879581885,
        0.00018886806681765844,
        0.00018736180245621076,
        0.00018570539673057747,
        0.00018589198272714243,
        0.00018389469028935694,
        0.00018501823006611515,
        0.00018444203620570656,
        0.00018600182275491087,
        0.00018405915550758343
    ]
}