{
    "best_loss": [
        0.00014260707963277512,
        49
    ],
    "loss": [
        0.0007277101868824616,
        0.0005856980484419319,
        0.0005154055861072327,
        0.0004332074602433276,
        0.00038003669312123775,
        0.0003471189222202443,
        0.0003198252775221855,
        0.00030214825492141825,
        0.00028470740625160683,
        0.000275511929367226,
        0.0002583883500367668,
        0.00024918648816977667,
        0.0002418147686635426,
        0.000233038698109237,
        0.00022678625633283498,
        0.00022103136895364734,
        0.0002133395053234245,
        0.00021021369436490797,
        0.00020383686157910485,
        0.00019939348226311816,
        0.00019583802267901258,
        0.0001927425758645258,
        0.00019102746292310954,
        0.00018530876970881754,
        0.0001831035087470581,
        0.00018068618168960216,
        0.00017879950958291118,
        0.00017429382203054593,
        0.00017349483644020858,
        0.0001694770833731316,
        0.000169343029425221,
        0.00016585642909806487,
        0.00016460838603687757,
        0.00016426241847379927,
        0.00016189183289869695,
        0.00015970129218352555,
        0.00015799511022131235,
        0.00015592302731205833,
        0.00015528586167777854,
        0.00015438638066235185,
        0.00015288622230077046,
        0.00015190427320716432,
        0.00014915516583126874,
        0.00014777607871433837,
        0.00014880079533882059,
        0.00014732258743525324,
        0.00014514072039219808,
        0.00014532335175865692,
        0.0001442152300506643,
        0.00014260707963277512
    ],
    "svm_test": [
        0.14574616457461645,
        0.2088563458856346,
        0.2409344490934449,
        0.26534170153417014,
        0.2799860529986053,
        0.2880055788005579,
        0.29916317991631797,
        0.30160390516039054,
        0.32112970711297073,
        0.33403068340306835,
        0.33716875871687585,
        0.34205020920502094,
        0.3406555090655509,
        0.34553695955369595,
        0.3500697350069735,
        0.3591352859135286,
        0.3619246861924686,
        0.35495118549511856,
        0.3573919107391911,
        0.3622733612273361,
        0.3612273361227336,
        0.36541143654114366,
        0.3633193863319386,
        0.3692468619246862,
        0.37343096234309625,
        0.3716875871687587,
        0.37447698744769875,
        0.37308228730822873,
        0.37447698744769875,
        0.3783124128312413,
        0.3762203626220363,
        0.38145048814504884,
        0.38249651324965134,
        0.37900976290097627,
        0.3783124128312413,
        0.3842398884239888,
        0.3772663877266388,
        0.38389121338912136,
        0.38249651324965134,
        0.38702928870292885,
        0.38284518828451886,
        0.38249651324965134,
        0.37900976290097627,
        0.38145048814504884,
        0.38493723849372385,
        0.3807531380753138,
        0.38842398884239887,
        0.3804044630404463,
        0.38389121338912136,
        0.3811018131101813
    ],
    "svm_train": [
        1.0,
        0.9990411436541143,
        0.9990411436541143,
        0.9982566248256625,
        0.9997384937238494,
        1.0,
        1.0,
        1.0,
        1.0,
        1.0,
        1.0,
        1.0,
        1.0,
        1.0,
        1.0,
        1.0,
        1.0,
        1.0,
        1.0,
        1.0,
        1.0,
        1.0,
        1.0,
        1.0,
        1.0,
        1.0,
        1.0,
        1.0,
        1.0,
        1.0,
        1.0,
        1.0,
        1.0,
        1.0,
        1.0,
        1.0,
        1.0,
        1.0,
        1.0,
        1.0,
        1.0,
        1.0,
        1.0,
        1.0,
        1.0,
        1.0,
        1.0,
        1.0,
        1.0,
        1.0
    ],
    "val_loss": [
        0.0006212409921971148,
        0.0005568448911035223,
        0.0004660304015693274,
        0.0004169232911960257,
        0.0003605483067670065,
        0.00033613734837521433,
        0.00031612930553763936,
        0.00029418600527985304,
        0.00028179744515058845,
        0.00027449809142578044,
        0.0002618592610856131,
        0.00025299516723412016,
        0.0002437335924861428,
        0.00023885750147803703,
        0.0002338317836996238,
        0.00022551283463001162,
        0.00022010193461687998,
        0.0002173007647706601,
        0.000212114204247021,
        0.00021202980135268736,
        0.00020489125607361187,
        0.00020762095602493567,
        0.0002007791447349937,
        0.00019840969920198652,
        0.00019432373278409975,
        0.00020208243145318402,
        0.00019018327001195837,
        0.00019595825161740723,
        0.00018805984825021204,
        0.00018636639610860326,
        0.00018457294941598594,
        0.00018157086647187088,
        0.00018215261143128902,
        0.00018576975587370314,
        0.0001787508129888452,
        0.00017965997297627231,
        0.0001793328724888243,
        0.00017560353215083718,
        0.00017645558112754255,
        0.00017440605206324783,
        0.00017783650610874558,
        0.00017437881398316073,
        0.00017192584370403203,
        0.0001738963138365357,
        0.00017221682114222035,
        0.00017179948506055911,
        0.0001700871216192987,
        0.00017144546046530935,
        0.00017025704287214016,
        0.0001709826876012533
    ]
}