{
    "best_loss": [
        0.00015304001483587598,
        49
    ],
    "loss": [
        0.0007238028330060769,
        0.0005983345581067926,
        0.0005102666386992851,
        0.00043733838702567605,
        0.00038886381581268496,
        0.0003572533582483329,
        0.0003331988652362105,
        0.00031161500288613887,
        0.0002951139115843392,
        0.00028357189201432925,
        0.0002732865676440356,
        0.00026067684223028513,
        0.0002539618613946575,
        0.0002468254909875986,
        0.00023559966472703626,
        0.00022934766924995902,
        0.0002239189966194685,
        0.0002192706974564871,
        0.00021832610791902392,
        0.00021014983806453224,
        0.00020549448682423915,
        0.00020293026441328923,
        0.00020118219710722816,
        0.00019529222967729851,
        0.00019371849470128886,
        0.00019110718282034446,
        0.00018881196944829534,
        0.00018617494593649151,
        0.00018422386739802427,
        0.00018115718444309886,
        0.0001789049964164016,
        0.00017619870672170643,
        0.00017613517088819466,
        0.0001738822987794128,
        0.0001732075871134013,
        0.00017135786256302184,
        0.00017052645256565533,
        0.0001688667860947552,
        0.00016668373703839051,
        0.0001664314438474288,
        0.0001644637420899501,
        0.00016218979487057927,
        0.0001614611550447605,
        0.00016051202187979675,
        0.0001591553834362431,
        0.00015873076534889135,
        0.00015891552892610342,
        0.00015723438453867075,
        0.0001548486391151898,
        0.00015304001483587598
    ],
    "svm_test": [
        0.1600418410041841,
        0.20292887029288703,
        0.22629009762900976,
        0.2702231520223152,
        0.28172942817294283,
        0.29323570432357043,
        0.29463040446304045,
        0.3043933054393305,
        0.3124128312412831,
        0.31450488145048816,
        0.3099721059972106,
        0.32252440725244075,
        0.3294979079497908,
        0.3308926080892608,
        0.33437935843793587,
        0.34344490934449096,
        0.344839609483961,
        0.35251046025104604,
        0.3587866108786611,
        0.3619246861924686,
        0.36506276150627615,
        0.3552998605299861,
        0.36262203626220363,
        0.36610878661087864,
        0.3598326359832636,
        0.36541143654114366,
        0.3706415620641562,
        0.3678521617852162,
        0.3713389121338912,
        0.37099023709902373,
        0.36854951185495116,
        0.3727336122733612,
        0.3682008368200837,
        0.37099023709902373,
        0.36610878661087864,
        0.3716875871687587,
        0.36715481171548114,
        0.3727336122733612,
        0.3699442119944212,
        0.3678521617852162,
        0.3727336122733612,
        0.37203626220362623,
        0.3723849372384937,
        0.3713389121338912,
        0.3702928870292887,
        0.37412831241283123,
        0.3702928870292887,
        0.37343096234309625,
        0.37517433751743373,
        0.37691771269177127
    ],
    "svm_train": [
        1.0,
        0.9989539748953975,
        0.9975592747559274,
        0.9961645746164575,
        0.9986924686192469,
        0.9997384937238494,
        0.9999128312412832,
        1.0,
        1.0,
        1.0,
        1.0,
        1.0,
        1.0,
        1.0,
        1.0,
        1.0,
        1.0,
        1.0,
        1.0,
        1.0,
        1.0,
        1.0,
        1.0,
        1.0,
        1.0,
        1.0,
        1.0,
        1.0,
        1.0,
        1.0,
        1.0,
        1.0,
        1.0,
        1.0,
        1.0,
        1.0,
        1.0,
        1.0,
        1.0,
        1.0,
        1.0,
        1.0,
        1.0,
        1.0,
        1.0,
        1.0,
        1.0,
        1.0,
        1.0,
        1.0
    ],
    "val_loss": [
        0.0006601539876564007,
        0.0005562885573804066,
        0.0004641597536379521,
        0.00040927280856502946,
        0.0003771307918624991,
        0.0003440951189900407,
        0.0003273295459998031,
        0.0003045138824540171,
        0.0002917581297277968,
        0.00027943264324129706,
        0.0002691877170578243,
        0.00026279816327998454,
        0.00025627988472131486,
        0.0002495321177103332,
        0.00024093152673309733,
        0.0002380695760942089,
        0.00023282166481774035,
        0.00022711681079955946,
        0.00022513123332328623,
        0.00021891783772480012,
        0.0002157101324029433,
        0.00021967730678766032,
        0.0002102780005975134,
        0.0002075008135050278,
        0.0002077668236519536,
        0.00020408383842977868,
        0.0002034606595403181,
        0.00019904854254828924,
        0.0002009974775104907,
        0.00019756487388124187,
        0.00019439338241097214,
        0.00019367962785492518,
        0.000193579386875249,
        0.0001907030410840237,
        0.0001889770188132779,
        0.00018888958197654026,
        0.0001894151590801217,
        0.00018671474172253126,
        0.00018726755051309894,
        0.0001868772308840293,
        0.0001852691012487917,
        0.00018754139036164882,
        0.00018458717735321878,
        0.0001830832011130024,
        0.00018423734726127745,
        0.00018277931121448145,
        0.00018444111973948054,
        0.0001808707277390215,
        0.00018085198828186113,
        0.0001809440415462666
    ]
}