{
    "best_loss": [
        0.00014777932371025205,
        49
    ],
    "loss": [
        0.0007139408096834768,
        0.0005624686751639369,
        0.0004916666940989875,
        0.0004327944486783207,
        0.000386719072146362,
        0.00035134117162690303,
        0.00032638553411451737,
        0.0003072813084992649,
        0.0002907345228035502,
        0.00027734439834988726,
        0.000265649517262913,
        0.000256600077108141,
        0.00024668118950792016,
        0.0002431842938732522,
        0.0002339222405154214,
        0.00022488952274375817,
        0.00021978332432970207,
        0.000213584756016578,
        0.00021054141376540325,
        0.00020527999224323088,
        0.00020480822036926072,
        0.00019823150738740582,
        0.00019648753546114693,
        0.00019212241725855854,
        0.00018963115640514564,
        0.00018709022357343532,
        0.0001837182107298392,
        0.00018002841105074798,
        0.00017930783564468387,
        0.0001762003475567001,
        0.0001733824146550728,
        0.00017068587011619338,
        0.00016985107967035774,
        0.00016970082187055477,
        0.00016580226212042427,
        0.00016374203770287007,
        0.00016319123815226847,
        0.00016191626639648325,
        0.0001607729172213276,
        0.00015993340941801318,
        0.00015748752377027156,
        0.0001565690995911669,
        0.00015540769081945937,
        0.00015595527762378927,
        0.00015217751545300304,
        0.00015436075059934085,
        0.00014893208462579338,
        0.0001489582889719192,
        0.00014900256263616923,
        0.00014777932371025205
    ],
    "svm_test": [
        0.1589958158995816,
        0.20118549511854952,
        0.25453277545327757,
        0.2914923291492329,
        0.2897489539748954,
        0.29567642956764295,
        0.30613668061366806,
        0.3218270571827057,
        0.32322175732217573,
        0.32810320781032076,
        0.3277545327754533,
        0.3406555090655509,
        0.34205020920502094,
        0.3437935843793584,
        0.3507670850767085,
        0.3584379358437936,
        0.36052998605299863,
        0.36436541143654116,
        0.3633193863319386,
        0.36297071129707115,
        0.36366806136680613,
        0.3727336122733612,
        0.3678521617852162,
        0.3762203626220363,
        0.3682008368200837,
        0.36715481171548114,
        0.3702928870292887,
        0.3699442119944212,
        0.3723849372384937,
        0.3702928870292887,
        0.36506276150627615,
        0.3699442119944212,
        0.3633193863319386,
        0.3688981868898187,
        0.36750348675034866,
        0.3668061366806137,
        0.3713389121338912,
        0.3692468619246862,
        0.3678521617852162,
        0.36715481171548114,
        0.3737796373779637,
        0.3723849372384937,
        0.37308228730822873,
        0.37482566248256627,
        0.37203626220362623,
        0.3727336122733612,
        0.3713389121338912,
        0.3713389121338912,
        0.3783124128312413,
        0.37552301255230125
    ],
    "svm_train": [
        0.9987796373779637,
        0.9991283124128313,
        0.9990411436541143,
        0.9990411436541143,
        0.9995641562064156,
        1.0,
        1.0,
        1.0,
        1.0,
        1.0,
        1.0,
        1.0,
        1.0,
        1.0,
        1.0,
        1.0,
        1.0,
        1.0,
        1.0,
        1.0,
        1.0,
        1.0,
        1.0,
        1.0,
        1.0,
        1.0,
        1.0,
        1.0,
        1.0,
        1.0,
        1.0,
        1.0,
        1.0,
        1.0,
        1.0,
        1.0,
        1.0,
        1.0,
        1.0,
        1.0,
        1.0,
        1.0,
        1.0,
        1.0,
        1.0,
        1.0,
        1.0,
        1.0,
        1.0,
        1.0
    ],
    "val_loss": [
        0.0006146192489934869,
        0.0005242961276688897,
        0.0004564307620239053,
        0.0004019756563806015,
        0.00036319104672573256,
        0.00033833795126282055,
        0.0003219534509611995,
        0.0003012332797288827,
        0.0002938195799361795,
        0.0002772105203644662,
        0.00026453271662625464,
        0.00025698912798068546,
        0.0002476070721625939,
        0.0002604361111346913,
        0.00023354854213669402,
        0.00023045856493455065,
        0.0002243253057590404,
        0.00021917360381049856,
        0.00021701138871290033,
        0.00021303498806890406,
        0.00021112306985057204,
        0.00020875364499873866,
        0.00021082904884988518,
        0.0002051062701397278,
        0.00020301727749906723,
        0.00019740374344647855,
        0.0001927778904199291,
        0.00019631738009904168,
        0.00019169149390955013,
        0.00019257126576634128,
        0.00018892477749849474,
        0.00018746420880958226,
        0.0001858865329435594,
        0.00018297485183457477,
        0.00018324984087851652,
        0.00018358715179745197,
        0.00018189906896753794,
        0.00018115617378518722,
        0.00017861731580898264,
        0.00017735462554492124,
        0.00018301708524724576,
        0.00017594768064332973,
        0.00018071676277285352,
        0.00017566767662784377,
        0.00017511858435989341,
        0.00017465839341556915,
        0.00017337064617417358,
        0.00017704309913819472,
        0.0001760951722803236,
        0.000172254986513206
    ]
}