{
    "best_loss": [
        0.00014519216378711065,
        47
    ],
    "loss": [
        0.0007048426122103287,
        0.0005694353805901678,
        0.0005009151583831664,
        0.00043468133346216605,
        0.00039050106592073704,
        0.00035906961554501627,
        0.0003323377394364209,
        0.00031207857247262755,
        0.00029294765267795216,
        0.0002764548422886264,
        0.0002675111019692281,
        0.00025677056503326293,
        0.00024796422251735295,
        0.00024006191184929336,
        0.00023455988390714118,
        0.00022733746528543657,
        0.00021955567386343613,
        0.0002167870939345225,
        0.00021147560690317922,
        0.00020633640446124737,
        0.00020387771874997437,
        0.00019889577144803673,
        0.00019560972462207563,
        0.00019288234987196797,
        0.00019113054998950302,
        0.0001870908617063762,
        0.00018424684574487886,
        0.00018147527658467596,
        0.00017707413151347816,
        0.00017500714585396126,
        0.00017299946428229839,
        0.00017255385713752444,
        0.00017007002841604605,
        0.0001687077298457442,
        0.00016501389102584253,
        0.0001630013016228872,
        0.0001607274692560802,
        0.00015969914288391232,
        0.00015708062622187636,
        0.0001571753594944464,
        0.00015470925088571788,
        0.0001529292802001977,
        0.00015211303908273322,
        0.00015009735263848346,
        0.00014892657980065653,
        0.00014781013151518403,
        0.0001470525033406347,
        0.00014519216378711065,
        0.00014703796378540127,
        0.00014531005254616724
    ],
    "svm_test": [
        0.15620641562064155,
        0.20397489539748953,
        0.2377963737796374,
        0.25523012552301255,
        0.2778940027894003,
        0.28870292887029286,
        0.298465829846583,
        0.297768479776848,
        0.31659693165969316,
        0.3214783821478382,
        0.32357043235704325,
        0.3319386331938633,
        0.3294979079497908,
        0.3322873082287308,
        0.3389121338912134,
        0.3437935843793584,
        0.34762900976290095,
        0.34414225941422594,
        0.3521617852161785,
        0.35251046025104604,
        0.3573919107391911,
        0.3587866108786611,
        0.3594839609483961,
        0.3622733612273361,
        0.3587866108786611,
        0.3608786610878661,
        0.36645746164574616,
        0.3584379358437936,
        0.3688981868898187,
        0.36401673640167365,
        0.36715481171548114,
        0.36854951185495116,
        0.3678521617852162,
        0.36645746164574616,
        0.3682008368200837,
        0.3716875871687587,
        0.36645746164574616,
        0.3692468619246862,
        0.37587168758716877,
        0.3713389121338912,
        0.3688981868898187,
        0.36750348675034866,
        0.37203626220362623,
        0.37308228730822873,
        0.3737796373779637,
        0.37099023709902373,
        0.3716875871687587,
        0.3688981868898187,
        0.3702928870292887,
        0.3737796373779637
    ],
    "svm_train": [
        0.9989539748953975,
        0.9993898186889819,
        0.9986924686192469,
        0.9994769874476988,
        0.9999128312412832,
        1.0,
        1.0,
        1.0,
        1.0,
        1.0,
        1.0,
        1.0,
        1.0,
        1.0,
        1.0,
        1.0,
        1.0,
        1.0,
        1.0,
        1.0,
        1.0,
        1.0,
        1.0,
        1.0,
        1.0,
        1.0,
        1.0,
        1.0,
        1.0,
        1.0,
        1.0,
        1.0,
        1.0,
        1.0,
        1.0,
        1.0,
        1.0,
        1.0,
        1.0,
        1.0,
        1.0,
        1.0,
        1.0,
        1.0,
        1.0,
        1.0,
        1.0,
        1.0,
        1.0,
        1.0
    ],
    "val_loss": [
        0.0006131806741747876,
        0.0005350106516255474,
        0.00046596770132424224,
        0.0004116947925194963,
        0.00038441339383652563,
        0.00034819049493609727,
        0.00032372567152397935,
        0.00030829252169735084,
        0.00028878214985497214,
        0.0002767108985196248,
        0.0002685982122337978,
        0.0002623649761441191,
        0.000250149714225329,
        0.00024507459159875535,
        0.00023793461223553758,
        0.0002381350857113466,
        0.00022756642455136407,
        0.00022321004236884666,
        0.00021913775391915665,
        0.00021942036684746677,
        0.00021211258543270799,
        0.00021157921986807672,
        0.00020837159556608823,
        0.00020243824995252741,
        0.00020567937124120475,
        0.00019885123258172775,
        0.0001977724061318968,
        0.00019417283350258878,
        0.00019246789318203505,
        0.0001911892697276454,
        0.00018911429393011686,
        0.000192952095618604,
        0.00018687103180873313,
        0.00018547189316739596,
        0.00018258172242754142,
        0.0001807002964588025,
        0.00017917952130092738,
        0.00017841863274643122,
        0.0001802433863117566,
        0.00017590112849823856,
        0.00017715254906503901,
        0.0001773624116110952,
        0.00017586594541746126,
        0.0001748711867822981,
        0.00017193734820060576,
        0.0001706015256527718,
        0.00016943910924719082,
        0.00017297568462621498,
        0.00017147700497870835,
        0.00016981011089421368
    ]
}